avg_score,class_label,Math,Physics,Chemistry,Programming,Statistics,Machine_Learning,Database,Communication,Ethics,Final_Project,Civil Engineering,Computer Science,Mechanical Engineering,Public Health
56.43,2,63.7,51.2,57.8,51.4,64.4,66.7,50.3,51.6,64.7,52.8,False,False,False,True
69.67,3,73.9,63.1,73.8,77.1,65.0,69.8,65.3,62.4,69.9,76.3,False,True,False,False
88.43,0,92.9,92.5,71.7,64.3,98.7,87.9,64.5,79.5,92.9,90.0,False,False,False,False
64.39,3,69.4,72.4,63.5,61.9,64.4,64.8,69.3,73.4,63.7,60.7,False,False,True,False
69.48,3,70.6,60.4,75.6,71.3,69.1,63.4,64.5,70.0,64.7,71.1,True,False,False,False
60.81,2,53.5,51.6,68.1,68.8,67.9,56.9,64.5,66.2,59.3,63.4,False,False,False,True
86.64,0,95.2,89.3,90.1,64.3,75.4,89.0,84.5,87.3,85.8,64.5,True,False,False,False
58.15,2,63.0,50.1,52.3,57.9,61.2,51.8,56.9,66.2,55.1,66.9,True,False,False,False
59.92,2,64.4,62.0,64.5,53.2,62.9,66.5,63.9,55.8,61.3,56.3,False,False,True,False
64.39,0,75.2,89.1,98.1,79.7,94.6,98.9,76.8,73.0,88.3,91.5,False,True,False,False
70.76,3,78.4,77.8,71.0,74.6,73.8,64.1,64.5,65.5,66.2,60.6,False,True,False,False
57.12,2,56.9,68.1,62.0,50.9,65.7,54.6,50.8,53.6,52.6,55.9,False,False,True,False
64.39,2,58.6,50.1,64.5,54.7,59.9,63.0,63.5,66.1,53.5,55.4,False,False,True,False
58.6,2,63.2,58.4,51.9,62.5,60.7,62.1,64.5,58.1,51.5,54.1,True,False,False,False
67.13,3,76.3,64.5,63.9,61.1,61.6,62.5,72.9,65.0,75.0,71.4,True,False,False,False
61.39,2,59.2,63.1,57.8,62.7,66.1,66.1,60.5,63.4,64.7,52.9,True,False,False,False
86.73,0,85.0,80.6,85.7,82.6,89.4,80.8,87.0,64.8,92.5,97.0,False,True,False,False
64.39,1,51.4,51.6,64.5,56.9,54.3,54.2,50.9,51.7,52.4,53.5,False,False,True,False
58.64,2,54.7,56.8,60.0,65.7,64.4,51.1,60.4,59.4,53.0,67.4,False,True,False,False
54.3,1,53.2,53.3,52.4,56.0,55.1,55.7,55.7,64.8,51.3,57.1,False,False,True,False
54.76,1,55.3,52.3,64.5,58.7,57.8,51.9,54.8,56.3,50.4,57.5,False,True,False,False
85.7,0,81.7,95.6,78.8,95.2,94.4,64.6,74.1,99.6,70.7,76.5,False,True,False,False
69.46,3,61.5,62.2,74.1,74.8,63.8,77.5,60.9,69.4,78.8,71.6,False,True,False,False
55.66,1,55.9,55.7,55.4,58.6,50.7,64.6,57.2,64.8,57.0,52.7,False,True,False,False
67.41,3,64.4,64.5,75.0,78.0,65.5,65.8,60.1,68.2,67.7,64.5,False,False,False,True
54.7,1,57.2,50.3,53.4,58.9,52.0,56.2,55.5,53.5,57.4,64.5,True,False,False,False
88.18,0,77.0,93.0,86.7,96.9,88.4,97.5,94.4,76.5,92.3,79.1,True,False,False,False
54.92,1,58.1,56.4,53.6,57.9,56.4,52.0,64.5,51.0,64.7,64.5,True,False,False,False
58.95,2,60.0,64.5,59.7,53.1,52.5,64.6,59.6,60.2,61.8,64.5,False,False,False,False
53.17,1,51.6,53.5,53.5,54.0,64.4,50.3,64.5,51.1,52.2,56.6,False,False,True,False
81.76,0,71.0,97.2,92.9,71.6,78.2,74.1,75.7,64.8,78.8,64.5,False,False,False,True
69.22,3,64.4,65.9,61.6,64.3,67.2,73.3,72.2,72.5,63.5,65.2,True,False,False,False
66.78,3,65.4,70.2,60.9,76.3,64.8,62.0,64.9,63.1,74.2,65.9,True,False,False,False
68.85,3,76.1,77.5,67.4,67.1,78.3,67.0,63.8,61.1,63.2,64.5,False,False,False,False
64.39,1,50.6,54.2,51.1,56.1,54.8,56.2,52.5,52.4,53.7,56.0,False,False,True,False
65.79,3,64.4,63.7,64.5,66.9,67.9,64.4,69.1,60.2,77.8,62.2,False,True,False,False
60.47,2,64.4,60.1,64.5,53.9,63.1,64.6,64.5,61.2,59.1,52.9,False,False,True,False
86.02,0,74.8,89.2,92.4,64.3,90.7,77.6,99.1,76.1,89.4,95.9,False,True,False,False
70.26,3,64.4,71.6,73.3,73.5,62.4,69.1,63.3,76.0,68.6,76.3,True,False,False,False
59.61,2,64.4,59.6,64.5,65.0,61.3,65.1,64.5,60.7,56.8,60.5,False,True,False,False
58.04,2,53.3,58.7,54.3,54.2,64.4,64.5,56.0,61.2,56.0,54.9,False,True,False,False
83.57,0,86.4,76.6,99.8,64.3,95.2,75.7,79.8,75.4,75.8,81.3,True,False,False,False
56.09,1,57.9,58.9,53.3,55.4,56.9,56.8,57.6,56.6,64.7,64.5,False,False,True,False
86.96,0,83.6,91.7,78.2,82.4,84.8,92.4,94.9,79.1,94.5,88.0,False,True,False,False
53.87,1,51.8,50.6,51.0,58.4,52.9,55.0,55.8,54.0,53.0,56.2,True,False,False,False
81.27,0,91.1,98.2,76.8,77.4,76.0,76.0,87.5,79.9,72.4,77.4,False,False,False,False
66.19,3,62.0,63.6,61.4,64.3,74.3,60.0,69.4,69.6,68.6,64.5,False,True,False,False
69.88,3,77.1,62.1,66.1,70.9,75.8,73.7,69.7,76.6,60.2,66.7,True,False,False,False
84.72,0,77.9,82.1,95.6,99.1,80.9,85.5,89.6,85.2,64.7,72.5,True,False,False,False
84.23,0,96.6,85.1,76.9,87.8,84.8,76.5,93.6,93.3,76.6,64.5,False,False,False,True
69.11,3,70.7,64.5,61.6,67.2,65.5,73.4,61.2,67.8,64.7,75.9,False,False,False,True
64.39,1,56.7,50.6,64.5,54.2,51.3,51.2,53.1,51.2,53.9,57.8,False,False,False,True
69.47,3,64.3,68.4,64.5,70.9,63.2,71.7,71.1,76.8,69.6,61.1,True,False,False,False
54.4,1,50.7,58.2,64.5,54.1,52.5,51.0,55.6,54.3,57.3,58.7,False,False,False,True
71.28,3,64.4,68.7,62.6,75.0,68.5,75.5,76.2,76.3,75.0,71.4,False,False,False,False
55.55,1,54.3,52.0,57.3,55.8,57.7,55.5,56.1,58.1,52.2,56.5,False,False,False,True
69.24,3,68.7,72.2,75.2,62.5,63.6,75.7,77.5,71.7,61.1,64.0,True,False,False,False
54.39,1,54.1,54.7,56.1,52.0,56.2,50.4,51.6,58.1,58.2,52.6,False,False,True,False
69.83,3,70.7,67.1,63.9,64.3,74.2,71.5,64.5,62.0,64.4,78.7,False,True,False,False
67.46,3,60.1,68.5,62.3,72.4,68.9,71.1,67.6,72.0,66.8,65.1,False,False,True,False
87.35,0,64.4,79.3,87.0,99.5,84.4,97.5,70.9,87.1,84.1,88.8,True,False,False,False
54.91,1,52.6,57.9,56.0,57.2,52.6,57.3,52.7,54.5,57.5,50.7,False,False,False,False
56.0,2,64.3,50.2,61.9,57.7,62.7,50.3,52.5,53.7,50.8,56.0,False,True,False,False
87.98,0,98.9,99.0,92.0,72.1,93.6,74.1,64.5,85.0,94.0,82.4,True,False,False,False
87.05,0,78.8,88.7,98.0,87.5,92.9,84.0,99.7,77.6,91.9,71.4,False,False,True,False
54.92,1,52.5,58.3,58.0,56.7,55.1,56.0,50.1,50.4,54.9,57.3,False,False,False,True
70.48,3,64.4,77.5,68.1,74.2,74.9,62.6,69.2,64.8,74.3,74.2,False,False,False,True
54.58,1,58.8,54.0,54.5,55.2,54.5,55.7,57.3,50.9,53.3,51.7,False,False,False,False
63.0,2,64.4,53.4,63.7,64.3,62.9,68.6,66.5,68.8,57.6,59.5,False,True,False,False
70.82,3,70.9,78.6,76.8,75.8,64.4,71.9,78.2,66.3,63.9,61.4,False,True,False,False
59.9,2,55.5,54.1,59.7,59.4,64.4,60.6,55.7,56.8,64.7,62.2,True,False,False,False
85.78,0,74.2,74.7,64.5,76.8,80.1,64.6,86.1,95.3,92.8,95.5,False,False,False,True
68.08,3,71.8,78.3,67.7,61.3,63.7,63.5,70.7,66.8,64.7,75.6,False,False,True,False
71.21,3,64.4,66.3,68.7,78.1,64.4,72.7,78.7,72.9,73.9,67.6,True,False,False,False
68.97,3,61.8,72.1,62.1,77.4,76.9,61.2,67.4,71.8,64.7,64.5,True,False,False,False
64.39,1,52.9,52.1,51.2,51.2,58.2,51.6,50.4,56.6,58.6,51.5,False,False,True,False
83.8,0,78.5,76.5,85.0,98.6,79.1,82.6,97.8,71.2,96.4,72.3,False,False,False,False
64.39,2,62.1,58.3,54.3,60.1,56.7,67.4,55.2,66.7,55.2,61.1,True,False,False,False
52.73,1,51.7,52.1,50.1,56.4,53.4,53.2,51.9,64.8,54.3,51.3,True,False,False,False
84.8,0,87.4,93.0,77.4,88.2,84.3,86.0,81.0,64.8,87.3,85.6,True,False,False,False
54.67,1,55.4,50.1,56.1,56.8,58.0,56.1,52.3,55.3,53.7,52.9,True,False,False,False
86.25,0,64.4,77.9,81.0,64.3,88.2,87.6,89.7,70.9,96.5,64.5,False,False,True,False
58.85,2,51.7,62.1,56.2,63.8,54.9,66.9,61.7,64.6,50.1,64.5,False,False,True,False
66.95,3,60.5,64.0,69.3,63.4,64.3,67.2,70.9,76.2,67.6,66.1,False,False,True,False
59.53,2,55.7,68.1,66.1,64.3,55.5,52.4,65.1,51.2,68.9,64.5,True,False,False,False
68.85,3,71.5,70.8,64.7,74.0,65.0,64.3,78.7,66.3,64.7,68.5,False,False,False,True
67.73,3,64.4,66.2,64.3,64.2,64.4,76.9,71.4,64.5,77.3,62.1,False,False,True,False
68.8,3,70.6,64.5,64.9,64.3,63.4,60.5,71.2,63.2,76.2,75.7,False,False,False,True
53.64,1,58.2,56.1,50.7,58.0,50.2,55.0,50.1,51.7,52.1,54.3,False,False,False,False
55.37,1,50.5,56.5,64.5,64.3,58.2,57.3,54.2,54.1,54.4,55.5,False,True,False,False
64.39,2,57.0,50.9,64.4,62.7,60.4,65.9,59.1,60.7,52.8,51.3,False,False,False,False
54.07,1,53.8,57.2,50.9,57.6,54.6,53.7,64.5,57.9,50.6,53.5,False,False,True,False
54.17,1,59.0,55.5,51.1,54.3,55.1,52.8,52.8,56.1,51.3,53.9,True,False,False,False
83.97,0,96.4,88.5,79.0,71.6,95.6,79.3,78.5,99.4,64.7,72.3,True,False,False,False
67.19,3,65.4,65.8,64.5,69.8,70.9,64.6,76.0,61.9,68.1,70.8,False,False,False,True
71.15,3,67.4,60.2,79.0,78.1,75.6,77.4,65.2,70.1,65.3,73.4,True,False,False,False
52.37,1,52.2,58.3,53.7,52.2,51.1,64.6,50.6,52.8,51.9,50.9,False,False,False,True
55.2,1,54.6,54.3,64.5,52.4,53.1,56.1,54.3,57.9,57.8,56.0,False,True,False,False
54.82,1,57.0,57.4,53.8,54.5,53.3,56.5,52.9,55.1,54.2,64.5,True,False,False,False
58.36,2,64.4,56.4,65.3,53.5,64.4,61.8,51.2,67.5,60.7,53.3,False,False,False,True
64.39,0,64.4,98.2,70.8,76.8,95.6,84.0,85.6,92.2,72.2,93.0,False,False,True,False
58.17,2,59.9,63.9,64.5,56.6,55.2,52.5,59.7,62.9,55.2,60.6,True,False,False,False
68.92,3,76.6,78.3,61.4,68.8,61.6,62.8,70.7,64.8,69.7,62.9,True,False,False,False
54.95,1,52.8,52.5,54.6,54.4,57.2,54.0,53.6,58.0,53.8,64.5,False,False,False,False
60.94,2,67.7,51.7,69.0,51.1,58.3,63.3,53.3,65.9,64.7,61.4,False,True,False,False
81.51,0,91.8,87.7,64.5,64.3,75.5,79.0,82.4,71.4,71.4,96.7,False,True,False,False
64.39,0,70.2,75.5,76.6,92.5,86.8,78.8,81.1,72.1,98.7,64.5,False,False,True,False
55.22,1,64.4,51.0,64.5,64.3,53.4,55.4,58.8,52.8,53.8,58.9,False,False,True,False
53.69,1,55.8,58.1,64.5,52.3,64.4,53.5,55.8,50.1,57.2,52.8,False,False,False,False
85.6,0,64.4,73.5,81.1,89.2,98.8,80.1,84.6,89.4,64.7,64.5,False,True,False,False
59.38,2,59.7,63.5,52.2,55.2,55.5,59.7,58.1,65.0,67.1,57.8,False,False,False,True
59.65,2,64.3,52.2,54.1,55.3,64.4,64.6,68.9,61.4,61.8,56.9,True,False,False,False
68.46,3,69.5,70.2,64.5,64.3,63.6,78.0,60.1,72.3,69.0,74.0,False,False,True,False
81.75,0,90.9,78.9,79.9,74.1,90.5,74.7,88.7,70.7,85.1,83.9,False,False,False,True
54.12,1,54.5,53.2,53.9,51.5,56.5,58.5,53.4,54.8,51.6,53.3,False,False,True,False
69.1,3,69.0,78.9,65.4,67.4,73.8,72.2,66.9,65.3,61.2,64.5,False,True,False,False
55.34,1,52.2,56.7,57.2,50.2,57.6,55.5,58.3,56.3,64.7,53.5,False,False,True,False
88.78,0,94.1,95.7,76.0,96.7,95.0,86.5,84.4,64.8,89.2,95.8,False,False,False,True
83.0,0,77.0,71.3,73.5,89.3,64.4,89.4,88.8,89.9,64.7,93.3,True,False,False,False
71.55,3,68.4,72.3,79.0,64.2,66.4,64.6,77.4,62.2,75.3,72.0,False,False,True,False
64.39,2,67.7,61.5,51.3,68.8,53.0,55.2,58.1,68.4,68.6,68.3,False,False,False,True
67.21,3,64.4,65.7,78.9,73.9,70.2,62.5,62.2,60.8,63.6,68.1,False,False,False,True
64.39,1,58.8,53.9,58.0,54.6,56.7,54.2,57.3,52.7,57.4,57.7,False,False,True,False
57.39,2,54.7,55.8,54.2,58.1,53.1,64.6,62.1,64.0,66.1,55.1,False,True,False,False
66.85,3,62.8,69.9,62.5,64.3,77.7,73.0,65.0,69.8,67.2,60.2,True,False,False,False
67.59,3,64.4,61.5,72.2,75.6,64.5,69.1,78.4,62.7,66.6,61.4,False,True,False,False
64.39,3,63.1,64.5,67.8,72.7,78.5,64.4,64.5,69.7,67.0,68.9,True,False,False,False
72.25,3,65.9,77.7,78.9,72.1,66.0,77.0,70.1,72.9,75.8,66.1,False,False,False,True
52.43,1,52.1,53.3,54.6,52.6,51.9,50.4,51.3,55.2,50.9,52.1,False,False,False,False
86.49,0,90.3,77.2,79.7,87.1,90.1,94.8,93.3,75.6,91.1,85.7,True,False,False,False
57.58,2,51.0,51.9,51.9,65.6,63.4,64.6,67.1,54.6,53.8,58.5,False,False,False,False
68.9,3,70.0,64.5,64.5,69.3,66.2,66.2,73.2,71.7,66.8,71.4,False,False,True,False
91.81,0,98.0,79.2,99.1,82.3,96.3,96.7,75.9,94.9,96.1,99.5,False,True,False,False
64.39,2,64.4,53.1,66.6,61.4,58.9,59.9,64.5,63.1,64.7,55.2,False,False,True,False
53.86,1,55.4,54.0,50.4,50.2,54.6,56.4,52.6,54.4,58.1,52.5,False,False,True,False
64.39,1,57.3,50.7,51.7,50.2,58.3,56.8,64.5,51.1,54.8,59.0,False,False,False,False
81.8,0,71.9,95.9,74.4,79.0,70.3,95.6,79.3,86.9,89.0,75.7,False,False,False,True
59.44,2,52.7,58.0,63.7,61.3,64.4,67.0,51.7,62.2,64.7,53.6,True,False,False,False
89.45,0,93.0,99.2,91.7,98.5,87.2,87.7,84.3,77.5,77.6,97.8,True,False,False,False
54.57,1,54.8,56.0,56.5,55.2,56.0,53.9,64.5,55.6,52.1,54.4,False,True,False,False
83.81,0,81.0,88.0,80.5,72.0,91.0,84.6,92.0,86.3,77.3,85.4,False,False,False,True
54.5,1,53.8,64.5,64.5,55.3,54.4,54.3,56.8,56.7,51.1,56.0,False,False,False,True
61.45,2,68.0,56.9,62.5,60.4,68.7,64.6,57.7,58.6,64.7,68.2,False,False,False,False
89.06,0,98.5,99.6,98.6,95.0,82.6,75.2,95.5,64.8,74.7,81.0,True,False,False,False
54.56,1,58.8,56.2,50.3,50.7,57.3,55.8,55.8,56.4,53.3,51.0,False,False,True,False
60.04,2,51.4,64.5,60.8,60.0,64.4,64.9,61.4,62.8,61.3,61.7,True,False,False,False
58.95,2,56.3,55.1,68.3,63.8,56.6,52.4,60.4,68.0,64.7,56.9,True,False,False,False
85.56,0,91.3,97.4,77.6,84.3,87.9,89.1,76.2,77.1,94.8,80.0,False,False,False,False
82.56,0,74.0,83.8,64.5,82.9,89.4,86.2,88.0,70.7,87.2,90.2,False,False,True,False
65.38,3,67.3,63.4,61.5,61.9,64.4,64.6,63.8,64.8,64.7,64.5,True,False,False,False
58.94,2,64.2,59.9,51.6,52.9,62.8,57.2,67.4,64.8,59.5,52.2,False,False,True,False
64.39,2,64.4,53.3,67.4,63.8,63.1,67.1,50.9,61.6,60.9,67.8,False,True,False,False
69.45,3,64.4,69.1,75.6,72.9,67.6,73.4,66.3,72.5,61.9,74.5,True,False,False,False
55.13,1,55.5,56.7,57.1,53.2,55.9,52.1,55.2,51.0,56.1,58.4,False,True,False,False
60.02,2,59.9,65.0,57.8,51.3,59.1,67.8,59.3,52.2,62.2,65.7,False,False,False,False
57.21,2,67.4,50.9,61.9,52.4,64.4,50.3,51.1,59.6,64.8,50.7,False,False,False,True
59.33,2,66.6,66.7,62.9,59.5,57.6,62.5,55.3,53.2,56.4,52.7,True,False,False,False
88.94,0,64.4,91.6,76.5,95.7,64.4,87.2,85.5,92.0,99.0,90.1,False,True,False,False
58.44,2,59.9,58.2,67.7,64.3,68.0,64.6,50.8,61.6,53.9,56.2,False,False,False,False
67.13,3,66.5,65.8,67.0,65.0,61.4,72.9,63.2,76.5,62.2,70.8,False,False,False,True
64.39,0,84.1,71.9,73.0,64.3,70.5,74.6,92.2,64.8,82.1,99.8,True,False,False,False
69.27,3,64.3,60.3,68.2,64.0,72.6,64.6,64.5,74.4,63.4,78.7,False,False,False,False
54.15,1,55.4,55.0,52.2,52.2,64.4,55.1,54.4,57.1,50.4,51.9,False,False,False,False
87.89,0,95.3,83.3,76.4,84.2,99.4,81.8,85.8,89.9,96.9,86.0,True,False,False,False
64.39,0,64.4,77.4,79.9,85.8,75.2,84.7,86.5,71.0,87.0,80.3,False,True,False,False
85.28,0,91.3,93.9,75.5,64.3,93.0,75.1,93.0,76.1,88.5,72.7,False,False,False,True
54.81,1,55.9,58.6,51.5,64.3,64.4,54.1,53.7,54.8,55.6,59.0,False,False,True,False
54.26,1,55.8,53.4,64.5,51.8,64.4,64.6,57.7,58.5,53.5,56.5,False,False,True,False
56.21,1,64.4,58.4,58.1,53.3,58.1,64.6,57.3,51.7,59.0,55.5,False,True,False,False
81.4,0,74.8,94.1,82.6,70.6,75.9,71.3,85.2,90.4,70.2,98.8,False,False,True,False
85.85,0,88.5,95.9,71.2,89.2,64.4,99.4,72.0,64.8,70.8,92.3,False,False,True,False
54.97,1,53.4,52.1,50.0,54.3,58.1,58.1,64.5,58.6,56.7,50.2,True,False,False,False
56.23,2,62.2,58.3,68.0,51.6,59.9,50.9,52.1,53.7,55.1,50.4,True,False,False,False
58.99,2,54.5,58.4,64.5,64.3,64.2,68.3,55.1,58.8,50.7,56.1,True,False,False,False
87.14,0,79.7,90.1,93.8,97.6,93.6,83.6,73.5,96.7,92.5,70.4,False,False,False,False
83.75,0,70.5,96.9,99.4,76.0,84.1,97.6,71.6,87.6,76.4,77.4,False,False,True,False
69.8,3,67.4,72.8,62.2,73.0,64.4,71.8,63.1,75.5,77.0,65.8,False,False,True,False
55.25,1,54.8,53.9,57.8,53.6,55.9,64.6,52.4,58.9,57.2,51.4,False,False,False,True
69.01,3,68.1,76.0,61.0,74.6,73.2,67.7,69.8,72.0,66.8,61.0,True,False,False,False
59.63,2,55.7,57.9,61.8,67.1,56.3,54.6,62.5,57.7,56.3,66.3,False,False,False,False
53.76,1,50.4,55.5,51.2,56.6,55.8,53.4,56.2,55.0,52.3,64.5,False,False,True,False
70.72,3,69.3,76.0,60.5,77.1,73.7,76.8,76.1,63.4,64.7,62.5,False,False,True,False
60.09,2,62.5,61.0,63.3,63.1,60.0,63.2,65.8,54.2,55.5,52.3,False,True,False,False
71.55,3,67.5,66.3,73.1,76.2,67.6,64.6,63.9,75.9,78.2,79.0,True,False,False,False
58.38,2,61.8,54.7,64.5,53.2,53.1,61.2,52.0,67.0,54.5,67.0,False,True,False,False
53.85,1,64.4,54.6,64.5,58.5,51.0,50.1,57.0,50.0,51.3,64.5,False,False,True,False
81.22,0,71.4,73.2,93.0,88.5,64.4,78.6,84.1,64.8,90.8,82.0,False,False,True,False
59.03,2,64.4,55.9,62.3,51.8,64.4,51.2,58.5,65.8,62.4,54.6,False,False,False,True
76.14,0,78.4,72.7,92.8,75.5,70.5,80.0,73.9,72.8,73.3,71.5,False,False,False,True
82.68,0,90.3,78.6,88.8,74.6,91.5,94.1,80.0,87.0,70.7,64.5,True,False,False,False
53.9,1,56.0,64.5,53.0,53.5,53.5,58.2,52.8,52.3,50.1,52.5,False,False,False,False
70.49,3,64.4,64.5,65.0,64.3,73.9,76.3,67.7,76.6,65.0,71.0,False,False,True,False
67.95,3,64.4,69.3,66.5,72.4,65.3,73.8,73.7,72.6,63.3,61.9,False,True,False,False
68.41,3,73.0,69.5,61.4,76.5,63.4,70.9,60.1,70.9,61.7,64.5,False,False,False,False
64.39,1,51.4,64.5,52.0,52.7,51.0,57.4,53.0,54.2,57.1,50.1,False,False,False,True
64.39,3,64.4,69.7,61.9,62.6,70.1,68.0,61.7,64.8,66.1,61.3,False,False,False,True
85.54,0,87.6,83.0,78.0,64.3,99.6,95.8,64.5,79.4,99.9,72.6,False,False,False,True
64.39,3,65.9,61.3,72.1,67.6,69.6,64.2,74.9,68.2,75.6,64.6,False,False,False,False
85.67,0,92.9,96.5,75.3,82.7,77.0,79.5,95.5,73.8,84.9,98.7,False,False,True,False
71.96,3,74.6,71.3,74.0,71.5,62.3,75.6,76.4,64.8,74.5,73.0,False,False,False,False
64.39,2,50.2,66.6,53.7,56.6,52.3,52.5,66.1,66.4,68.9,65.3,False,False,False,False
64.39,1,51.9,56.1,57.2,64.3,64.4,52.7,56.6,64.8,53.6,58.5,False,False,True,False
84.99,0,95.7,99.3,98.5,77.5,73.9,82.9,78.5,87.6,79.0,76.9,False,False,False,True
67.25,3,67.6,61.4,76.0,66.1,72.7,71.2,61.9,60.2,74.7,60.7,False,True,False,False
55.67,1,55.2,56.2,57.6,58.6,50.8,52.1,58.4,53.9,56.3,57.7,True,False,False,False
87.21,0,97.3,77.6,79.4,80.0,87.9,64.6,95.2,84.3,75.2,96.4,False,False,False,True
53.87,1,57.0,57.5,50.5,53.5,52.6,50.5,57.6,50.5,58.2,50.9,False,False,False,False
79.93,0,75.5,74.8,70.5,76.5,96.4,85.8,76.8,86.1,72.6,84.3,False,False,True,False
55.05,1,51.6,52.2,58.0,52.9,58.2,57.4,55.2,58.2,51.3,55.5,False,True,False,False
85.4,0,64.4,88.3,73.2,89.0,85.8,72.9,64.5,84.9,94.2,96.7,False,False,False,False
69.65,3,64.7,72.4,66.4,76.1,77.9,67.6,64.5,66.5,68.3,63.0,False,False,False,False
64.39,1,50.4,58.8,56.3,51.3,54.7,51.2,58.0,52.6,51.6,52.7,False,False,False,True
60.86,2,64.4,51.3,55.8,64.3,67.7,68.0,63.1,52.0,64.7,64.7,True,False,False,False
52.99,1,64.4,50.6,57.7,50.2,64.4,64.6,53.6,51.8,52.6,51.8,False,False,False,False
59.86,2,61.6,56.0,66.2,67.8,51.5,67.2,54.6,54.6,56.6,62.6,True,False,False,False
54.92,1,57.2,56.2,55.5,51.8,64.4,58.0,53.1,53.2,56.6,56.4,False,False,True,False
59.36,2,55.6,64.5,51.1,57.8,64.1,65.3,51.4,64.8,50.8,68.7,False,False,True,False
59.56,2,64.4,65.8,65.2,64.3,59.3,64.6,66.1,52.8,66.5,64.0,True,False,False,False
55.08,1,58.1,51.0,54.5,58.3,57.3,51.3,52.5,56.1,64.7,57.7,False,True,False,False
69.23,3,65.0,78.2,64.5,66.1,69.3,72.9,70.3,61.3,75.9,70.5,False,False,False,True
54.52,1,55.4,55.5,64.5,55.8,56.7,53.7,51.3,53.8,53.4,53.0,True,False,False,False
64.39,2,54.5,64.4,53.2,56.1,50.7,65.0,60.9,57.8,50.4,61.9,False,False,False,True
54.5,1,57.7,50.7,53.3,52.7,54.0,57.1,56.0,54.1,54.3,55.1,False,False,False,False
64.39,0,93.0,95.1,78.7,75.7,64.4,78.2,78.8,64.8,78.9,95.2,False,False,False,True
54.12,1,51.4,57.8,64.5,51.3,52.3,55.7,56.4,58.7,55.0,51.3,False,False,False,True
71.68,3,66.2,64.5,62.8,77.2,77.3,72.4,64.5,75.2,77.3,69.4,False,False,False,True
55.14,1,64.4,54.6,51.7,56.0,55.8,64.6,57.5,58.0,56.6,50.9,False,True,False,False
60.69,2,64.4,66.4,68.8,66.1,65.4,53.5,64.5,52.8,56.0,56.0,False,True,False,False
69.13,3,69.3,64.5,72.1,66.8,66.5,68.4,67.3,78.3,65.5,76.5,True,False,False,False
58.41,2,50.9,60.0,57.1,51.5,67.9,67.6,55.3,55.4,55.5,64.5,False,True,False,False
64.39,0,82.8,80.6,89.2,94.2,84.4,80.2,79.9,78.6,64.7,99.8,False,False,False,False
83.52,0,80.2,70.2,64.5,97.6,93.9,87.2,64.5,80.0,95.0,75.9,False,False,False,False
58.75,2,52.1,52.9,68.2,64.2,68.9,54.3,53.5,63.3,57.3,53.0,False,True,False,False
59.7,2,62.2,57.2,54.6,51.8,63.8,54.4,60.2,60.3,65.7,66.9,True,False,False,False
70.17,3,71.8,65.3,74.9,73.2,71.9,74.7,65.0,64.8,64.7,74.8,False,True,False,False
59.55,2,61.1,50.3,64.1,59.8,68.1,64.6,53.4,64.8,61.7,55.8,True,False,False,False
81.18,0,75.4,70.6,84.8,64.3,96.3,73.9,76.7,86.2,74.0,75.1,False,False,False,True
72.52,3,77.3,76.7,60.2,73.2,69.3,74.9,77.6,73.1,74.8,68.1,False,False,False,True
64.39,2,64.4,51.7,55.9,51.7,57.9,58.3,67.3,53.1,61.8,54.9,True,False,False,False
53.96,1,56.9,50.8,54.8,57.9,54.9,50.5,54.3,53.7,51.2,54.6,False,True,False,False
54.08,1,57.7,64.5,64.5,55.4,55.2,57.7,54.9,50.5,51.5,51.6,False,False,False,False
66.25,3,74.4,76.7,61.6,72.6,65.4,64.6,60.0,61.9,64.7,62.4,False,False,True,False
64.39,0,75.5,76.7,76.6,97.1,90.4,64.6,71.4,82.2,90.8,92.2,False,False,False,False
67.4,3,75.4,66.4,78.2,73.9,62.7,61.5,60.6,64.2,66.5,64.7,False,True,False,False
90.5,0,98.0,78.9,64.5,94.2,87.0,82.1,82.6,99.3,90.5,64.5,False,True,False,False
87.48,0,86.5,76.2,76.6,83.1,96.9,98.5,98.4,89.4,82.8,86.5,False,True,False,False
59.77,2,59.8,52.0,65.4,58.0,59.2,63.7,55.2,66.6,54.3,63.6,True,False,False,False
70.34,3,71.1,71.8,67.7,78.6,75.5,69.9,66.6,62.4,68.7,64.5,False,False,True,False
64.39,3,75.7,66.3,76.6,68.4,75.3,73.8,66.9,72.2,64.7,77.7,False,True,False,False
69.88,3,67.8,76.8,67.8,61.5,78.2,71.4,60.1,67.1,78.8,69.4,False,False,False,False
54.02,1,53.2,54.5,52.4,57.0,58.9,64.6,52.9,64.8,51.5,52.8,True,False,False,False
86.79,0,93.6,76.7,92.7,80.5,64.4,93.9,70.6,96.2,84.6,96.4,False,False,False,False
55.45,1,52.7,52.9,52.8,55.2,58.1,58.6,58.4,57.7,52.4,55.7,True,False,False,False
58.48,2,64.4,52.0,55.3,55.9,58.3,55.2,64.7,51.4,64.0,61.0,False,False,True,False
69.34,3,67.2,65.1,72.7,78.7,62.1,62.1,71.4,64.8,64.7,66.5,False,True,False,False
64.39,1,57.7,53.7,56.1,54.9,64.4,56.7,57.3,56.3,56.4,51.3,False,False,False,False
69.07,3,60.2,76.9,71.7,75.1,62.2,63.6,76.6,67.2,65.7,71.6,False,False,True,False
54.11,1,55.3,64.5,58.6,52.8,52.7,55.9,52.2,53.6,55.6,52.9,False,False,True,False
66.91,3,64.4,65.6,64.5,63.4,63.1,65.2,73.1,67.1,68.4,64.5,True,False,False,False
69.85,3,70.2,76.2,60.9,64.3,71.3,66.9,66.2,64.8,70.1,76.6,True,False,False,False
70.61,3,64.4,79.0,78.1,71.1,64.0,64.6,61.7,70.7,71.8,61.5,False,False,True,False
59.26,2,62.4,57.4,50.5,58.6,69.0,64.6,63.3,61.0,63.7,55.3,False,False,True,False
54.47,1,58.0,55.2,51.8,51.8,50.6,58.2,57.0,55.6,55.4,51.2,False,False,False,True
64.39,0,85.5,91.4,95.2,64.3,90.3,97.0,64.5,85.7,79.5,92.3,False,False,True,False
80.69,0,78.3,70.4,83.3,78.6,64.4,70.6,76.1,76.4,99.3,99.6,False,False,True,False
59.52,2,61.6,52.6,53.0,57.3,61.6,65.3,52.8,63.7,59.0,68.3,False,False,False,False
54.58,1,55.0,55.5,50.9,55.8,55.6,51.7,53.2,55.5,58.1,54.5,False,False,True,False
66.94,3,71.6,62.3,67.7,67.9,66.2,75.2,61.5,68.0,63.6,65.4,False,False,False,True
64.39,3,64.3,67.3,66.7,61.9,64.4,64.6,74.1,71.5,71.4,71.2,False,False,False,False
83.92,0,76.3,79.1,95.8,64.3,82.4,73.4,96.0,86.2,85.4,71.5,True,False,False,False
68.59,3,64.6,73.9,78.1,63.3,78.2,60.1,62.5,68.8,73.9,62.4,False,False,True,False
54.71,1,52.1,56.9,56.2,53.7,50.6,53.9,58.1,56.6,57.7,64.5,True,False,False,False
64.39,1,57.1,55.0,54.2,58.9,57.4,64.6,54.9,56.6,51.7,57.0,True,False,False,False
54.75,1,56.5,58.5,50.0,57.9,54.9,58.4,50.3,64.8,55.1,50.4,False,False,True,False
82.18,0,64.4,75.4,97.2,71.9,75.1,64.6,88.6,64.8,70.6,80.1,False,False,True,False
60.25,2,55.1,62.0,53.3,69.0,66.1,64.6,62.4,64.0,52.5,67.8,False,False,False,False
64.39,1,50.4,56.2,58.2,64.3,50.6,52.1,54.3,64.8,57.4,56.5,False,False,False,True
82.03,0,74.0,73.9,74.2,80.5,85.3,86.4,93.3,90.4,74.8,87.6,False,False,False,False
61.44,2,59.2,68.8,52.4,60.6,61.7,67.5,57.1,55.8,66.4,64.7,True,False,False,False
57.89,2,58.1,59.4,61.6,59.5,60.3,64.6,50.9,54.9,59.9,56.0,False,True,False,False
60.69,2,68.8,62.8,68.4,64.2,54.0,67.9,57.5,52.8,59.4,51.1,False,True,False,False
83.47,0,89.5,73.0,95.3,76.2,64.4,98.1,74.4,71.4,64.7,82.7,False,True,False,False
54.14,1,56.3,50.4,64.5,51.6,56.1,51.5,56.3,50.7,58.1,55.5,True,False,False,False
55.19,1,52.1,52.4,64.5,64.3,52.8,57.7,58.2,57.8,51.1,58.5,False,False,False,True
64.39,1,57.3,57.6,64.5,53.3,56.6,51.5,58.4,53.4,52.0,64.5,False,False,False,True
60.74,2,63.0,64.5,61.3,56.5,66.0,60.7,63.9,51.7,55.6,63.1,False,False,False,False
71.16,3,71.4,78.0,74.6,72.1,70.3,64.0,65.1,70.4,70.8,74.8,False,False,False,False
82.89,0,90.7,85.2,76.8,64.3,72.7,78.0,92.4,70.5,82.5,85.6,False,True,False,False
71.02,3,68.4,78.4,72.3,71.3,73.4,76.4,62.3,74.7,65.8,67.1,True,False,False,False
70.76,3,64.4,71.9,73.1,72.4,74.4,74.8,65.9,61.9,60.3,77.0,False,False,True,False
59.92,2,66.5,67.0,54.9,58.2,65.2,64.6,64.5,52.0,64.7,62.4,True,False,False,False
62.06,2,60.6,58.6,52.1,53.9,67.0,67.5,58.1,67.7,68.2,64.5,False,False,False,True
54.71,1,53.7,54.0,55.7,64.3,56.0,64.6,56.2,56.0,55.4,52.1,False,False,False,False
83.25,0,64.4,81.8,98.9,99.3,73.2,71.0,75.1,90.2,90.0,73.6,True,False,False,False
53.8,1,57.7,56.7,52.9,52.9,58.6,51.0,54.8,50.2,51.2,64.5,False,False,False,False
59.98,2,57.7,53.8,63.5,64.6,64.4,63.3,54.0,57.2,65.1,68.4,True,False,False,False
54.6,1,57.2,55.7,52.7,58.2,64.4,53.3,57.7,50.8,64.7,53.0,False,False,False,False
58.47,2,55.4,64.4,55.6,59.8,50.6,51.3,62.9,58.1,63.2,63.4,False,False,False,True
87.36,0,92.8,79.0,81.4,86.3,94.7,94.4,85.9,70.6,89.6,98.8,False,False,False,True
54.17,1,53.8,54.6,53.4,51.9,55.1,53.5,51.7,58.3,55.0,54.2,False,False,False,False
58.25,2,58.4,67.3,51.7,60.9,55.3,53.7,53.7,67.6,60.6,53.3,True,False,False,False
85.19,0,78.9,64.5,73.1,83.1,98.7,82.5,92.7,79.8,93.1,89.8,False,False,False,False
60.33,2,64.4,59.6,63.1,68.3,52.8,54.4,55.7,62.5,64.7,65.1,False,False,False,False
64.39,3,69.6,67.9,61.1,70.4,71.5,74.4,64.0,68.1,66.1,72.9,False,True,False,False
81.1,0,70.0,74.5,75.5,74.5,64.4,92.6,70.7,97.1,92.7,72.0,True,False,False,False
57.06,2,64.4,64.5,54.1,58.8,67.5,56.8,64.5,56.9,53.4,64.5,False,False,False,True
53.66,1,51.1,55.6,55.5,58.5,51.3,54.3,51.3,55.2,52.0,51.8,False,False,False,True
60.34,2,59.2,62.6,64.5,64.3,62.9,65.3,57.9,58.9,51.8,64.5,True,False,False,False
81.36,0,90.0,83.0,72.5,80.5,98.9,78.4,71.9,85.7,71.4,81.2,False,True,False,False
58.6,2,64.4,51.7,61.9,59.9,58.6,63.7,52.9,64.8,56.2,62.7,False,False,False,True
53.13,1,50.5,57.5,55.6,50.5,64.4,64.6,52.2,51.3,50.8,56.3,True,False,False,False
55.2,1,56.5,55.2,52.4,51.3,57.4,51.6,59.0,55.5,58.1,64.5,False,True,False,False
54.22,1,53.7,51.9,52.4,57.9,58.7,54.0,54.0,54.5,55.0,50.0,True,False,False,False
61.86,2,59.6,52.5,62.8,67.0,65.3,67.3,59.6,59.5,59.5,65.5,False,False,False,False
87.56,0,72.7,99.7,96.3,92.5,79.0,98.0,89.0,87.8,70.9,89.7,False,False,True,False
58.34,2,64.4,61.0,64.2,53.5,55.8,52.8,68.5,52.2,63.7,64.5,False,True,False,False
66.69,3,64.4,60.7,67.9,61.6,61.9,65.5,70.5,68.2,71.6,68.6,False,False,False,False
59.97,2,56.5,62.2,64.5,64.3,63.1,61.6,57.6,51.2,67.5,65.2,False,False,False,True
54.25,1,51.9,57.7,54.9,56.5,50.8,57.2,53.8,64.8,52.9,55.9,False,False,False,True
63.19,2,56.8,67.2,65.7,64.7,61.5,62.4,63.9,64.6,63.8,61.4,False,False,False,False
64.39,2,67.7,56.3,66.6,50.7,62.7,67.7,67.5,64.8,54.0,68.1,True,False,False,False
67.86,3,62.0,64.5,75.1,61.0,62.0,71.1,77.6,74.2,68.2,62.4,False,False,False,False
57.2,2,61.5,50.2,60.5,64.3,52.6,53.4,65.1,58.2,64.7,65.7,True,False,False,False
53.78,1,57.0,51.1,50.1,53.0,58.0,58.2,52.9,51.7,51.3,54.5,True,False,False,False
60.48,2,62.1,65.0,51.7,63.7,62.7,58.7,62.7,56.9,59.3,62.0,False,False,False,False
61.13,2,63.0,52.3,54.9,62.8,68.1,64.6,64.5,52.5,64.7,64.4,False,False,True,False
71.83,3,75.4,75.1,76.0,64.3,63.0,75.2,67.0,78.5,75.3,68.4,True,False,False,False
64.39,1,52.9,56.9,57.4,50.2,57.6,52.8,56.2,51.8,53.8,55.1,False,True,False,False
55.82,1,56.7,54.8,54.9,58.7,64.4,52.1,56.8,64.8,56.7,58.9,False,True,False,False
69.77,3,64.4,62.9,62.6,65.7,78.5,66.2,69.1,72.6,64.7,64.5,False,False,False,False
83.4,0,64.4,88.0,64.5,80.0,96.8,64.6,80.5,76.6,73.8,97.1,False,True,False,False
71.29,3,73.0,68.3,71.7,72.3,64.4,74.2,68.0,74.5,66.0,74.5,False,False,False,True
86.56,0,64.4,79.1,79.4,76.7,64.4,76.6,70.6,64.8,99.6,96.0,False,False,False,False
86.69,0,83.3,98.0,73.1,90.5,98.6,74.1,84.2,83.7,96.6,84.8,False,True,False,False
64.39,1,64.4,57.8,57.2,50.9,56.5,53.0,57.3,56.5,56.8,56.1,False,False,False,True
68.67,3,66.5,74.9,69.7,73.8,63.4,65.6,70.2,68.5,65.6,68.4,False,False,False,True
69.75,3,69.5,66.0,65.0,70.7,71.2,69.8,73.8,60.1,77.1,74.3,True,False,False,False
57.3,2,56.2,51.4,58.0,54.2,63.2,61.6,57.1,50.7,67.7,64.5,False,False,False,False
64.39,2,58.5,58.6,53.0,67.1,60.0,65.3,53.2,59.7,54.0,64.0,False,False,True,False
71.28,3,62.9,74.1,74.7,75.3,64.7,66.2,76.0,71.1,71.9,75.9,False,True,False,False
58.52,2,53.3,65.2,53.9,64.3,60.9,52.8,51.9,64.8,68.1,61.8,False,False,False,True
53.41,1,52.0,51.2,64.5,64.3,51.5,64.6,58.1,50.8,57.8,53.8,False,False,False,False
66.97,3,66.9,64.5,69.6,77.5,74.5,60.1,64.5,64.8,60.8,72.9,False,False,False,False
55.53,1,56.8,58.9,56.1,53.4,51.8,57.2,55.9,56.8,57.3,51.1,False,False,False,True
64.39,1,58.5,50.4,57.1,52.8,50.6,64.6,58.0,50.5,50.7,58.3,False,True,False,False
80.71,0,64.4,94.0,79.2,73.3,76.0,82.3,76.2,79.1,77.9,64.5,True,False,False,False
67.69,3,66.1,64.5,73.0,62.3,70.7,65.1,73.0,64.8,69.6,67.3,False,False,False,True
54.91,1,56.5,64.5,50.0,64.3,51.7,58.8,51.3,58.2,52.4,56.1,False,False,False,False
58.39,2,61.6,59.4,53.5,68.0,50.7,64.6,67.2,55.1,50.2,53.7,True,False,False,False
63.69,2,65.0,64.0,61.7,56.9,67.3,55.5,64.5,68.1,67.6,65.7,True,False,False,False
55.33,1,53.3,54.8,57.4,57.7,54.8,57.4,64.5,64.8,51.1,58.0,False,False,True,False
68.2,3,73.9,73.6,64.5,62.6,63.6,75.6,73.5,63.0,61.0,70.4,True,False,False,False
85.25,0,80.5,71.2,93.7,81.5,98.6,88.1,81.8,89.4,64.7,96.7,False,False,False,False
85.71,0,96.4,77.9,79.1,90.4,85.4,74.7,92.0,87.7,80.1,93.4,True,False,False,False
54.0,1,53.3,64.5,56.4,55.9,52.9,55.8,53.1,54.4,51.2,51.6,False,False,False,True
66.14,3,66.4,77.7,62.7,61.2,60.3,64.6,63.1,76.8,70.1,62.3,False,False,False,False
62.75,2,60.9,65.8,60.9,65.1,63.6,59.6,50.1,68.9,65.2,64.5,False,False,False,False
67.79,3,77.8,73.9,72.3,60.0,75.5,64.6,60.7,62.5,62.9,69.7,False,True,False,False
55.16,1,56.1,57.0,64.5,58.5,57.4,54.0,55.1,64.8,56.2,53.0,False,True,False,False
88.52,0,77.5,85.3,92.8,97.3,88.4,92.6,91.6,64.8,92.2,74.5,False,False,False,True
70.38,3,65.0,73.1,75.0,74.9,64.4,62.5,64.5,75.6,66.7,66.3,True,False,False,False
60.23,2,62.2,64.5,67.8,52.9,52.3,60.2,56.6,64.8,63.5,61.9,False,False,False,True
67.19,3,60.4,76.3,64.2,68.8,70.5,61.1,62.5,69.1,69.0,70.0,False,True,False,False
54.23,2,50.5,53.0,64.5,52.8,57.9,51.6,54.9,52.2,64.7,52.4,False,False,False,True
59.44,2,68.9,61.8,64.5,58.2,60.5,64.6,50.3,55.5,50.4,59.7,False,False,True,False
64.39,2,62.3,61.1,50.5,55.1,60.7,64.6,64.5,64.8,63.0,61.5,True,False,False,False
64.39,2,66.8,56.5,68.0,64.3,52.8,53.1,65.5,52.5,53.2,67.6,False,True,False,False
53.65,1,52.8,55.9,55.1,51.1,64.4,64.6,50.2,53.9,57.9,55.3,False,False,True,False
64.39,3,67.1,66.9,64.5,67.6,60.6,71.6,65.6,78.1,60.4,64.5,False,False,False,False
86.21,0,73.9,82.7,78.0,88.1,64.4,98.3,95.6,99.3,87.1,87.4,False,False,False,True
72.1,3,64.0,70.2,73.9,76.7,71.5,73.2,70.8,76.8,77.4,66.6,False,True,False,False
59.68,2,55.5,64.5,64.3,52.5,66.1,59.2,61.4,64.8,52.2,59.7,True,False,False,False
70.34,3,72.4,61.0,75.7,69.8,67.0,74.3,77.5,76.4,66.2,63.0,True,False,False,False
81.89,0,78.6,83.1,71.1,94.8,73.4,85.9,92.4,87.9,64.7,74.9,False,True,False,False
67.84,3,73.5,62.9,62.4,76.0,63.9,65.8,68.8,64.5,75.2,65.4,False,True,False,False
54.64,1,58.0,64.5,55.1,52.8,54.0,64.6,56.2,56.1,54.8,56.0,True,False,False,False
61.58,2,55.6,60.8,63.0,66.1,68.5,64.6,51.2,58.6,67.9,68.0,True,False,False,False
68.84,3,62.4,77.5,69.7,66.0,77.9,63.4,66.4,71.3,71.7,62.0,True,False,False,False
85.26,0,64.4,64.5,81.9,93.9,85.2,89.6,79.8,90.3,64.7,73.6,False,True,False,False
83.76,0,90.7,64.5,77.8,92.0,88.7,94.4,89.1,72.6,84.8,74.2,False,False,False,True
62.76,2,61.3,64.5,60.1,62.9,66.6,62.4,64.1,65.4,50.7,65.8,False,False,False,False
60.78,2,68.8,52.8,52.8,59.2,62.4,62.7,62.8,56.2,61.4,68.7,False,False,True,False
86.46,0,80.7,85.1,82.2,97.4,70.6,85.4,90.8,97.3,76.7,98.4,False,True,False,False
69.5,3,76.2,64.3,73.7,75.6,62.8,70.6,76.0,66.7,67.8,61.3,False,False,True,False
86.64,0,89.4,64.5,81.6,97.9,77.5,92.6,90.8,74.9,74.0,95.1,False,False,True,False
61.69,2,65.2,50.9,63.2,54.9,66.3,65.1,67.3,54.0,64.1,65.8,True,False,False,False
54.91,1,58.4,54.6,57.2,50.0,51.9,58.8,53.9,56.6,54.2,53.5,False,False,True,False
72.42,3,77.1,74.3,71.3,73.1,64.4,63.6,68.6,71.5,69.7,78.9,False,False,False,False
69.98,3,71.1,73.5,76.0,70.4,71.8,66.9,61.7,67.4,67.1,74.0,True,False,False,False
68.87,3,75.3,76.8,66.1,64.0,69.0,66.1,64.5,64.6,72.1,60.1,False,False,False,False
61.59,2,50.9,65.6,61.5,62.4,62.7,64.6,58.2,60.0,62.7,66.5,False,False,False,False
54.79,1,53.5,55.4,53.1,51.8,55.0,53.0,59.0,64.8,56.2,52.7,False,True,False,False
84.22,0,82.8,85.5,82.3,92.8,88.7,83.0,82.3,74.6,83.7,86.6,True,False,False,False
69.64,3,65.2,70.3,71.2,64.3,73.7,74.3,70.2,64.8,69.9,76.4,False,False,True,False
58.88,2,55.0,64.5,62.3,62.2,54.0,54.7,62.5,53.8,53.3,66.5,True,False,False,False
61.24,2,64.4,50.3,58.9,64.3,65.4,64.6,62.2,57.4,67.3,55.4,False,False,True,False
59.5,2,52.4,66.3,64.5,61.5,61.7,57.7,67.4,68.0,50.0,59.3,False,False,False,True
87.72,0,97.5,64.5,89.5,86.8,64.4,70.4,74.3,80.1,91.5,97.3,False,False,False,False
88.36,0,93.2,94.0,64.5,89.8,90.7,89.9,80.4,86.6,77.7,87.2,True,False,False,False
81.06,0,87.2,71.6,64.5,72.4,88.7,75.3,78.9,76.6,82.9,77.3,False,True,False,False
64.39,3,74.0,78.1,71.7,62.4,64.4,67.0,64.9,77.8,75.5,74.9,False,False,False,True
62.4,2,63.3,59.9,66.3,57.4,64.0,68.6,67.3,51.4,67.4,58.4,True,False,False,False
55.24,1,56.0,57.2,56.5,54.8,57.0,50.1,52.8,58.9,54.8,64.5,False,False,True,False
54.63,1,64.4,57.1,55.6,52.0,53.1,64.6,56.5,54.2,51.0,52.3,False,False,False,False
71.86,3,69.7,60.1,68.3,78.3,76.7,77.1,78.2,76.8,65.1,68.2,True,False,False,False
79.71,0,64.4,88.8,74.2,76.6,74.7,82.3,79.0,89.2,85.1,72.0,False,True,False,False
70.34,3,72.8,65.2,78.3,67.5,74.5,66.7,60.5,75.3,68.0,74.7,False,False,False,False
57.38,2,52.2,61.8,64.5,52.2,60.2,64.6,67.2,57.0,59.3,64.5,False,False,False,True
70.0,3,64.4,73.2,64.5,68.8,63.9,64.2,60.6,71.4,70.0,75.1,False,True,False,False
83.85,0,77.2,93.4,95.2,94.9,86.0,76.0,83.5,86.5,71.8,74.0,True,False,False,False
62.11,2,59.7,62.5,64.5,62.0,51.0,62.7,63.8,63.4,61.9,65.5,False,False,False,False
70.17,3,78.2,74.7,63.1,72.2,74.8,72.1,66.4,71.6,60.8,67.9,True,False,False,False
71.48,3,62.5,78.5,69.5,68.6,76.3,64.6,70.1,73.8,76.9,75.5,False,False,True,False
57.78,2,52.7,51.3,54.8,52.7,56.4,65.5,67.0,61.4,53.3,62.8,True,False,False,False
54.67,1,54.5,54.5,58.2,55.1,52.4,57.0,55.9,51.1,64.7,64.5,False,False,True,False
53.55,1,52.8,51.3,53.3,58.1,53.0,50.2,52.4,57.9,53.2,53.3,False,False,False,True
79.81,0,64.4,73.4,72.9,90.4,76.5,71.4,82.1,88.3,70.9,87.5,True,False,False,False
64.39,3,74.3,67.2,76.7,72.8,67.3,68.0,77.9,62.2,69.0,62.2,False,False,False,True
55.04,1,57.7,51.2,55.8,56.8,50.6,56.1,54.6,54.9,53.8,64.5,True,False,False,False
54.57,1,52.7,50.3,50.1,55.7,57.3,50.8,58.3,57.4,58.9,54.2,True,False,False,False
61.93,2,64.4,58.2,65.9,56.2,50.3,65.7,64.7,68.3,68.9,56.5,True,False,False,False
64.39,0,91.2,71.4,80.0,80.3,75.3,82.6,73.7,77.3,72.2,73.7,False,False,False,False
64.39,3,69.6,70.0,65.5,64.3,60.0,68.9,67.6,64.8,73.0,64.3,False,True,False,False
59.26,2,65.4,50.7,64.5,60.9,64.4,53.1,55.7,64.5,54.9,64.5,False,False,False,False
55.25,1,64.4,64.5,52.1,50.8,64.4,57.1,56.0,55.5,57.0,64.5,True,False,False,False
55.35,1,55.3,53.9,54.4,58.9,50.5,64.6,54.9,51.3,57.9,58.6,False,False,False,False
55.03,1,56.2,55.4,56.4,55.2,57.2,55.9,54.0,53.2,64.7,56.8,False,False,False,False
83.21,0,79.0,82.8,84.1,72.8,74.4,96.1,64.5,64.8,75.7,88.5,False,False,True,False
64.39,1,55.9,52.2,56.4,56.2,57.4,53.9,52.1,54.0,54.5,55.8,False,False,False,True
55.07,1,58.3,50.7,54.7,57.4,56.2,53.5,57.1,51.7,57.2,54.0,False,False,True,False
64.39,3,77.6,62.8,64.1,78.0,74.7,72.3,78.4,62.0,74.3,64.9,True,False,False,False
64.39,3,67.1,69.3,66.5,64.3,65.9,64.3,72.9,61.9,61.4,67.6,True,False,False,False
84.52,0,92.5,89.2,84.8,93.7,81.2,85.8,76.9,81.4,73.5,86.1,False,False,False,True
64.39,3,76.6,69.7,60.3,75.6,71.8,75.9,76.0,67.1,63.3,69.0,False,False,False,True
54.74,1,54.7,52.8,54.8,51.9,55.0,58.0,54.6,55.3,56.4,64.5,True,False,False,False
72.1,3,77.0,75.4,78.1,64.3,64.7,78.5,74.0,64.9,70.9,74.9,True,False,False,False
58.6,2,65.1,64.5,50.1,53.2,64.4,63.8,56.7,63.9,65.8,50.1,False,False,True,False
67.13,3,75.8,63.9,67.4,66.7,68.0,62.6,66.4,64.8,74.1,61.6,False,True,False,False
86.17,0,83.2,76.5,84.2,88.4,89.1,64.6,95.2,87.6,87.2,95.9,True,False,False,False
59.49,2,58.0,61.1,62.1,58.5,63.4,54.3,57.2,67.0,62.4,51.0,False,False,False,False
62.41,2,67.0,62.0,51.9,68.3,51.2,64.6,64.5,62.4,68.2,68.5,True,False,False,False
64.39,2,52.5,58.6,52.7,64.8,52.0,64.6,58.9,64.8,65.0,68.7,True,False,False,False
56.27,1,56.4,53.2,54.7,58.0,53.9,58.8,58.8,54.0,57.3,57.6,False,False,False,False
86.97,0,88.3,84.0,96.4,80.3,89.3,74.7,64.5,93.9,64.7,76.2,False,False,False,False
83.25,0,86.0,90.6,64.5,94.8,77.6,83.4,85.0,84.6,77.7,64.5,False,True,False,False
58.75,2,64.4,63.5,51.8,54.6,64.4,63.3,52.3,53.2,54.8,66.1,False,True,False,False
59.83,2,63.3,64.4,53.6,63.3,56.9,51.6,57.2,60.2,64.4,63.4,False,False,False,False
62.21,2,58.1,66.0,56.0,60.9,68.1,62.3,67.0,67.0,50.5,66.1,False,False,False,True
85.68,0,86.8,84.4,85.4,95.0,96.8,64.6,97.7,72.4,86.3,81.9,False,False,True,False
68.47,3,63.1,67.8,76.6,64.6,70.0,72.7,64.5,60.1,71.0,70.1,False,False,True,False
86.56,0,86.2,86.1,84.4,71.9,98.7,88.8,92.8,95.5,75.8,85.4,True,False,False,False
64.39,1,64.4,55.3,53.3,50.1,58.6,52.0,57.3,51.9,54.4,55.8,False,False,False,True
66.39,3,75.1,63.4,71.8,60.8,74.0,64.6,61.0,64.8,69.3,63.6,False,False,False,False
54.17,1,64.4,52.3,50.6,52.4,54.9,56.7,64.5,58.3,55.2,55.1,False,False,False,False
80.28,0,93.7,73.2,75.1,71.6,91.4,70.5,72.0,80.3,81.5,93.5,False,False,True,False
84.44,0,64.4,89.0,92.8,73.4,74.5,81.8,88.8,85.7,95.8,87.4,True,False,False,False
71.69,3,64.4,67.3,70.5,74.1,70.9,68.1,68.9,76.3,74.2,78.7,True,False,False,False
57.79,2,50.4,55.6,60.8,59.7,51.7,57.7,56.7,61.9,68.5,55.0,False,True,False,False
90.17,0,93.1,82.0,98.7,64.3,72.7,94.2,88.8,94.4,82.0,98.4,False,False,False,True
85.65,0,71.0,85.3,95.2,92.8,90.1,96.4,73.6,95.4,79.3,77.3,False,False,True,False
61.87,2,59.7,55.5,54.8,64.3,68.9,64.6,68.4,65.2,53.2,68.3,True,False,False,False
54.46,1,54.4,54.3,50.7,57.1,53.0,58.5,55.0,55.9,55.1,50.6,False,False,True,False
64.39,0,90.5,64.5,88.7,79.1,90.2,93.2,84.5,96.1,72.8,82.1,False,False,True,False
54.26,1,50.3,53.0,54.8,55.3,58.7,54.6,55.2,64.8,52.9,53.3,False,False,False,True
54.46,1,57.1,64.5,58.1,54.8,51.6,55.8,50.8,51.2,56.2,58.0,True,False,False,False
55.11,1,53.2,50.4,55.2,64.3,56.0,56.3,58.1,54.6,57.3,55.7,True,False,False,False
53.71,1,50.8,58.9,50.4,54.1,52.5,58.6,50.8,58.1,52.9,50.1,True,False,False,False
80.89,0,89.3,73.4,70.9,86.9,64.4,85.3,86.7,75.6,72.4,75.6,True,False,False,False
69.96,3,61.5,74.5,75.6,68.6,75.2,65.0,64.5,60.6,65.8,78.8,False,False,True,False
64.39,0,75.4,73.7,93.9,79.4,81.9,64.6,86.2,89.5,64.7,64.5,False,False,True,False
84.03,0,76.3,92.4,82.0,84.4,64.4,97.6,90.1,70.2,77.7,99.7,False,False,True,False
87.66,0,95.9,71.6,99.1,82.6,92.2,93.0,77.6,84.3,97.6,82.7,False,False,True,False
57.2,2,50.3,59.7,64.5,58.1,52.2,52.7,56.9,65.8,53.0,64.5,False,False,True,False
55.96,1,58.2,55.6,56.9,52.1,57.7,58.9,57.5,56.9,52.1,53.6,False,False,False,True
81.4,0,71.2,73.2,85.2,88.9,79.9,95.3,88.7,80.1,70.9,80.6,False,False,False,False
58.45,2,64.1,50.7,50.4,54.0,65.9,52.8,59.4,65.5,67.8,53.9,False,True,False,False
59.78,2,59.7,60.4,61.6,64.4,64.4,63.7,50.5,66.5,56.1,50.5,True,False,False,False
54.28,1,53.6,64.5,53.4,53.5,56.2,50.7,52.8,55.5,57.5,53.9,False,True,False,False
70.32,3,64.4,70.1,67.3,78.5,61.4,66.5,74.3,72.3,73.8,70.5,False,False,False,False
60.84,2,61.3,62.5,64.5,53.7,62.2,56.1,66.0,67.6,59.0,55.3,False,True,False,False
67.48,3,60.5,76.2,65.7,62.9,64.4,64.6,77.7,68.5,61.9,74.3,False,False,False,True
82.14,0,64.4,90.0,79.6,73.3,81.9,87.4,73.9,79.9,84.0,98.0,False,True,False,False
87.48,0,95.3,88.0,73.6,96.1,90.2,72.3,83.3,95.0,97.0,84.1,True,False,False,False
66.69,3,72.0,64.7,70.1,76.2,63.4,67.5,65.2,64.8,62.3,62.4,False,False,False,False
84.27,0,85.3,79.8,94.6,72.6,64.4,64.6,77.7,88.2,92.6,76.4,False,False,True,False
58.68,2,56.7,56.7,58.6,64.1,51.4,64.6,61.7,52.9,56.2,62.6,False,True,False,False
59.3,2,69.0,58.8,58.9,57.3,53.9,67.7,50.3,60.8,64.7,64.5,False,False,True,False
91.12,0,93.0,79.2,96.8,97.4,93.5,74.9,82.9,96.6,98.6,98.3,False,False,False,True
64.39,0,64.4,78.3,75.7,74.4,64.4,76.0,73.2,97.4,74.2,89.9,False,True,False,False
86.21,0,77.0,94.4,94.8,90.7,86.5,82.5,74.6,75.1,97.0,89.5,False,False,True,False
83.09,0,98.9,79.2,74.7,76.2,88.1,85.0,73.8,76.6,94.5,84.1,False,False,True,False
54.56,1,50.1,56.4,50.1,57.4,52.0,54.0,56.9,54.4,55.6,58.6,False,False,True,False
54.5,1,53.4,57.5,51.7,52.1,54.0,50.5,57.1,56.4,58.5,64.5,True,False,False,False
55.47,1,53.7,58.7,57.5,58.5,55.0,53.5,54.2,58.5,52.6,52.5,True,False,False,False
86.09,0,64.4,80.4,81.0,93.9,77.9,87.5,71.0,82.2,99.8,98.0,False,False,False,True
63.3,2,64.4,59.7,60.2,60.0,63.5,64.6,65.7,68.6,61.7,66.3,True,False,False,False
58.2,2,64.4,63.2,60.2,55.4,50.5,61.7,52.3,53.0,57.2,61.8,False,False,True,False
68.97,3,76.2,64.5,63.2,64.3,67.6,75.2,73.0,68.7,60.5,67.1,False,True,False,False
87.91,0,82.1,86.6,98.8,64.3,84.6,64.6,94.7,64.8,91.6,87.6,True,False,False,False
60.17,2,64.4,56.5,63.6,67.9,64.4,68.7,56.8,50.5,69.0,50.1,True,False,False,False
60.64,2,60.1,68.9,69.0,50.2,50.4,64.6,64.7,68.1,60.2,52.4,False,False,False,True
59.95,2,50.7,64.1,66.4,53.7,61.6,64.6,59.3,61.7,63.0,64.5,False,False,True,False
60.31,2,55.5,58.8,52.3,68.2,60.3,64.7,61.6,67.6,51.4,62.8,True,False,False,False
58.71,2,57.8,53.6,62.7,63.0,63.5,60.8,55.4,58.6,50.8,60.9,True,False,False,False
84.29,0,75.7,83.2,86.1,99.9,78.8,92.1,91.0,70.2,82.7,83.1,False,False,True,False
84.99,0,93.4,81.3,92.7,86.3,70.3,98.1,94.3,82.8,79.5,71.2,False,False,True,False
61.9,2,65.2,64.5,58.5,67.6,58.4,58.4,53.7,66.8,59.0,67.3,True,False,False,False
53.91,1,58.3,55.5,50.3,64.3,58.2,54.4,52.5,52.2,52.3,50.4,False,True,False,False
86.7,0,71.7,95.6,95.3,99.8,84.8,81.3,98.8,79.4,78.8,64.5,True,False,False,False
83.54,0,73.0,76.7,90.4,91.7,87.1,71.7,95.5,83.2,78.7,87.5,False,False,True,False
69.88,3,64.4,79.0,62.2,77.5,77.3,69.6,66.3,70.9,68.5,61.3,True,False,False,False
64.39,3,64.4,71.1,76.1,78.7,76.2,71.8,63.9,71.5,64.8,73.9,False,False,False,False
54.56,1,55.6,57.6,50.4,56.1,52.8,50.7,64.5,64.8,56.3,64.5,False,False,True,False
59.1,2,59.0,51.9,54.7,57.2,60.4,55.8,62.7,64.8,68.1,56.5,False,False,True,False
62.25,2,64.4,66.8,64.5,68.8,67.8,56.9,53.7,68.5,60.8,57.5,True,False,False,False
71.04,3,67.5,74.7,64.5,76.1,75.0,61.9,70.5,71.0,73.0,76.9,False,True,False,False
58.92,2,50.7,51.1,53.5,64.1,56.6,64.6,62.3,61.4,68.6,61.5,False,False,False,False
55.64,2,53.5,53.7,50.6,64.3,50.2,60.4,64.4,52.1,62.0,58.5,True,False,False,False
68.91,3,78.0,77.8,62.0,76.9,62.6,65.8,61.1,70.7,72.9,61.3,False,True,False,False
56.79,2,67.9,57.0,58.6,54.3,57.0,57.6,50.7,52.8,60.6,51.2,True,False,False,False
64.39,2,53.9,61.0,56.4,59.6,57.1,68.5,64.1,64.8,64.8,66.4,False,False,True,False
64.39,2,53.7,65.4,52.4,60.1,64.5,66.0,52.7,55.6,60.6,61.4,False,False,True,False
89.0,0,76.5,64.5,86.9,90.7,70.3,98.1,64.5,93.5,83.3,98.0,False,True,False,False
69.52,3,68.9,60.6,62.6,69.6,74.2,69.6,71.2,71.1,71.9,75.4,True,False,False,False
68.79,3,65.7,71.4,65.1,60.0,62.5,66.6,76.1,64.8,78.3,72.2,False,True,False,False
69.57,3,78.6,71.3,63.2,72.0,73.8,61.5,68.1,65.8,78.7,62.7,False,False,False,False
67.4,3,60.3,78.6,62.1,62.8,67.9,64.6,68.0,73.1,74.3,63.8,True,False,False,False
58.1,2,62.3,51.9,59.3,64.3,64.4,51.3,67.6,66.5,58.8,51.1,True,False,False,False
83.75,0,92.7,72.4,86.4,75.5,78.4,93.6,84.2,64.8,81.7,82.1,False,False,True,False
66.09,3,64.4,64.0,64.5,70.4,65.6,64.2,60.4,61.5,72.3,64.7,False,True,False,False
68.53,3,69.2,67.8,63.5,74.0,65.1,64.7,77.3,64.5,60.8,78.4,True,False,False,False
54.23,1,57.4,64.5,50.4,50.9,54.5,56.8,54.2,58.1,64.7,52.4,False,False,False,True
86.69,0,93.4,90.4,91.3,94.5,64.4,85.8,96.5,73.0,75.1,82.9,False,False,False,True
52.31,1,50.7,50.9,54.9,51.4,55.8,52.7,64.5,50.9,50.7,52.2,False,False,True,False
68.25,3,64.4,66.9,64.2,65.1,75.6,65.1,69.0,61.4,74.2,72.9,False,True,False,False
55.49,1,64.4,56.0,54.7,58.7,59.0,54.8,52.9,59.0,56.5,51.5,False,False,True,False
54.28,1,56.7,51.6,50.6,55.9,55.0,51.9,56.8,64.8,54.4,64.5,False,False,False,True
86.13,0,86.8,95.0,64.5,83.2,75.5,99.8,90.8,72.1,81.5,77.8,False,False,False,False
84.8,0,64.4,82.1,75.9,75.9,83.3,94.5,70.1,64.8,91.7,64.5,False,False,True,False
55.68,1,53.8,57.9,58.9,58.9,53.1,53.0,50.7,56.9,58.9,54.6,True,False,False,False
54.2,1,50.3,64.5,58.0,57.6,51.0,58.2,55.2,53.3,50.0,50.3,False,False,False,False
68.64,3,64.4,68.9,75.8,64.3,62.1,60.8,63.0,64.8,69.8,64.5,False,False,False,False
55.45,1,56.0,57.3,51.4,56.7,64.4,50.3,54.4,57.0,58.1,55.4,True,False,False,False
60.21,2,68.4,63.5,53.7,60.2,67.6,63.2,64.5,52.2,64.7,51.7,False,False,False,True
54.36,1,58.6,56.0,56.9,64.3,64.4,50.5,53.0,51.6,56.9,56.6,False,True,False,False
53.67,1,50.0,50.1,57.2,64.3,53.0,50.1,55.5,51.6,58.3,53.9,False,False,True,False
64.39,3,64.6,61.7,70.9,64.3,60.1,73.0,64.1,73.6,64.2,64.6,False,False,True,False
53.28,1,54.7,51.0,58.7,51.7,52.5,64.6,64.5,54.1,64.7,50.5,False,True,False,False
53.81,1,56.8,57.7,50.9,53.9,53.6,64.6,50.8,57.9,51.0,64.5,False,False,True,False
79.68,0,83.4,82.7,77.6,71.2,73.1,70.4,90.2,90.5,85.7,71.9,False,False,False,True
68.2,3,69.0,64.2,63.7,68.1,71.5,66.0,65.0,63.1,78.4,72.9,False,True,False,False
64.39,1,54.1,58.5,58.8,51.2,55.6,54.1,52.9,55.6,56.7,58.0,False,False,False,True
89.8,0,96.9,85.0,95.9,87.6,78.0,99.1,82.8,94.0,82.4,96.4,True,False,False,False
71.05,3,64.4,68.2,67.3,70.8,70.2,74.8,64.9,72.9,78.5,70.6,False,False,False,True
54.96,1,64.4,50.7,58.6,54.9,53.9,50.8,54.1,55.2,58.6,54.4,False,False,False,False
60.35,2,58.2,53.1,58.7,65.0,52.0,67.6,62.4,53.1,66.5,66.9,False,True,False,False
64.39,2,67.9,58.0,57.9,67.1,65.7,55.1,57.4,50.7,66.8,64.2,False,False,False,True
64.39,1,54.6,51.0,52.8,64.3,53.6,50.3,52.7,52.7,54.9,56.4,False,False,False,False
53.85,1,58.6,56.6,51.6,54.9,53.0,51.8,52.2,53.3,56.2,50.4,True,False,False,False
71.6,3,64.4,78.2,72.3,72.8,61.2,68.7,64.5,71.9,67.8,70.7,False,False,True,False
64.39,1,50.5,50.3,54.2,64.3,50.7,64.6,53.7,58.5,52.3,52.2,False,False,False,False
58.08,2,59.6,50.8,58.8,64.3,53.9,64.5,64.5,57.3,56.2,51.8,False,False,False,False
68.82,3,72.2,64.5,60.3,78.1,66.9,67.8,76.4,64.8,64.7,78.0,False,False,True,False
53.78,1,52.8,57.2,50.3,54.4,55.8,58.9,52.3,51.4,53.8,50.9,False,False,False,True
54.19,1,52.9,57.0,54.0,58.5,52.4,51.4,52.1,58.3,54.9,64.5,True,False,False,False
85.93,0,96.8,81.6,88.7,94.5,83.0,99.1,73.6,86.8,75.0,80.2,False,False,True,False
68.14,3,67.2,66.6,74.1,61.8,64.4,66.2,64.5,74.4,70.7,64.5,True,False,False,False
59.13,2,59.6,50.1,59.8,53.3,61.0,64.6,64.5,60.5,66.4,68.3,False,False,True,False
83.3,0,75.6,73.5,98.1,91.0,70.1,92.6,81.5,80.8,99.1,70.8,False,True,False,False
87.23,0,93.6,64.5,86.0,95.3,91.9,75.2,92.3,91.8,76.0,89.6,False,False,True,False
68.67,3,77.1,64.5,70.3,73.5,64.7,63.1,76.2,64.8,63.4,60.4,True,False,False,False
56.17,1,64.4,55.5,58.2,56.3,58.8,58.3,64.5,55.7,57.2,64.5,True,False,False,False
54.06,1,52.1,50.6,56.6,57.3,53.1,64.6,53.8,54.6,51.6,56.8,False,True,False,False
68.91,3,71.0,65.1,74.2,62.8,70.4,72.2,67.5,64.0,74.9,67.0,True,False,False,False
54.66,1,51.7,55.3,51.6,59.0,55.3,51.2,51.7,64.8,55.5,56.4,False,False,False,True
54.18,1,64.4,57.7,55.1,64.3,53.0,52.4,54.4,57.8,55.7,53.5,True,False,False,False
55.4,1,57.1,53.1,50.8,58.9,55.3,53.7,50.8,64.8,58.2,57.3,False,False,False,False
64.39,1,55.3,56.2,56.6,57.4,52.5,64.6,54.0,50.8,53.0,51.0,False,False,False,True
59.95,2,61.4,55.6,62.2,57.8,60.1,64.6,57.8,56.4,64.2,61.5,False,False,False,True
64.39,1,57.2,57.8,52.1,64.3,53.4,58.6,56.5,54.3,54.9,57.9,False,False,False,True
59.53,2,64.0,60.1,58.0,63.5,62.6,54.2,56.1,67.7,53.1,56.0,False,False,False,False
67.0,3,63.3,61.1,73.0,66.0,66.8,64.6,71.3,66.9,73.2,66.1,True,False,False,False
59.41,2,60.0,61.8,53.8,64.3,68.8,52.6,61.7,64.8,61.5,63.4,False,False,True,False
70.38,3,75.2,72.1,64.5,65.3,76.0,73.0,65.6,78.4,76.2,64.5,False,False,False,True
86.23,0,79.0,76.4,93.1,87.3,99.3,89.1,70.4,64.8,78.5,91.8,False,False,True,False
68.54,3,69.9,60.5,75.2,63.0,64.4,67.0,64.6,73.3,65.2,73.5,False,False,False,False
58.92,2,52.5,62.2,58.5,54.7,60.6,56.9,66.6,53.0,63.1,61.1,False,False,True,False
61.29,2,51.7,64.5,67.8,65.8,62.5,58.3,58.4,58.7,57.9,63.7,False,False,False,True
68.61,3,75.5,72.1,69.4,61.4,78.2,61.3,64.7,72.0,64.7,61.4,True,False,False,False
84.49,0,82.0,81.8,99.0,64.3,83.0,96.3,79.3,73.9,75.4,91.4,False,False,False,True
86.24,0,94.2,88.6,74.9,64.3,85.0,97.9,87.1,64.8,64.7,99.2,False,False,False,False
60.78,2,64.5,58.3,61.9,64.3,62.4,65.3,64.5,50.1,68.1,52.6,True,False,False,False
64.39,2,64.4,53.5,58.2,68.0,63.0,62.2,52.2,53.2,57.5,65.6,False,True,False,False
64.39,1,56.0,54.8,56.3,51.5,51.7,58.9,58.4,58.0,64.7,53.0,False,False,True,False
67.33,3,71.2,70.5,60.2,72.9,61.0,71.0,64.7,77.8,63.7,60.2,False,False,False,True
54.56,1,53.3,50.8,55.4,50.0,58.0,57.9,56.2,53.0,58.6,52.4,True,False,False,False
60.71,2,66.4,62.4,59.3,64.5,59.5,66.2,50.7,64.4,59.6,54.1,False,False,True,False
64.39,0,80.4,82.1,97.1,87.8,87.7,70.4,88.1,79.3,64.7,95.0,False,False,False,True
85.55,0,83.3,95.6,94.2,92.5,84.5,89.1,71.7,77.1,77.6,90.0,False,True,False,False
83.07,0,89.7,84.1,73.1,81.9,91.6,75.5,82.6,92.6,86.1,73.2,False,False,False,True
81.72,0,99.6,71.1,71.5,94.9,92.8,81.5,75.3,81.7,73.0,75.9,True,False,False,False
62.76,2,68.5,59.1,67.5,59.2,65.2,65.8,64.7,55.6,53.3,68.6,False,False,False,True
54.56,1,52.8,57.0,57.3,52.7,64.4,52.4,64.5,53.6,51.2,53.5,False,False,True,False
67.26,3,61.4,69.5,66.0,64.3,67.4,64.8,74.1,64.8,68.2,75.9,True,False,False,False
69.27,3,61.7,77.4,67.6,63.2,68.0,75.8,64.5,64.8,72.5,63.9,False,False,True,False
81.14,0,77.4,64.5,99.1,64.3,73.1,75.5,81.0,76.3,71.2,88.1,True,False,False,False
64.39,3,63.9,61.4,73.3,64.3,67.7,73.5,65.2,64.8,71.1,65.6,True,False,False,False
60.94,2,51.0,64.9,57.4,50.4,57.9,64.6,66.6,62.5,67.2,63.2,False,True,False,False
54.35,1,54.4,58.2,58.4,51.8,50.8,56.5,64.5,53.8,54.8,52.4,True,False,False,False
64.39,1,54.5,58.8,51.6,56.7,64.4,57.5,64.5,58.1,55.5,58.4,False,False,False,False
57.06,2,54.7,53.3,64.5,50.2,53.3,67.8,51.6,61.8,53.9,58.3,False,True,False,False
68.06,3,61.7,73.5,64.5,64.3,68.0,78.8,68.4,62.4,68.5,62.9,False,False,True,False
86.66,0,78.6,86.9,70.9,87.9,89.5,64.6,94.8,94.2,92.6,89.1,True,False,False,False
68.89,3,66.6,68.4,71.6,77.2,69.1,75.4,66.3,66.9,61.4,65.8,False,True,False,False
87.23,0,80.7,82.5,64.5,99.9,85.2,64.6,82.1,92.3,84.9,64.5,False,False,False,False
57.73,2,57.7,50.3,59.2,66.2,64.4,61.3,53.1,51.7,53.4,64.5,False,False,False,False
68.86,3,68.9,64.5,72.7,66.2,63.5,61.3,64.5,67.3,77.2,78.6,False,False,True,False
70.07,3,65.8,68.1,76.7,69.1,75.7,68.5,78.3,62.9,63.1,72.6,False,False,True,False
58.61,2,64.4,60.6,51.3,58.4,60.3,59.1,55.6,63.8,65.0,58.7,False,False,False,False
88.14,0,92.4,93.8,91.7,81.6,64.4,77.4,95.0,84.8,70.0,97.1,False,False,True,False
64.39,3,73.0,63.3,75.8,68.2,74.5,62.2,68.2,62.9,71.2,70.0,False,False,False,False
87.68,0,76.4,89.6,79.0,97.9,84.1,92.1,93.6,81.0,90.4,92.8,False,False,False,False
54.9,1,56.7,51.6,51.9,50.7,57.4,64.6,52.5,56.2,57.9,58.2,False,False,False,False
64.39,3,75.4,68.2,69.8,62.3,72.9,66.8,74.2,74.0,72.3,76.0,True,False,False,False
87.91,0,73.2,85.6,83.3,89.2,94.2,64.6,64.5,78.9,97.3,90.8,False,False,False,True
55.29,1,51.7,56.4,52.3,55.0,56.1,57.9,53.2,56.8,56.2,57.3,False,False,False,False
69.81,3,68.4,73.7,67.9,65.4,63.5,64.6,69.7,74.0,66.1,73.5,True,False,False,False
70.03,3,76.7,77.0,65.2,63.9,64.4,63.7,66.5,73.3,67.5,72.7,True,False,False,False
67.47,3,71.8,66.6,68.6,64.3,60.0,66.2,72.9,64.8,72.0,69.3,True,False,False,False
60.75,2,63.4,56.2,67.4,67.9,56.7,62.7,54.7,67.4,57.3,53.8,False,False,False,False
83.33,0,91.5,93.5,74.3,80.4,79.5,64.6,76.4,64.8,86.1,82.7,False,False,False,False
83.46,0,64.4,89.6,93.1,87.9,80.4,82.0,83.0,84.5,64.7,70.6,False,True,False,False
61.86,2,63.5,58.6,58.9,64.3,53.4,63.4,57.7,68.1,60.4,67.9,False,False,True,False
64.39,3,70.2,73.5,60.6,62.8,71.2,66.4,60.1,67.3,68.5,64.9,True,False,False,False
55.19,1,52.7,55.2,57.8,57.3,52.5,53.3,56.5,56.1,57.6,53.0,False,False,True,False
53.54,1,51.0,51.6,57.5,56.4,56.1,53.3,51.2,55.5,51.4,51.5,False,False,False,False
73.08,3,71.6,64.5,72.9,73.4,64.4,64.6,77.1,74.3,69.8,76.0,False,False,False,True
58.09,2,50.0,51.0,60.2,52.7,64.4,62.9,64.5,55.8,67.3,59.7,False,False,False,False
60.13,2,54.9,61.5,64.5,59.3,60.7,58.6,67.1,57.6,61.7,65.1,False,True,False,False
82.51,0,77.0,77.2,77.1,75.9,78.6,77.4,98.4,95.7,64.7,64.5,False,True,False,False
83.72,0,93.0,90.0,64.5,80.4,83.6,72.0,96.3,71.6,64.7,94.8,False,False,True,False
58.36,2,69.0,63.2,56.0,56.0,57.7,50.1,59.4,65.1,53.7,53.5,False,False,False,True
64.39,1,55.7,54.0,51.7,57.6,64.4,50.1,51.6,50.5,64.7,58.3,True,False,False,False
69.89,3,63.5,64.7,72.0,67.4,64.4,73.1,68.8,74.9,64.7,75.6,False,False,False,True
85.92,0,81.2,84.5,64.5,73.7,64.4,76.9,92.2,98.2,96.7,64.5,True,False,False,False
58.74,2,59.8,55.1,65.8,53.8,55.0,66.1,56.5,52.4,65.5,57.4,False,False,False,True
53.89,1,53.8,56.1,52.0,51.2,54.6,55.6,55.2,64.8,52.5,53.7,False,False,False,False
69.47,3,78.1,66.1,65.6,68.0,71.4,66.8,78.2,68.3,69.9,64.5,False,True,False,False
68.63,3,62.2,74.9,63.5,64.3,60.8,64.6,63.1,66.8,73.9,78.6,False,False,True,False
68.68,3,66.3,65.4,76.0,73.0,72.4,64.6,64.6,77.1,65.2,62.7,True,False,False,False
92.01,0,99.6,97.2,97.0,79.7,81.0,88.2,98.3,64.8,99.8,64.5,True,False,False,False
54.63,1,52.2,58.6,57.5,54.8,56.6,51.5,56.9,52.4,52.4,53.4,False,False,True,False
88.78,0,82.0,90.5,90.2,64.3,76.1,90.2,85.1,93.8,86.3,97.1,True,False,False,False
89.14,0,81.8,83.4,98.1,79.6,64.4,85.7,99.4,94.6,94.1,86.8,False,False,True,False
64.39,1,50.6,55.3,55.2,53.9,56.9,52.0,50.4,53.6,53.1,53.1,False,False,False,False
54.94,1,64.4,59.0,52.7,55.4,51.7,51.1,55.4,64.8,58.6,64.5,True,False,False,False
86.62,0,88.5,99.4,92.1,89.6,86.6,64.6,64.5,78.4,79.4,95.4,True,False,False,False
53.93,1,54.2,50.5,52.7,55.5,58.2,57.3,51.5,53.5,54.1,51.8,False,True,False,False
59.71,2,59.7,65.4,52.3,50.8,57.3,67.4,64.5,66.0,67.8,55.5,False,True,False,False
82.24,0,87.8,76.0,93.8,64.3,64.4,73.7,79.0,70.7,79.6,86.9,False,True,False,False
83.82,0,73.9,64.5,81.2,73.9,97.6,94.3,76.1,94.6,79.2,87.7,False,False,False,False
59.52,2,64.5,60.8,53.9,56.7,59.6,63.5,55.3,62.5,60.3,58.2,True,False,False,False
83.44,0,92.6,72.4,84.0,75.5,93.4,64.6,78.7,64.8,83.2,99.2,False,False,True,False
87.61,0,87.4,64.5,94.4,94.2,84.1,97.4,87.3,64.8,79.4,64.5,False,True,False,False
58.04,2,51.6,52.8,65.7,64.7,55.7,59.7,54.5,62.1,53.0,60.6,False,True,False,False
82.0,0,88.4,75.2,78.5,76.9,89.7,90.2,89.8,75.4,78.6,77.2,False,False,True,False
60.67,2,62.9,65.4,55.1,62.1,59.5,67.7,52.8,59.7,64.7,55.7,False,False,False,True
85.47,0,80.5,97.0,71.4,64.3,95.7,82.1,79.1,95.9,73.4,98.6,False,False,True,False
89.35,0,97.9,79.6,88.1,99.5,95.4,82.9,72.1,91.3,91.0,95.8,True,False,False,False
60.41,2,53.1,54.4,66.4,67.7,52.5,64.6,59.2,55.2,63.6,68.9,False,False,True,False
53.86,1,64.4,51.3,52.4,54.3,56.4,64.6,51.6,53.7,56.6,52.9,False,False,False,False
55.61,1,54.5,53.1,53.8,57.1,57.9,53.5,55.8,58.7,57.3,54.3,False,False,False,True
64.39,1,54.7,54.6,51.3,55.0,50.0,50.4,51.1,50.6,55.0,51.3,True,False,False,False
60.27,2,63.0,53.8,59.3,64.3,64.8,61.1,60.5,51.7,60.5,63.8,False,False,False,True
53.81,1,54.8,51.8,52.1,51.2,51.1,57.0,64.5,58.1,53.1,56.2,True,False,False,False
55.69,1,57.8,64.5,56.2,56.3,56.6,57.9,50.4,57.2,57.5,55.2,False,False,False,True
85.68,0,98.2,83.6,79.3,97.2,77.6,92.3,82.0,92.2,83.2,71.2,False,False,False,False
64.39,3,73.3,70.9,74.6,64.0,66.6,73.9,76.7,68.4,69.7,64.5,True,False,False,False
71.44,3,77.6,75.8,60.6,73.5,66.4,71.0,69.6,64.8,73.8,70.9,True,False,False,False
72.47,3,69.9,75.9,76.6,75.8,60.9,67.0,75.3,69.9,75.2,78.3,False,True,False,False
83.19,0,83.8,88.4,83.1,74.1,64.4,98.8,77.7,82.6,86.6,78.9,False,True,False,False
83.4,0,71.8,81.5,79.8,79.6,64.4,64.6,64.5,99.9,64.7,74.4,False,False,True,False
61.67,2,64.1,54.4,58.3,62.6,66.0,60.8,63.4,68.4,52.4,66.3,True,False,False,False
59.33,2,53.7,64.5,58.6,59.5,57.6,63.4,52.5,52.3,63.8,64.5,False,False,True,False
72.38,3,72.6,72.6,64.5,78.5,74.9,64.2,72.6,68.1,78.3,65.0,False,False,True,False
54.09,1,64.4,51.9,52.6,55.9,58.9,53.1,51.8,51.8,54.0,53.5,False,True,False,False
57.91,2,64.4,65.2,51.1,57.5,57.2,53.6,66.3,54.0,64.7,53.4,False,False,True,False
86.19,0,93.6,81.5,94.0,72.8,73.9,85.7,64.5,92.4,81.8,86.1,False,True,False,False
55.07,1,57.4,54.4,64.5,50.7,58.3,64.6,50.6,64.8,55.5,56.0,False,True,False,False
85.7,0,74.9,74.8,64.5,87.9,88.1,93.1,90.9,81.7,96.5,64.5,False,True,False,False
53.78,1,54.5,50.8,57.8,55.6,51.1,64.6,64.5,53.1,51.8,56.9,False,False,False,True
67.38,3,74.2,67.8,63.7,60.8,64.4,60.6,63.0,76.1,61.6,73.3,True,False,False,False
88.65,0,96.3,82.0,93.9,91.7,83.1,96.8,64.5,83.5,82.1,87.7,True,False,False,False
55.3,1,55.2,54.2,57.9,56.6,51.6,52.3,64.5,54.7,58.6,57.7,False,True,False,False
54.45,1,57.5,55.2,50.1,57.6,54.2,55.0,57.0,57.0,50.5,50.4,False,False,False,True
71.6,3,76.3,74.8,72.8,78.3,66.0,64.6,72.6,78.1,69.0,64.5,False,False,False,True
62.54,2,59.7,64.7,60.2,63.1,64.4,60.6,67.4,62.0,58.2,65.7,True,False,False,False
69.72,3,62.3,73.7,74.9,68.0,64.5,64.5,78.0,73.6,67.2,70.4,False,True,False,False
53.92,1,55.8,56.3,53.2,56.4,54.8,52.5,51.3,54.0,52.3,52.7,False,False,False,True
64.39,0,89.6,64.5,99.1,93.0,84.9,88.3,91.0,93.5,99.4,98.4,True,False,False,False
57.26,2,53.8,66.0,52.0,61.5,64.4,65.0,51.0,59.6,59.2,53.4,False,False,False,True
53.79,1,51.9,64.5,56.1,51.4,57.4,50.0,55.9,50.3,58.3,64.5,False,False,True,False
54.48,1,55.3,58.7,55.8,53.1,55.3,50.7,64.5,56.1,57.3,52.2,False,True,False,False
64.39,1,54.5,52.7,55.6,58.1,57.1,52.1,52.8,56.1,53.6,50.2,False,True,False,False
70.6,3,72.7,67.5,76.5,74.6,76.6,74.4,63.1,72.8,60.7,67.0,True,False,False,False
54.24,1,51.3,54.4,58.8,53.2,54.3,50.9,56.3,64.8,55.6,52.3,False,False,True,False
63.8,2,64.5,67.1,64.5,67.0,58.2,67.6,64.5,57.2,67.2,61.7,False,False,True,False
60.15,2,64.4,68.9,57.7,66.2,56.4,61.3,54.9,55.4,61.4,68.5,False,False,False,True
83.76,0,88.6,94.6,82.1,92.7,74.0,73.4,83.4,78.5,64.7,91.3,True,False,False,False
60.81,2,58.8,67.9,53.5,67.4,65.3,55.7,62.1,65.9,58.9,52.6,False,False,False,True
54.4,1,56.4,53.3,53.3,64.3,57.9,54.2,51.4,50.1,53.8,64.5,False,False,True,False
82.34,0,72.3,97.7,90.2,75.4,85.6,71.1,79.2,98.9,79.0,74.0,True,False,False,False
61.75,2,67.4,67.6,64.2,64.3,59.0,64.6,59.3,56.7,64.0,55.0,False,True,False,False
85.02,0,77.0,70.4,81.3,89.1,88.5,88.6,95.8,91.3,78.7,89.5,True,False,False,False
53.8,1,50.5,51.2,50.2,58.3,58.5,64.6,50.5,55.1,58.7,64.5,False,False,False,False
54.43,1,51.3,57.7,50.6,50.5,51.9,55.7,57.9,55.4,56.2,64.5,False,False,True,False
68.79,3,62.7,73.3,66.4,64.0,73.9,68.9,78.2,70.6,63.1,67.0,False,True,False,False
60.17,2,65.1,68.3,59.8,51.4,58.1,68.5,56.6,63.0,59.8,51.2,False,False,True,False
64.39,1,64.4,54.4,57.6,52.7,51.3,56.3,64.5,50.6,52.9,54.8,False,False,False,False
55.05,1,57.8,51.8,64.5,57.6,57.6,57.4,56.2,50.1,52.6,53.9,False,False,True,False
54.38,1,54.0,53.3,56.0,57.6,51.7,64.6,53.4,58.9,52.8,54.7,False,True,False,False
61.36,2,56.1,62.5,62.6,56.3,61.7,67.8,59.1,60.2,64.7,62.7,False,True,False,False
59.5,2,62.9,64.0,51.8,65.7,59.4,50.3,65.6,57.6,64.7,65.1,False,False,True,False
85.57,0,98.7,94.1,64.5,89.8,90.3,87.2,78.9,84.2,82.0,64.5,False,False,True,False
55.24,1,55.1,58.8,51.1,64.3,54.6,54.2,56.9,56.1,54.1,52.8,False,False,True,False
67.27,3,71.6,67.1,65.3,70.7,63.2,67.5,64.5,60.6,75.5,61.9,False,True,False,False
54.51,1,51.7,54.1,53.3,58.4,55.3,58.0,54.0,55.9,52.8,51.7,False,False,True,False
71.2,3,62.0,63.4,75.8,70.4,75.7,72.2,78.1,71.0,70.4,73.0,False,False,False,False
64.39,3,64.4,69.5,72.4,68.0,62.3,64.6,69.5,67.3,70.1,63.4,False,True,False,False
67.19,3,67.6,62.0,69.3,62.3,62.4,60.1,68.9,72.8,70.6,76.0,False,False,False,True
53.88,1,51.7,55.9,50.3,50.8,55.4,57.0,55.1,56.1,52.5,54.1,True,False,False,False
59.76,2,63.1,56.3,52.5,64.8,51.7,66.4,57.2,66.5,56.0,62.9,False,False,False,True
86.57,0,89.3,81.8,64.5,84.5,93.6,64.6,96.6,85.9,84.3,84.7,False,True,False,False
55.34,1,58.0,53.8,57.3,55.8,55.0,55.8,54.0,50.7,54.2,58.7,True,False,False,False
67.42,3,64.0,60.1,63.5,64.4,76.6,65.4,68.3,74.9,62.8,74.2,True,False,False,False
82.79,0,98.4,64.5,74.1,86.9,80.6,76.2,96.5,77.5,71.9,78.9,True,False,False,False
81.09,0,94.6,64.5,75.6,78.4,84.1,64.6,74.8,71.0,80.7,89.3,False,False,False,True
70.65,3,62.8,78.2,69.5,64.3,75.5,63.3,64.5,69.6,69.4,77.2,True,False,False,False
64.39,3,64.3,64.6,63.1,77.9,74.8,74.0,64.5,61.6,61.8,67.2,False,False,True,False
54.2,1,53.3,55.8,57.7,64.3,55.9,54.8,64.5,51.3,51.9,56.7,False,False,False,False
57.57,2,64.4,55.0,58.2,60.6,60.1,54.4,64.3,64.8,51.8,58.2,True,False,False,False
88.56,0,64.4,95.0,85.6,87.2,64.4,97.1,97.6,87.8,73.8,88.4,False,False,False,False
91.03,0,99.0,77.1,99.8,79.2,98.2,98.5,76.3,92.7,64.7,94.2,True,False,False,False
70.5,3,66.1,70.1,73.4,64.3,64.8,70.9,78.7,74.5,66.5,74.3,False,False,True,False
83.65,0,90.7,91.1,74.6,74.3,81.5,81.8,64.5,92.3,98.7,79.9,False,False,False,False
87.12,0,95.4,79.2,99.0,86.6,80.8,99.7,80.1,89.3,82.7,78.5,False,True,False,False
58.48,2,58.4,60.9,51.0,50.1,55.9,65.1,58.6,67.8,66.3,64.5,True,False,False,False
67.92,3,75.9,63.9,62.4,64.3,63.6,64.4,77.5,64.8,62.6,68.6,False,False,False,False
69.11,3,64.0,60.4,78.8,61.2,73.5,66.0,64.5,68.5,76.8,68.3,False,True,False,False
53.5,1,58.7,51.3,52.2,52.5,51.4,57.6,52.2,52.2,56.7,50.3,False,False,True,False
55.72,1,58.0,57.1,52.1,56.0,58.0,52.2,54.7,55.0,56.3,57.8,False,False,False,True
64.39,0,84.0,64.5,80.2,76.2,64.4,99.3,98.5,76.6,99.2,75.9,True,False,False,False
61.36,2,68.0,66.7,68.5,56.2,62.3,64.1,59.3,50.2,62.5,55.7,False,False,False,True
53.7,1,52.7,55.1,57.8,54.5,50.1,51.2,53.4,64.8,56.3,53.7,False,False,True,False
70.05,3,73.4,70.2,64.5,62.8,73.0,73.6,62.7,71.2,74.7,60.8,False,True,False,False
57.08,2,55.0,50.4,51.6,58.5,60.2,55.9,64.5,67.0,51.9,66.7,False,False,True,False
83.33,0,76.8,86.6,81.9,85.5,78.9,83.0,91.1,83.1,89.6,76.8,False,True,False,False
59.39,2,56.8,62.9,65.3,63.9,65.8,64.6,54.6,54.2,57.4,52.6,False,False,False,True
64.39,0,76.3,83.5,82.0,88.7,94.3,74.2,82.3,78.9,88.2,73.3,False,False,True,False
54.11,1,55.6,56.9,54.6,51.2,55.0,57.0,54.6,52.3,53.4,50.5,True,False,False,False
73.69,3,76.4,76.3,62.0,72.7,71.2,77.1,78.3,78.5,70.6,73.9,False,True,False,False
69.38,3,74.7,73.9,65.1,66.0,64.6,76.0,60.3,78.8,71.7,62.7,False,False,True,False
72.8,3,78.0,74.1,70.7,72.6,69.4,77.3,63.1,73.6,76.1,73.1,False,False,False,True
58.82,2,50.1,56.0,65.7,54.4,50.0,67.8,62.8,65.4,63.8,52.2,True,False,False,False
83.38,0,84.6,94.9,64.5,64.3,71.7,82.1,87.9,90.7,86.1,64.5,False,False,True,False
52.82,1,51.2,57.5,57.0,50.6,50.1,64.6,52.7,50.9,50.2,64.5,False,False,True,False
84.83,0,83.8,64.5,71.0,94.9,94.5,71.9,74.6,79.9,92.4,96.5,False,False,False,False
64.39,1,50.6,50.3,56.0,52.5,53.0,55.2,64.5,56.6,64.7,57.7,True,False,False,False
70.65,3,69.9,72.8,64.5,76.0,67.2,68.1,61.7,78.0,72.8,65.5,False,False,True,False
67.36,3,68.4,68.5,62.1,65.3,72.7,66.6,64.5,73.4,71.6,64.9,False,False,True,False
56.71,1,58.5,54.2,57.3,57.4,57.7,58.2,54.0,57.6,64.7,58.7,False,True,False,False
72.08,3,73.2,71.1,78.0,67.2,69.7,70.3,70.3,77.6,65.6,77.8,False,False,False,True
64.39,1,51.9,55.2,58.1,58.2,52.2,51.7,57.9,54.2,50.5,56.0,False,False,True,False
86.21,0,64.4,64.5,98.2,88.8,78.6,64.6,89.5,73.6,84.7,85.6,False,False,False,False
68.28,3,60.1,64.1,77.3,63.4,76.4,64.8,65.7,77.7,62.4,64.5,False,True,False,False
60.3,2,59.5,61.6,55.4,68.5,59.5,51.4,67.5,67.5,51.9,60.2,False,False,True,False
68.21,3,78.3,64.5,67.2,60.4,67.3,73.0,73.5,63.7,60.2,62.9,True,False,False,False
66.97,3,68.7,67.8,63.6,64.3,64.2,65.4,70.4,72.8,61.6,70.9,True,False,False,False
54.25,1,57.3,53.4,50.7,53.5,54.2,58.8,64.5,56.7,50.0,56.0,False,False,True,False
60.62,2,58.8,56.6,58.5,60.0,64.4,60.8,68.0,58.2,66.0,67.1,False,False,False,False
66.15,3,62.8,66.0,63.1,68.6,71.3,63.6,61.5,77.5,65.7,61.4,False,False,True,False
60.39,2,64.4,68.5,57.1,68.3,68.9,52.4,64.5,64.6,51.0,55.7,True,False,False,False
54.66,1,56.0,52.9,56.5,58.3,50.7,52.6,53.3,58.0,57.6,64.5,True,False,False,False
56.72,2,50.0,64.5,61.9,52.1,58.4,53.1,54.1,64.5,60.2,59.5,True,False,False,False
55.36,1,53.2,58.0,56.7,52.2,57.8,64.6,56.1,52.3,57.1,54.2,False,False,False,True
57.14,2,51.8,57.2,61.8,53.0,60.9,60.0,50.1,52.5,66.0,58.2,True,False,False,False
53.24,1,52.5,52.7,53.1,50.9,64.4,54.1,51.0,53.8,56.4,52.3,True,False,False,False
64.39,2,64.6,58.7,58.4,66.7,52.8,51.5,61.1,52.1,52.3,55.1,False,True,False,False
83.87,0,85.6,76.0,81.8,64.3,71.2,99.6,99.4,76.4,73.8,87.7,False,False,False,False
60.49,2,59.0,58.1,63.9,55.6,67.3,59.3,66.2,51.7,66.3,57.5,True,False,False,False
54.96,1,58.5,55.0,56.6,54.0,64.4,50.6,64.5,57.8,54.5,64.5,False,False,True,False
53.16,1,54.1,54.0,50.9,50.1,54.2,57.2,51.4,50.1,58.1,51.4,False,True,False,False
53.81,1,64.4,53.9,55.8,54.8,57.6,51.5,64.5,50.0,55.1,53.6,False,True,False,False
86.17,0,82.7,78.1,99.8,92.8,82.7,74.6,64.5,81.8,76.5,64.5,True,False,False,False
82.01,0,64.4,93.2,74.9,78.4,76.3,85.1,70.2,99.2,64.7,71.5,False,False,True,False
69.56,3,76.4,76.6,70.7,61.5,65.7,64.6,65.7,65.4,72.1,64.1,True,False,False,False
54.36,1,51.4,50.4,52.2,57.9,57.5,51.5,56.1,64.8,58.1,50.4,False,True,False,False
54.09,1,51.5,52.8,57.4,53.8,53.2,52.0,64.5,64.8,57.1,50.4,False,True,False,False
89.32,0,64.4,94.2,94.8,98.7,82.4,92.1,91.7,98.8,98.7,70.4,False,False,False,True
80.58,0,75.8,79.7,82.0,71.6,75.4,78.6,87.5,98.0,81.3,75.9,False,True,False,False
58.73,2,62.6,64.5,67.7,55.7,52.9,54.1,60.2,61.0,51.4,62.4,True,False,False,False
54.33,1,54.6,51.7,51.5,58.7,55.2,51.1,56.9,64.8,55.0,52.9,False,False,False,False
58.91,2,63.4,64.8,64.5,60.6,60.3,50.1,64.0,55.5,53.9,56.1,True,False,False,False
64.39,3,71.6,64.5,70.5,71.5,60.7,76.8,66.5,61.1,73.3,76.7,False,False,False,True
68.63,3,65.9,60.5,78.4,64.2,75.3,71.9,60.5,72.9,64.9,71.8,False,False,False,True
68.98,3,65.3,64.5,76.1,78.2,64.4,63.0,73.0,60.1,60.9,61.0,True,False,False,False
69.12,3,67.7,74.9,71.1,64.3,69.6,63.3,74.8,64.8,71.3,70.5,True,False,False,False
59.89,2,64.9,60.4,63.6,55.5,57.7,50.7,55.0,64.3,69.0,57.8,False,False,False,True
57.5,2,66.1,55.3,52.0,50.9,51.1,62.2,65.0,51.5,64.7,61.3,False,False,True,False
82.31,0,85.9,76.2,95.3,71.4,78.5,85.2,93.8,86.3,70.1,80.4,False,False,False,True
84.16,0,79.0,90.8,72.0,98.2,99.3,89.1,76.9,88.3,73.3,74.8,False,True,False,False
87.57,0,75.5,99.5,84.4,64.3,85.9,82.2,64.5,64.8,74.5,95.3,False,False,True,False
83.72,0,88.9,74.1,64.5,89.8,82.2,70.2,81.5,93.6,87.3,82.3,False,True,False,False
53.04,1,55.6,57.1,54.7,54.2,50.5,51.3,51.1,50.1,50.5,55.2,False,False,False,True
55.12,1,57.0,52.3,55.8,56.1,50.6,57.1,55.9,57.1,53.5,55.8,True,False,False,False
86.84,0,97.4,83.9,92.2,84.9,64.4,80.6,70.9,64.8,91.9,99.7,False,False,False,False
58.76,2,50.2,59.7,61.2,64.1,61.1,60.0,54.3,66.4,54.9,55.7,True,False,False,False
56.76,2,52.7,55.6,65.1,51.5,51.1,50.2,61.8,65.1,56.6,57.8,False,False,False,True
55.18,1,50.8,57.3,55.9,56.8,51.1,57.3,57.2,51.6,55.3,58.5,False,False,False,False
84.43,0,99.3,78.6,75.7,74.9,88.0,64.6,92.3,74.8,85.2,88.0,False,False,True,False
86.81,0,71.4,97.3,96.5,74.9,92.7,86.8,89.8,91.8,78.5,88.4,True,False,False,False
59.47,2,51.5,57.3,64.5,54.6,56.5,50.5,58.4,66.3,66.1,65.8,True,False,False,False
64.39,1,52.5,55.4,58.1,51.8,51.2,55.3,57.7,53.4,58.5,64.5,False,False,True,False
68.57,3,66.3,62.6,66.8,75.5,76.7,61.3,64.5,60.6,78.0,63.6,True,False,False,False
61.63,2,60.9,64.5,67.7,55.0,68.2,58.8,61.5,68.4,67.0,64.5,False,False,False,False
54.29,1,51.8,52.8,53.4,56.5,51.1,64.6,57.0,64.8,55.3,55.0,True,False,False,False
56.82,2,51.7,53.4,50.4,50.1,64.4,62.9,65.3,62.7,68.9,50.5,True,False,False,False
64.39,2,51.0,54.0,50.2,58.8,64.7,50.2,54.2,64.8,65.1,67.0,False,False,False,True
88.85,0,79.9,96.6,93.0,64.3,64.4,85.6,82.1,99.4,77.3,94.2,False,False,False,False
55.0,1,51.4,52.7,57.7,58.1,55.6,58.6,53.3,55.6,51.4,55.6,False,False,True,False
54.54,1,55.8,51.5,55.2,53.2,55.4,52.4,54.2,58.5,64.7,54.6,True,False,False,False
64.39,0,83.3,87.4,93.2,96.1,83.1,79.8,91.1,87.9,99.1,95.6,True,False,False,False
59.04,2,55.8,59.1,64.5,60.6,57.0,51.7,60.9,63.6,52.5,65.6,False,False,True,False
58.26,2,66.9,56.1,52.1,62.0,57.7,56.6,53.0,59.8,64.7,62.9,True,False,False,False
70.5,3,62.3,78.8,67.7,74.4,67.0,64.6,64.5,60.1,78.0,78.7,True,False,False,False
64.39,3,67.2,64.5,60.8,63.1,70.6,76.3,75.5,66.5,64.7,66.4,False,True,False,False
60.95,2,67.0,58.1,52.1,51.0,66.6,64.6,62.4,69.0,62.7,58.6,False,False,False,False
59.23,2,57.0,64.5,64.4,54.1,60.3,63.9,56.4,58.1,52.9,67.5,False,False,True,False
54.7,1,52.8,53.7,52.8,64.3,55.9,54.7,53.4,57.0,56.8,57.2,False,False,False,True
61.62,2,67.2,64.1,52.1,61.7,67.3,58.3,60.9,58.7,64.7,62.8,False,False,False,False
54.31,1,56.0,50.7,64.5,53.6,50.3,54.5,50.9,56.4,58.2,54.7,False,False,False,True
54.05,1,55.1,55.2,50.2,58.2,55.3,53.4,53.7,51.3,57.3,50.9,False,False,False,False
59.51,2,59.1,64.0,54.6,56.4,67.8,64.6,59.7,54.1,64.7,61.9,True,False,False,False
82.14,0,64.4,70.8,64.5,71.0,88.3,94.1,64.5,99.5,79.8,78.1,True,False,False,False
53.36,1,55.8,50.9,51.5,51.4,64.4,64.6,57.7,56.5,56.3,50.9,False,True,False,False
53.4,1,56.0,51.2,54.7,51.0,51.2,56.2,52.0,51.6,55.5,54.6,True,False,False,False
64.39,3,66.0,61.6,65.5,63.5,62.7,73.7,68.4,71.1,73.1,78.1,True,False,False,False
53.61,1,54.9,56.6,51.7,56.8,51.3,50.3,53.0,54.8,50.9,64.5,True,False,False,False
55.08,1,58.1,53.1,52.4,55.3,50.2,55.8,58.7,52.5,56.5,58.1,True,False,False,False
59.73,2,59.9,67.6,64.5,51.2,50.4,67.8,50.9,55.6,67.3,68.8,False,True,False,False
72.06,3,76.2,77.6,76.1,62.5,71.2,77.4,64.5,66.6,73.8,61.8,False,False,True,False
55.18,1,57.2,58.9,55.7,51.9,51.5,64.6,56.5,54.6,50.4,56.3,False,False,True,False
84.09,0,87.5,79.8,92.7,79.1,90.1,70.7,77.1,77.4,99.7,86.6,True,False,False,False
84.8,0,76.8,76.7,88.7,81.2,97.9,88.4,97.1,77.1,92.5,71.5,False,False,False,False
64.39,2,62.0,58.2,64.5,60.4,56.2,64.6,50.2,54.3,59.7,64.5,False,False,False,False
85.7,0,75.0,75.4,96.7,64.3,93.8,89.0,80.6,92.8,88.1,85.0,False,False,False,True
64.39,0,80.5,86.7,71.3,97.6,88.4,75.8,77.9,99.8,90.7,70.7,False,False,True,False
60.51,2,58.6,64.5,57.1,53.4,60.8,64.6,63.8,63.9,65.0,64.9,False,False,False,True
82.9,0,64.4,91.0,83.0,73.1,74.8,85.3,87.9,99.1,71.2,81.9,True,False,False,False
61.09,2,61.8,61.8,52.3,64.3,50.7,59.4,52.4,66.7,68.6,68.5,False,True,False,False
55.23,1,58.6,64.5,58.6,58.0,50.7,54.8,53.0,51.3,54.6,58.8,False,False,False,True
82.61,0,71.0,70.4,98.1,89.1,91.4,84.2,83.9,79.7,83.7,74.6,True,False,False,False
54.71,1,51.1,56.9,53.1,53.5,52.6,55.3,56.5,57.5,56.4,64.5,False,False,False,True
59.15,2,65.7,56.4,50.2,61.2,50.9,68.6,64.5,63.3,60.9,63.0,False,False,False,False
69.86,3,61.1,63.8,70.4,74.7,72.0,74.4,78.8,61.1,71.2,71.1,True,False,False,False
68.58,3,63.3,66.2,61.0,72.3,71.9,66.9,74.1,63.7,73.3,73.1,False,False,False,True
54.83,1,64.4,51.9,52.9,57.0,56.4,54.5,51.9,58.1,52.7,55.8,False,False,False,False
85.08,0,70.8,89.8,88.8,88.0,86.4,93.6,71.8,98.9,71.1,91.6,False,True,False,False
64.39,0,72.6,71.7,99.9,73.6,95.0,92.7,97.7,82.7,89.4,72.9,False,False,False,False
70.79,3,66.2,64.5,68.2,65.9,73.2,73.7,77.0,78.9,67.4,64.0,False,False,False,False
54.86,1,57.5,54.2,52.3,58.0,58.3,54.8,50.3,51.7,57.2,54.2,False,True,False,False
85.65,0,96.5,81.1,77.6,95.2,64.4,90.4,70.1,91.7,74.1,83.7,True,False,False,False
87.76,0,78.7,95.2,86.8,97.8,80.8,84.4,85.9,97.8,91.5,78.8,False,False,False,True
64.39,2,62.4,51.4,66.5,62.9,54.2,60.5,64.5,57.2,64.7,61.7,False,False,False,False
54.42,1,55.1,64.5,52.4,53.9,53.2,57.2,52.2,58.9,51.3,64.5,False,False,True,False
64.39,2,63.3,62.0,57.7,50.0,62.5,53.6,62.8,50.5,68.2,51.4,True,False,False,False
82.76,0,87.5,85.6,89.8,71.9,74.0,85.1,93.2,70.5,86.3,83.7,False,True,False,False
58.97,2,52.5,64.5,65.0,64.3,58.8,50.6,60.9,64.8,56.8,56.2,False,True,False,False
64.39,1,57.8,51.3,50.8,57.7,53.2,52.7,53.6,52.6,59.0,56.3,True,False,False,False
79.95,0,79.1,88.0,71.0,91.0,70.5,70.5,81.6,89.8,81.6,76.3,True,False,False,False
58.94,2,64.4,65.4,64.5,53.7,67.0,68.3,62.1,50.7,60.1,52.1,False,False,False,False
60.99,2,61.0,67.0,51.9,63.3,64.7,52.6,67.9,63.4,67.2,50.9,False,False,False,False
82.21,0,64.4,82.9,85.6,82.1,72.4,70.6,98.4,97.4,73.2,72.5,False,False,False,True
85.75,0,64.4,85.0,91.3,74.1,90.8,93.8,79.1,94.0,74.9,94.3,False,True,False,False
71.67,3,77.8,66.6,74.4,75.2,67.3,75.9,65.3,77.7,68.8,67.7,True,False,False,False
54.49,1,52.5,56.5,58.8,54.9,55.6,56.8,51.9,51.8,53.2,53.0,False,False,True,False
60.9,2,67.6,60.7,58.0,53.5,61.0,67.2,50.7,63.1,68.6,58.6,False,False,True,False
64.39,0,78.7,88.0,73.8,83.9,98.3,74.4,82.9,72.8,81.1,81.3,False,False,False,False
85.17,0,98.7,80.7,90.2,64.3,94.2,78.1,70.7,73.6,64.7,98.3,True,False,False,False
64.39,3,68.3,66.0,69.1,70.2,64.4,78.6,72.3,63.6,64.2,71.3,False,False,False,True
58.1,2,59.4,54.8,62.4,54.5,55.4,64.6,56.7,64.6,57.7,64.5,False,False,False,True
70.26,3,64.3,71.5,71.5,73.7,73.7,65.5,69.5,73.6,71.8,67.6,False,False,False,True
54.68,1,51.2,54.6,58.8,54.9,57.1,52.0,56.8,52.3,53.6,64.5,True,False,False,False
82.21,0,64.4,81.5,97.8,71.1,78.8,90.0,79.9,71.2,79.4,82.4,False,False,False,True
59.91,2,52.5,53.4,63.8,54.8,60.2,65.5,64.4,59.0,61.5,64.0,False,True,False,False
53.79,1,51.5,51.5,54.4,54.9,53.7,51.6,56.8,64.8,54.6,53.7,False,False,True,False
70.15,3,60.2,69.7,65.6,65.8,70.7,78.9,64.5,63.9,78.0,78.9,False,False,False,True
83.34,0,81.2,80.9,76.3,87.6,70.6,93.0,96.2,74.2,98.0,64.5,False,False,False,True
91.02,0,97.5,88.9,89.7,87.9,99.5,97.7,99.6,64.8,98.2,64.5,False,False,False,False
87.52,0,85.4,87.7,90.9,85.2,90.7,81.9,92.2,87.5,77.4,64.5,False,True,False,False
69.1,3,64.4,78.3,67.7,64.3,60.2,73.9,68.3,72.1,64.2,68.7,True,False,False,False
83.47,0,73.8,80.1,94.8,96.8,80.1,76.3,82.8,64.8,85.8,90.6,False,False,False,True
82.16,0,64.4,80.3,90.1,82.2,70.2,84.4,74.3,80.6,72.4,95.5,False,True,False,False
87.26,0,99.4,83.0,79.1,80.5,85.8,83.6,93.8,90.6,86.2,90.4,False,True,False,False
64.39,1,55.7,58.4,51.2,54.4,57.7,51.6,51.3,53.5,55.1,58.6,False,False,False,False
68.48,3,66.1,74.4,64.5,64.4,64.4,66.0,62.2,70.5,64.7,70.3,False,False,False,False
59.01,2,50.8,54.5,65.0,58.1,60.0,65.7,67.9,64.8,59.6,56.9,True,False,False,False
70.2,3,64.4,61.5,61.9,64.3,63.6,64.6,74.2,71.1,75.5,71.5,False,True,False,False
84.03,0,95.6,91.6,76.8,72.5,94.7,94.9,88.0,70.9,74.2,81.1,True,False,False,False
83.33,0,64.4,79.0,71.7,96.0,88.1,64.6,80.9,77.7,89.3,78.8,False,False,True,False
53.1,1,54.2,64.5,54.1,52.1,56.5,50.0,53.9,52.4,57.1,50.1,False,False,False,False
61.02,2,61.1,63.4,50.7,61.5,64.4,64.6,68.9,68.1,61.0,55.6,False,False,False,True
59.71,2,64.4,56.9,64.5,61.1,62.2,68.1,57.6,64.8,60.0,59.4,True,False,False,False
54.6,1,58.9,54.5,50.4,56.7,52.2,51.0,53.3,58.2,56.0,54.6,False,False,False,True
86.61,0,99.2,97.2,73.4,83.5,84.4,94.5,99.3,73.0,87.1,74.4,True,False,False,False
59.76,2,52.4,60.0,67.7,55.7,64.4,64.6,51.5,60.4,63.8,64.9,False,False,False,False
88.3,0,86.6,80.9,79.4,85.2,99.0,90.2,85.7,99.5,89.5,86.9,False,False,False,True
59.44,2,64.5,55.8,51.6,58.7,63.9,55.2,59.7,67.0,58.7,59.3,True,False,False,False
79.91,0,72.6,74.6,70.4,64.3,77.7,95.8,74.2,79.1,81.6,95.5,False,False,True,False
64.39,2,60.5,64.5,55.3,60.5,68.9,57.0,56.7,66.7,66.4,52.8,False,False,True,False
87.08,0,90.7,79.5,99.5,89.9,64.4,98.4,72.3,86.0,64.7,75.8,False,True,False,False
87.88,0,90.5,99.5,70.8,98.6,74.8,95.0,74.8,64.8,86.9,96.4,False,False,False,True
64.39,0,64.4,71.0,71.1,85.2,91.1,95.9,75.2,64.8,78.3,88.6,True,False,False,False
53.95,1,58.4,50.0,55.5,55.4,54.8,51.3,50.2,50.9,54.1,58.9,False,False,False,True
59.15,2,62.0,57.5,64.5,60.1,62.1,51.5,51.5,64.8,50.7,67.4,False,True,False,False
70.69,3,63.2,73.9,72.0,75.8,61.1,71.3,76.9,64.1,75.5,73.1,False,False,False,False
87.21,0,90.4,93.9,86.0,73.1,90.8,94.0,97.6,85.6,87.4,73.3,True,False,False,False
68.63,3,68.5,69.6,69.2,76.1,66.7,74.3,68.1,63.1,61.7,69.0,True,False,False,False
61.66,2,58.5,59.5,52.5,65.9,59.5,67.4,64.5,63.4,59.9,64.4,False,True,False,False
71.92,3,64.4,77.9,74.6,78.0,72.2,74.4,73.0,65.7,68.4,66.2,False,True,False,False
54.15,1,54.8,56.1,51.5,53.5,64.4,52.0,55.4,64.8,51.1,58.8,False,False,False,False
59.79,2,64.7,52.5,56.9,58.9,52.1,64.6,56.7,57.0,67.5,66.4,False,False,False,True
54.43,1,64.4,58.9,51.6,51.4,52.2,58.9,51.0,56.2,57.2,52.1,False,True,False,False
83.67,0,74.5,73.9,93.7,82.2,94.6,88.0,79.6,80.6,79.8,89.6,False,True,False,False
54.9,1,52.7,51.0,54.1,64.3,57.1,57.1,52.2,58.4,50.2,58.6,True,False,False,False
54.62,1,50.1,58.1,52.0,51.6,56.1,57.0,55.9,52.6,58.7,54.1,True,False,False,False
54.97,1,54.6,55.0,52.4,56.5,58.6,55.1,53.4,50.1,57.8,56.2,False,False,False,True
83.71,0,75.8,74.2,92.9,85.0,74.1,70.8,89.9,81.2,97.3,95.8,True,False,False,False
60.54,2,56.0,64.9,63.7,53.7,65.9,61.3,53.8,61.0,68.9,56.2,True,False,False,False
71.49,3,69.2,64.5,78.8,60.7,73.6,75.1,66.6,77.4,66.3,72.4,False,False,False,True
70.15,3,66.6,64.5,76.6,71.4,76.6,74.9,69.2,72.8,67.8,60.2,False,False,True,False
83.65,0,64.4,64.5,96.2,75.0,72.5,80.5,70.0,94.5,92.5,95.3,False,False,False,False
64.39,3,70.0,75.2,77.4,64.3,65.3,78.0,64.0,68.9,67.9,67.3,True,False,False,False
86.26,0,94.1,91.6,84.2,99.9,87.0,64.6,70.7,71.6,86.9,85.0,False,False,False,True
64.39,3,62.7,66.1,73.7,75.1,61.5,62.7,69.2,64.7,78.7,74.4,False,False,True,False
67.27,3,60.7,63.4,68.5,78.6,61.0,61.2,72.9,65.8,77.2,64.5,False,False,False,False
86.43,0,73.4,93.3,98.7,82.5,98.1,96.7,77.2,74.5,75.3,94.6,False,False,True,False
61.02,2,61.5,60.1,55.5,61.3,55.3,62.1,68.6,68.6,54.2,63.0,False,False,False,True
55.01,1,56.5,58.3,57.0,51.0,57.0,57.1,50.8,55.1,64.7,50.5,False,False,False,True
70.91,3,64.4,77.6,66.0,66.9,60.1,79.0,70.5,78.1,67.4,74.1,False,False,False,True
56.97,1,57.5,59.0,58.9,55.2,50.3,58.3,57.8,57.2,58.9,56.7,False,False,True,False
64.39,0,86.4,97.7,94.9,95.3,98.3,82.9,88.9,79.5,89.4,84.0,True,False,False,False
91.22,0,87.6,97.9,64.5,94.3,84.9,75.9,86.9,97.9,98.8,94.9,False,True,False,False
57.46,2,57.3,54.7,67.8,53.4,52.0,51.1,61.1,54.1,68.5,54.7,False,False,True,False
86.85,0,92.8,75.3,64.5,96.1,91.4,94.1,90.3,71.9,85.8,98.8,True,False,False,False
64.39,2,54.6,63.6,67.0,64.3,56.8,52.6,66.5,51.2,64.7,68.8,True,False,False,False
84.76,0,77.4,92.4,70.6,96.9,73.3,97.0,92.0,73.9,81.1,93.1,False,False,True,False
58.96,2,57.7,55.8,56.3,56.1,57.4,55.5,60.6,68.9,53.9,67.5,False,False,False,False
84.12,0,77.1,80.9,98.1,96.7,81.1,72.1,79.8,78.4,87.0,90.0,True,False,False,False
84.06,0,64.4,82.3,96.9,71.0,89.7,94.6,76.6,86.3,75.7,76.8,False,False,True,False
64.39,0,96.7,64.5,88.4,73.2,78.2,88.4,85.5,93.8,89.4,64.5,False,False,False,False
68.31,3,64.7,73.7,66.9,68.1,69.8,67.2,62.0,66.1,72.4,72.1,True,False,False,False
80.61,0,83.6,87.8,76.5,91.7,75.3,83.7,71.2,84.4,78.9,73.1,False,False,False,False
58.67,2,56.9,67.2,64.9,51.0,53.1,63.9,50.4,54.2,64.7,68.9,True,False,False,False
52.72,1,55.7,50.3,64.5,54.4,54.7,52.5,51.9,53.0,51.2,52.1,False,False,False,True
61.34,2,64.5,64.3,62.6,68.4,55.5,64.6,62.1,52.7,59.3,55.5,False,False,True,False
58.15,2,53.1,63.1,64.9,60.7,57.7,54.7,64.2,54.8,57.6,50.8,True,False,False,False
60.36,2,56.0,62.0,64.5,53.6,57.6,68.4,61.3,65.0,64.7,51.3,False,False,True,False
64.39,1,54.9,53.1,54.9,58.3,64.4,64.6,51.2,64.8,58.3,58.3,False,False,False,False
59.19,2,67.3,51.3,62.2,66.2,55.2,59.2,56.9,54.9,60.9,57.9,False,True,False,False
54.69,1,56.1,52.7,50.7,55.6,52.5,58.2,64.5,54.0,56.1,58.7,False,True,False,False
55.16,1,50.2,55.6,58.4,58.3,56.0,57.1,50.4,56.9,57.4,51.3,True,False,False,False
88.48,0,96.0,78.7,94.6,64.3,97.1,92.9,93.0,81.8,64.7,95.0,False,False,True,False
84.35,0,74.0,89.9,85.9,86.3,75.1,85.6,99.1,89.0,64.7,80.2,False,False,False,True
55.41,1,52.8,55.5,54.7,56.0,57.8,56.8,54.6,53.1,57.7,64.5,True,False,False,False
88.4,0,98.2,85.6,79.8,99.0,91.1,88.4,85.8,86.7,99.3,70.0,False,False,False,False
82.79,0,76.3,85.2,64.5,94.2,76.8,75.8,76.2,71.1,81.2,94.3,False,True,False,False
59.1,2,55.9,64.6,54.9,62.2,63.1,64.0,50.0,59.6,66.5,50.1,False,True,False,False
67.31,3,66.8,61.4,76.8,65.5,66.7,65.5,69.3,63.9,64.7,64.5,True,False,False,False
88.38,0,75.0,79.6,81.1,98.0,99.0,97.0,79.4,99.6,78.9,96.4,False,True,False,False
54.22,1,56.2,53.3,52.2,51.2,54.3,64.6,64.5,64.8,64.7,58.9,False,False,True,False
69.41,3,70.7,75.3,60.6,71.0,77.6,62.1,79.0,68.6,64.5,64.7,True,False,False,False
53.78,1,57.7,51.3,50.6,52.7,55.5,64.6,56.8,58.0,50.5,51.1,False,False,False,False
52.68,1,57.6,50.3,50.1,53.4,50.6,54.9,53.9,52.7,51.4,64.5,True,False,False,False
56.38,1,52.9,51.6,58.4,56.9,57.1,58.7,55.3,56.2,58.8,57.8,True,False,False,False
84.37,0,95.1,89.5,83.0,91.7,76.9,98.0,74.7,64.8,90.3,72.6,False,False,False,False
55.26,1,50.9,57.0,57.3,50.8,64.4,53.6,64.5,55.9,57.3,56.9,True,False,False,False
64.39,0,80.7,99.0,99.1,85.9,86.4,85.8,94.9,98.4,84.3,83.2,False,False,False,False
69.21,3,75.0,71.1,72.5,64.3,66.9,72.9,65.0,71.3,64.7,64.5,True,False,False,False
55.86,1,52.7,57.4,57.7,58.4,55.5,50.4,56.4,57.2,55.5,57.3,False,False,False,True
54.67,1,54.4,64.5,54.8,54.1,51.7,53.3,58.7,52.1,58.7,64.5,True,False,False,False
54.56,1,51.0,51.9,64.5,54.8,55.4,54.4,64.5,55.3,58.3,55.4,False,False,False,True
59.03,2,67.4,64.0,62.3,64.3,62.7,50.1,51.5,59.0,59.7,59.4,False,False,False,False
89.22,0,93.7,93.9,89.4,85.0,64.4,98.4,88.9,80.4,64.7,64.5,False,False,False,True
70.12,3,67.7,63.1,64.5,73.0,75.0,68.4,76.5,78.4,64.7,60.3,False,True,False,False
70.06,3,72.8,74.1,63.6,68.3,70.6,67.5,68.4,71.3,77.1,66.9,True,False,False,False
59.36,2,61.0,57.4,59.1,64.2,63.6,52.5,67.0,53.7,54.2,60.9,True,False,False,False
70.03,3,72.5,64.9,68.5,75.9,64.4,67.5,68.3,72.5,76.7,63.8,True,False,False,False
88.34,0,95.2,82.2,71.0,64.3,86.5,82.5,82.5,95.6,96.1,95.0,False,False,False,True
53.7,1,53.4,57.6,55.8,64.3,50.2,64.6,58.5,50.6,53.7,56.5,False,False,False,False
64.39,3,74.4,73.5,68.6,75.9,69.5,69.8,62.9,69.1,76.1,77.0,False,False,True,False
65.21,3,61.8,67.6,64.5,62.8,61.7,64.6,62.3,78.9,61.6,62.1,True,False,False,False
64.39,0,73.6,90.0,83.4,93.3,78.8,84.9,94.6,70.2,74.1,85.1,False,False,False,False
85.69,0,80.7,98.8,78.8,95.1,92.5,95.8,79.8,64.8,81.2,79.5,False,True,False,False
54.25,1,51.7,56.4,53.3,56.4,52.2,54.6,53.9,52.6,55.6,55.9,False,True,False,False
52.79,1,54.7,51.3,53.4,52.4,50.5,51.1,53.0,51.5,57.3,52.7,False,True,False,False
59.28,2,67.6,58.0,56.2,60.5,64.4,56.4,57.9,55.0,64.7,58.6,False,False,False,False
53.87,1,55.7,52.3,51.1,53.0,50.5,55.4,58.9,55.8,51.6,54.2,True,False,False,False
68.75,3,71.8,64.0,76.3,69.5,65.4,69.0,69.4,62.3,70.2,69.6,False,True,False,False
60.19,2,63.6,56.7,60.3,60.7,54.3,64.6,66.0,58.3,67.3,60.1,False,False,True,False
86.24,0,83.3,93.8,84.7,74.6,73.2,97.5,91.3,92.3,99.5,72.2,False,True,False,False
69.22,3,62.9,67.0,73.8,65.0,66.8,67.7,64.6,73.3,78.6,72.3,False,False,True,False
71.56,3,64.4,64.5,62.9,74.1,68.5,72.9,72.7,72.2,70.7,70.4,True,False,False,False
64.39,0,80.3,85.8,72.3,84.8,81.1,84.6,91.0,81.3,71.0,81.0,True,False,False,False
58.95,2,61.7,56.5,64.5,56.7,56.6,66.8,64.5,53.5,54.7,68.2,False,False,True,False
53.78,1,57.9,50.4,64.5,55.4,52.3,54.0,52.9,54.5,51.2,56.2,False,False,False,True
87.43,0,98.9,86.4,93.4,78.6,82.4,78.2,76.4,89.9,90.6,99.6,False,False,False,False
64.39,3,78.1,66.7,67.1,62.8,74.7,74.6,77.8,75.8,62.5,60.5,True,False,False,False
60.85,2,63.2,67.1,64.5,64.3,57.2,62.3,55.9,64.7,55.9,64.5,False,True,False,False
80.97,0,79.3,96.3,92.8,71.7,71.8,79.0,85.2,70.7,81.7,81.1,False,False,False,False
64.39,2,53.1,66.1,64.5,60.2,64.4,56.5,60.7,68.7,50.3,63.3,True,False,False,False
53.74,1,52.8,50.9,51.1,55.6,53.6,58.0,55.6,52.6,51.4,64.5,True,False,False,False
86.14,0,64.4,73.1,74.5,95.1,83.7,64.6,89.5,98.7,96.5,91.5,False,False,True,False
89.65,0,97.7,96.9,98.5,71.1,90.6,82.4,91.0,98.8,89.1,80.6,False,False,False,True
64.39,1,56.8,56.6,50.2,55.7,57.0,58.8,50.1,51.6,64.7,52.7,True,False,False,False
55.71,1,56.9,58.0,58.4,51.7,51.3,57.0,57.0,54.5,54.5,57.8,False,False,False,True
59.36,2,61.1,69.0,54.1,65.5,64.4,58.7,53.9,52.3,57.6,54.2,False,False,False,True
55.16,2,53.2,50.7,58.4,60.9,52.0,50.3,55.0,56.5,55.8,58.8,False,False,False,True
86.53,0,88.9,96.8,83.8,80.9,91.2,71.9,95.1,74.5,87.5,94.8,True,False,False,False
58.44,2,63.7,51.2,60.4,50.9,61.1,55.3,59.3,56.7,65.0,60.8,True,False,False,False
72.56,3,70.4,64.5,64.0,76.8,77.2,72.9,78.4,70.2,64.7,76.7,False,False,False,False
82.09,0,74.0,80.1,64.5,90.2,73.8,80.3,72.7,95.6,92.6,84.9,False,False,True,False
59.72,2,57.3,52.9,58.2,58.9,56.1,60.5,66.8,68.9,60.6,56.9,False,False,True,False
61.44,2,59.4,68.3,50.5,64.9,55.1,62.0,66.5,64.8,64.7,64.3,False,False,True,False
55.82,1,54.6,58.9,51.5,55.5,53.1,58.5,58.8,51.7,57.8,57.9,False,True,False,False
69.0,3,73.9,62.2,70.5,62.7,66.5,72.5,74.3,74.9,69.6,64.5,False,False,True,False
69.68,3,66.1,67.1,76.3,66.0,75.8,74.6,63.0,74.5,66.3,67.2,False,False,False,True
64.39,0,92.0,75.8,85.5,95.7,91.6,99.7,64.5,89.1,75.2,82.9,True,False,False,False
80.34,0,73.4,75.7,84.6,93.5,73.6,81.7,79.8,82.2,83.1,75.5,False,False,True,False
55.42,1,53.8,58.5,56.2,52.2,53.8,53.5,53.2,56.6,58.7,64.5,False,False,True,False
85.56,0,90.7,64.5,97.0,90.3,80.1,64.6,84.4,70.3,86.9,96.5,False,True,False,False
59.11,2,64.4,54.5,59.2,52.1,62.6,58.8,67.1,64.8,64.9,58.0,False,False,True,False
62.16,2,60.5,59.3,63.3,67.5,67.5,63.1,67.8,55.8,63.2,53.5,True,False,False,False
54.67,1,58.2,56.0,64.5,51.7,51.2,50.6,64.5,58.2,64.7,64.5,False,False,False,False
87.97,0,89.4,89.7,64.5,90.6,98.4,93.1,73.5,76.2,90.1,64.5,False,False,False,True
70.78,3,65.2,76.4,75.2,77.5,76.6,64.6,69.5,77.2,60.5,65.1,True,False,False,False
67.11,3,62.9,67.4,70.7,61.6,73.5,67.2,65.1,63.0,63.4,76.3,False,False,False,False
54.53,1,53.4,64.5,54.3,58.5,52.9,54.1,54.5,51.3,58.2,51.8,True,False,False,False
84.25,0,94.7,72.0,89.9,84.2,97.6,73.2,92.8,77.1,71.2,89.9,True,False,False,False
71.66,3,78.2,73.2,72.4,70.5,64.4,64.6,73.9,68.4,70.8,60.9,True,False,False,False
58.28,2,62.9,57.2,52.0,61.1,53.3,60.2,67.8,50.8,64.1,64.5,False,False,True,False
60.76,2,58.5,65.8,64.5,52.6,66.4,59.5,52.6,62.2,65.0,62.6,False,False,True,False
84.18,0,80.8,82.1,86.5,80.3,77.5,64.6,64.5,72.4,97.6,72.4,False,False,True,False
86.23,0,78.2,78.5,70.7,77.3,89.0,98.3,100.0,86.6,96.5,87.1,False,True,False,False
86.22,0,76.3,86.0,77.6,93.7,92.6,76.8,80.3,64.8,93.0,94.5,True,False,False,False
88.85,0,89.5,96.7,87.6,73.7,85.6,90.1,96.6,92.3,64.7,64.5,False,False,False,False
64.39,3,75.3,64.1,78.8,73.6,75.9,76.3,76.1,61.4,63.5,71.9,True,False,False,False
56.3,2,62.3,58.5,52.5,58.9,50.2,64.3,54.5,54.2,54.3,53.2,False,True,False,False
58.0,2,63.3,55.8,65.1,59.1,61.5,55.9,50.3,52.3,59.0,57.8,False,False,False,False
55.29,1,54.9,50.6,56.0,59.0,58.9,57.0,64.5,57.5,53.4,64.5,False,False,True,False
64.39,0,94.9,80.0,70.6,84.7,85.2,77.1,97.0,83.5,78.6,73.8,False,False,True,False
59.27,2,51.6,52.4,57.3,61.7,63.1,63.9,62.1,59.4,65.8,55.5,False,False,True,False
71.36,3,64.4,68.1,70.0,76.8,64.4,60.6,74.6,64.8,78.1,62.5,False,False,True,False
55.6,1,57.2,57.8,52.0,53.8,56.8,53.5,55.9,56.2,58.3,54.5,False,False,True,False
84.53,0,80.2,90.1,97.7,77.6,91.6,81.6,73.4,88.0,79.4,85.8,False,True,False,False
59.03,2,63.4,58.1,50.4,61.1,64.4,50.3,56.7,63.1,56.0,65.0,False,False,False,True
84.09,0,70.6,90.4,76.5,91.7,87.2,88.0,75.1,64.8,73.4,64.5,False,True,False,False
54.12,1,50.1,55.1,58.3,50.1,58.6,51.8,52.8,64.8,64.7,56.6,True,False,False,False
66.7,3,61.6,65.5,66.0,65.0,61.8,69.6,71.9,64.5,67.9,64.5,False,False,False,False
59.8,2,60.3,55.4,68.2,54.4,60.8,60.5,55.6,66.0,59.5,57.2,False,False,False,False
79.92,0,87.4,73.7,90.4,89.0,78.6,70.1,64.5,82.1,80.0,77.6,False,False,False,True
69.81,3,76.4,71.2,68.6,65.6,73.2,74.9,65.8,68.0,62.9,71.5,False,True,False,False
55.38,1,58.2,57.5,54.2,52.7,56.2,58.0,58.0,64.8,52.2,56.5,False,False,True,False
69.99,3,66.8,61.3,72.5,75.0,73.4,69.2,67.0,64.8,69.4,72.9,False,True,False,False
68.72,3,60.9,66.6,70.8,66.1,65.8,69.8,76.3,66.8,73.1,64.5,False,False,False,True
86.49,0,64.4,96.0,80.5,80.2,90.7,86.7,99.6,70.7,83.0,91.3,False,False,True,False
54.11,1,51.2,53.0,56.5,56.8,64.4,54.6,53.6,50.4,57.3,57.0,False,True,False,False
69.19,3,70.9,73.7,76.7,61.9,71.3,75.4,61.3,71.0,68.0,61.7,False,False,True,False
64.39,2,66.0,55.4,53.7,62.2,64.4,59.3,68.5,65.1,62.2,52.2,False,True,False,False
64.39,3,71.8,75.6,73.9,76.6,70.5,76.5,64.4,66.4,60.8,63.3,False,True,False,False
64.39,3,69.0,62.8,64.5,71.9,60.6,69.3,65.9,78.1,70.3,78.6,True,False,False,False
66.34,3,62.1,62.4,64.5,64.3,65.2,70.1,64.9,62.4,64.7,63.8,False,True,False,False
87.25,0,97.1,64.5,81.7,64.3,91.6,95.8,64.5,80.9,99.1,71.2,False,False,True,False
54.59,1,58.1,64.5,55.7,64.3,56.5,54.2,64.5,50.2,53.0,52.7,True,False,False,False
60.25,2,58.5,64.0,67.4,68.3,59.7,52.8,59.4,57.2,63.1,52.1,False,True,False,False
58.49,2,68.4,59.4,59.5,64.3,64.4,57.2,54.8,54.5,57.9,55.8,True,False,False,False
64.39,3,64.4,63.1,71.7,65.7,68.0,66.9,62.2,78.3,76.6,74.5,False,False,True,False
59.55,2,63.6,60.7,61.7,64.8,59.6,50.9,62.5,65.1,64.7,52.2,False,False,False,False
64.39,3,60.2,68.9,73.5,76.1,78.4,73.1,78.3,64.8,60.0,70.4,False,True,False,False
86.27,0,96.6,91.2,79.4,94.4,98.5,75.8,72.0,80.6,96.7,77.2,False,False,False,False
59.45,2,54.9,51.7,63.3,64.3,58.2,60.6,53.8,63.1,65.7,54.9,False,False,True,False
87.01,0,76.9,87.2,82.9,64.3,92.9,85.0,95.2,83.8,85.7,96.0,False,False,True,False
90.52,0,98.8,80.7,92.9,95.7,91.9,95.0,64.5,82.6,85.8,98.4,False,False,False,False
54.75,1,58.2,58.2,54.7,64.3,64.4,53.9,53.4,64.8,51.4,53.8,True,False,False,False
54.6,1,53.7,53.1,58.4,50.8,50.7,58.2,55.3,64.8,57.3,64.5,False,False,False,True
70.65,3,75.1,64.5,70.0,69.6,62.0,75.8,77.4,69.1,68.7,64.5,True,False,False,False
53.79,1,50.8,64.5,51.1,54.3,56.7,57.8,50.7,52.4,54.4,64.5,True,False,False,False
64.39,3,61.0,72.5,60.0,77.8,70.1,76.0,60.5,76.9,67.5,77.0,False,False,False,True
70.86,3,76.3,68.1,64.5,64.3,62.1,75.7,77.1,78.9,74.0,60.2,False,False,False,True
84.65,0,86.2,90.6,64.5,91.7,90.4,77.6,80.2,71.6,85.3,79.1,False,True,False,False
71.93,3,72.9,78.2,77.9,70.1,69.9,61.9,78.2,75.8,67.4,67.2,True,False,False,False
68.67,3,64.4,76.7,71.0,61.2,78.1,64.0,71.8,63.2,68.7,69.4,False,False,False,True
55.6,1,58.8,55.2,54.8,50.1,64.4,58.9,55.4,64.8,58.2,57.7,False,False,False,True
56.61,1,58.3,57.7,57.1,58.4,58.1,50.6,58.4,58.8,56.3,52.4,False,False,True,False
68.35,3,68.7,76.3,64.6,71.7,72.8,60.0,64.5,68.4,64.7,66.7,True,False,False,False
70.46,3,64.8,63.0,68.2,69.8,64.4,76.2,72.6,79.0,76.5,60.1,False,False,False,False
69.22,3,70.5,71.2,71.9,69.7,76.0,62.4,69.0,64.8,77.4,62.2,True,False,False,False
67.21,3,72.7,67.4,62.5,73.2,61.3,62.9,70.3,64.8,60.3,70.6,False,True,False,False
58.78,2,53.8,64.5,57.4,55.4,60.3,62.1,67.2,58.6,61.3,56.3,False,False,True,False
60.95,2,59.9,68.3,64.4,55.2,55.8,60.2,54.9,67.7,54.9,68.2,False,False,False,False
68.57,3,64.2,68.7,74.7,64.3,65.9,69.3,71.4,63.0,70.6,72.7,True,False,False,False
56.67,2,58.7,56.3,51.4,60.9,66.0,54.9,63.6,64.8,51.1,51.2,False,False,False,False
55.51,1,58.7,53.1,50.8,58.1,56.1,53.4,57.6,57.6,64.7,52.7,False,False,False,True
73.44,3,71.5,70.6,75.9,75.0,74.7,62.4,78.1,72.6,74.7,78.9,True,False,False,False
85.77,0,96.5,96.9,64.5,79.1,80.1,88.3,73.0,75.3,97.7,94.7,False,True,False,False
69.97,3,72.2,78.8,69.5,71.6,68.8,60.3,75.4,71.6,64.7,60.1,True,False,False,False
54.84,1,64.4,55.9,51.8,54.6,64.4,64.6,54.3,55.3,56.9,52.8,False,False,False,True
69.88,3,76.6,66.5,69.6,74.1,66.3,62.8,64.5,76.9,69.7,75.3,False,False,False,True
53.1,1,57.5,50.9,51.5,52.9,52.0,51.5,51.7,52.8,54.6,55.5,True,False,False,False
69.94,3,73.3,73.0,63.1,66.9,68.4,64.4,78.5,62.6,74.6,74.6,False,False,False,False
59.07,2,51.1,68.2,68.7,59.1,65.9,52.6,59.5,59.0,50.5,56.1,False,False,False,True
70.02,3,71.7,67.6,64.5,74.1,70.5,74.9,70.3,67.8,64.7,74.5,False,False,False,False
58.93,2,53.9,67.8,56.0,51.1,63.1,61.8,62.6,52.7,55.6,64.5,False,False,True,False
69.14,3,61.3,72.9,67.0,64.3,60.3,64.6,77.3,68.6,70.7,75.4,True,False,False,False
58.18,2,54.5,58.0,58.2,58.6,61.6,64.3,51.0,64.8,66.0,54.9,False,False,False,False
59.42,2,64.5,64.5,68.4,61.6,65.0,50.6,57.3,54.5,59.5,58.8,False,False,True,False
63.38,2,64.4,65.4,67.7,63.6,61.9,61.8,55.1,60.8,66.2,63.5,False,False,False,True
87.15,0,86.1,92.4,94.0,64.3,87.1,94.0,94.7,75.7,76.8,73.1,False,False,True,False
67.66,3,64.8,69.4,68.4,65.3,64.4,62.5,78.5,67.9,61.0,64.5,True,False,False,False
53.64,1,56.6,50.8,50.6,53.5,58.3,53.0,52.1,53.8,64.7,51.6,False,True,False,False
68.96,3,61.1,63.8,63.5,61.4,75.6,77.3,75.7,64.6,77.5,64.5,True,False,False,False
68.54,3,76.1,68.9,61.3,70.3,62.2,71.5,66.5,74.3,66.1,68.2,False,False,False,True
64.39,2,68.8,52.0,64.5,62.6,56.2,59.6,62.2,57.0,62.8,55.1,False,False,False,True
53.67,1,64.4,50.6,54.8,58.7,56.1,52.1,64.5,51.7,55.9,52.7,False,True,False,False
69.58,3,78.3,69.5,68.4,70.5,67.9,62.7,69.5,63.4,64.7,64.5,False,False,False,True
70.32,3,70.7,68.5,77.0,61.6,75.1,64.6,68.4,71.4,63.3,73.5,False,False,False,True
70.54,3,74.6,64.1,73.7,70.9,68.5,69.8,78.2,76.9,61.0,67.8,False,False,False,False
67.82,3,63.3,66.8,68.7,77.6,76.7,60.5,64.5,63.1,71.7,63.7,False,False,False,True
54.08,1,55.8,64.5,56.3,50.5,52.6,54.9,53.1,55.8,50.4,54.2,False,False,True,False
56.79,2,62.3,64.5,64.5,53.2,55.9,61.4,53.1,54.3,55.4,59.4,False,False,False,False
55.19,1,55.3,53.0,54.2,55.5,58.1,55.0,51.0,55.7,58.1,64.5,False,True,False,False
58.4,2,65.5,64.5,65.8,52.5,55.7,53.0,52.7,67.5,54.8,54.6,False,True,False,False
54.91,1,51.4,56.2,53.1,58.6,51.5,54.6,59.0,55.7,58.6,50.4,False,False,True,False
62.32,2,68.9,64.5,55.5,65.8,58.5,67.6,66.4,59.4,55.9,64.2,False,False,False,True
69.29,3,63.7,62.0,66.6,63.5,71.0,76.2,72.8,75.6,68.1,73.2,False,False,False,True
64.39,3,78.1,69.4,64.5,68.8,74.3,68.0,75.0,78.5,64.7,65.3,False,True,False,False
81.93,0,73.3,81.6,92.0,87.7,75.9,73.1,64.5,90.0,64.7,75.7,False,False,False,False
54.04,1,64.4,51.8,54.7,55.8,54.3,53.3,51.1,53.5,54.5,55.1,False,False,False,False
54.68,1,58.8,54.0,52.4,64.3,50.3,57.4,58.4,51.1,51.7,64.5,False,True,False,False
57.06,2,51.5,55.9,59.1,54.7,53.8,50.2,66.9,61.0,66.7,50.7,False,False,False,True
64.39,0,74.3,80.0,81.6,95.0,85.3,87.2,91.9,71.9,82.2,64.5,False,False,False,False
56.42,2,59.3,51.3,51.0,60.8,55.5,61.8,51.6,53.3,62.8,56.8,False,False,True,False
85.96,0,72.5,64.5,64.5,76.9,91.3,77.5,84.9,97.1,87.2,84.1,True,False,False,False
69.13,3,72.5,67.1,64.5,70.6,73.8,61.1,78.2,73.7,68.6,61.4,False,False,False,False
53.87,1,50.3,58.2,56.2,64.3,51.3,53.0,64.5,56.4,52.2,53.1,False,True,False,False
81.76,0,89.8,76.2,97.8,73.8,83.7,75.0,75.5,83.9,90.1,71.8,False,True,False,False
69.4,3,69.9,64.5,73.1,65.0,61.2,77.1,66.8,63.5,69.7,78.5,False,False,True,False
53.52,1,52.8,64.5,51.3,50.5,54.1,54.9,52.4,57.8,57.6,50.7,False,False,False,False
57.69,2,52.9,68.2,64.3,57.9,59.6,59.1,53.3,54.0,50.1,64.5,False,False,True,False
58.67,2,66.6,53.1,64.4,56.5,50.8,53.6,67.0,64.7,50.7,59.3,False,False,False,True
64.39,0,88.6,76.2,96.5,89.5,64.4,64.6,98.5,99.7,71.0,92.7,False,False,False,True
89.51,0,73.9,76.7,92.0,92.4,97.2,93.7,94.9,97.8,64.7,93.6,True,False,False,False
54.4,1,64.4,58.3,52.5,58.8,51.7,56.4,50.4,53.0,51.6,53.0,False,False,False,True
62.32,2,57.1,64.9,64.4,59.2,57.0,64.6,67.9,66.9,58.3,58.9,True,False,False,False
83.32,0,86.3,81.6,77.4,79.7,84.0,79.5,93.0,92.6,64.7,83.9,True,False,False,False
54.89,1,58.1,58.4,54.8,58.2,64.4,52.8,52.1,51.8,64.7,55.9,False,False,True,False
71.81,3,73.5,69.9,66.5,64.0,68.9,71.8,64.5,64.8,77.7,75.1,False,False,True,False
88.48,0,78.4,75.6,88.9,98.4,95.4,87.8,82.8,88.4,98.1,91.1,True,False,False,False
64.39,1,56.2,56.2,53.9,53.7,58.7,58.7,56.6,52.3,50.0,64.5,False,False,False,False
64.39,0,90.0,95.9,78.8,85.6,91.9,97.1,98.0,92.5,74.3,98.3,True,False,False,False
62.69,2,58.4,64.5,67.8,59.6,64.4,68.7,64.2,64.8,68.3,58.0,True,False,False,False
57.56,2,68.3,55.9,66.8,53.9,55.2,50.0,50.4,52.9,55.0,67.0,True,False,False,False
53.57,1,50.7,57.3,52.6,51.2,55.7,54.0,51.8,55.8,55.8,50.7,False,False,False,True
71.21,3,75.3,69.0,73.1,68.0,65.2,67.3,77.7,63.9,74.8,78.0,False,False,True,False
68.62,3,63.6,61.3,72.7,66.7,63.6,66.5,75.8,69.6,71.7,74.7,True,False,False,False
68.25,3,64.9,78.2,63.7,63.6,67.4,72.7,68.1,77.0,62.2,64.7,False,False,False,True
68.77,3,62.9,68.4,74.0,64.3,62.6,64.6,67.3,74.9,75.4,65.0,False,False,False,False
55.42,1,56.4,53.1,56.3,55.4,64.4,56.4,55.9,54.4,56.5,52.1,True,False,False,False
64.39,1,56.4,50.7,58.8,50.3,51.1,53.6,56.6,56.9,58.7,55.7,False,False,False,False
68.1,3,62.9,78.7,73.7,72.9,63.5,64.1,67.6,61.5,61.1,64.5,False,False,False,True
64.39,3,64.6,64.5,69.2,65.4,69.5,75.4,74.8,60.4,66.8,64.5,False,False,True,False
86.41,0,76.6,98.3,85.9,90.7,64.4,70.2,64.5,85.0,74.7,94.5,False,False,True,False
54.42,1,50.8,55.0,52.0,57.6,50.4,64.6,50.5,57.7,64.7,64.5,False,True,False,False
58.29,2,66.1,53.5,61.9,65.8,50.5,50.7,59.7,55.2,64.5,55.1,False,True,False,False
64.39,3,64.4,63.4,77.8,62.3,70.8,69.0,64.5,78.2,67.5,75.7,False,False,False,False
85.2,0,87.1,80.4,92.5,94.4,86.8,64.6,64.5,64.8,78.7,90.9,False,True,False,False
88.21,0,77.3,78.6,99.7,88.3,93.0,90.2,74.6,87.4,94.1,98.8,False,False,False,True
64.39,3,64.4,67.1,63.9,69.1,64.4,72.5,72.9,74.1,65.8,61.7,False,False,True,False
59.93,2,56.1,64.5,60.6,56.3,65.6,62.8,66.1,58.7,57.7,64.5,False,True,False,False
55.54,1,53.8,54.4,54.0,53.2,55.7,56.6,58.6,57.1,54.7,57.2,False,False,False,True
59.39,2,67.7,60.0,66.8,56.7,64.4,50.2,62.7,54.2,60.0,64.5,False,False,True,False
64.39,3,65.1,75.4,66.9,64.3,76.4,66.0,61.1,67.9,64.7,69.3,True,False,False,False
54.5,1,51.2,53.6,55.0,53.1,57.9,54.8,56.9,52.9,55.1,54.4,True,False,False,False
64.39,0,92.5,64.5,70.4,64.3,76.2,70.1,74.0,99.7,83.5,81.1,False,False,True,False
57.82,2,52.6,61.6,65.8,52.6,63.7,51.6,57.1,62.3,56.8,54.1,False,False,False,False
81.77,0,75.9,73.4,74.7,64.3,96.0,76.8,75.5,80.8,90.7,97.7,False,False,True,False
85.6,0,64.4,93.1,93.2,92.0,84.3,84.8,75.2,74.1,85.5,91.9,False,False,False,True
82.77,0,78.3,83.1,72.6,71.9,91.7,87.0,93.6,94.2,75.6,79.8,True,False,False,False
54.16,1,53.5,64.5,58.4,51.9,51.2,54.9,52.1,53.7,50.2,58.8,False,False,False,True
59.27,2,64.4,53.8,64.5,67.9,52.6,53.0,66.4,64.8,64.3,64.5,False,False,False,True
89.31,0,64.4,97.4,95.3,64.3,64.4,90.3,100.0,71.9,95.0,78.2,True,False,False,False
80.18,0,80.8,70.8,71.3,77.7,84.9,93.7,74.2,78.8,90.5,64.5,False,False,False,False
86.93,0,98.9,64.5,89.4,64.3,75.6,96.4,64.5,95.1,93.5,83.4,False,True,False,False
61.3,2,64.4,67.9,53.2,65.2,65.4,59.6,55.3,65.7,53.7,62.5,False,True,False,False
73.27,3,70.4,74.8,73.7,69.7,76.2,78.6,77.2,75.8,72.5,63.7,False,False,True,False
59.84,2,61.9,64.5,50.2,53.3,68.3,54.1,52.8,59.0,66.1,65.8,False,False,False,False
55.58,1,52.2,56.9,53.9,54.1,58.2,53.4,64.5,54.8,64.7,55.4,True,False,False,False
67.3,3,64.4,61.6,63.8,69.5,64.6,62.3,76.2,64.8,72.9,70.4,True,False,False,False
67.03,3,66.0,66.2,65.3,61.1,64.4,65.9,64.5,68.9,71.8,63.5,False,False,False,True
82.87,0,73.8,75.8,86.7,97.7,78.3,72.1,75.0,82.6,96.9,89.9,True,False,False,False
54.25,1,53.8,54.2,52.9,56.8,54.3,57.4,54.1,55.6,51.2,52.3,False,False,False,False
56.71,2,52.7,56.2,57.5,63.3,66.7,50.0,61.6,55.1,53.2,50.8,True,False,False,False
61.35,2,61.7,63.5,68.6,68.8,54.5,58.8,58.8,67.1,58.9,52.8,False,False,True,False
84.84,0,86.7,64.5,73.1,64.3,94.5,82.2,94.4,70.3,90.0,96.9,False,False,False,False
72.5,3,67.6,77.4,75.4,70.6,66.6,68.7,76.9,76.4,69.1,76.3,False,False,True,False
64.39,0,79.2,75.4,86.1,78.3,74.5,94.8,93.5,64.8,88.5,87.8,False,False,False,False
61.08,2,60.9,59.2,59.0,60.3,66.2,63.8,65.2,64.4,64.7,61.2,False,True,False,False
54.98,1,58.3,52.8,56.8,50.4,50.9,57.2,53.0,53.8,58.1,58.5,False,False,True,False
85.77,0,94.9,74.4,75.2,96.1,88.4,94.5,79.3,88.2,76.8,90.0,False,False,False,False
60.86,2,56.0,57.8,66.0,61.7,55.1,54.8,65.7,62.1,66.1,63.4,False,True,False,False
56.77,1,57.7,58.4,58.5,57.8,58.1,58.1,55.7,51.5,58.6,53.3,False,False,False,True
54.38,1,56.3,58.2,51.0,56.0,52.2,54.2,51.8,53.6,54.7,55.8,False,True,False,False
82.66,0,90.3,70.8,77.6,72.0,78.4,96.3,99.1,71.0,98.6,64.5,False,False,False,True
87.33,0,72.4,76.3,91.0,64.3,98.7,78.5,88.0,90.0,98.4,96.9,False,False,True,False
68.41,3,63.7,63.4,77.6,63.0,61.1,68.3,70.2,72.5,72.7,71.6,False,False,False,True
64.39,0,98.8,84.6,76.7,96.2,95.1,96.1,95.9,64.8,98.4,64.5,True,False,False,False
54.47,1,58.8,52.7,54.9,51.2,57.8,52.0,52.0,64.8,58.0,52.8,True,False,False,False
54.76,1,54.2,51.8,53.0,50.4,55.0,55.0,58.3,55.2,56.3,64.5,False,False,True,False
70.07,3,67.9,74.6,69.3,76.4,66.3,72.0,78.4,62.5,64.3,69.0,True,False,False,False
58.19,2,63.5,50.4,60.4,50.6,64.0,61.8,55.6,67.4,51.1,64.5,False,True,False,False
67.1,3,64.4,69.7,70.2,69.5,65.8,77.1,67.8,64.8,62.4,64.0,False,False,True,False
53.65,1,55.1,56.5,58.1,64.3,53.9,52.3,50.8,53.0,51.2,52.4,False,False,True,False
55.4,1,54.6,56.5,64.5,58.3,56.2,57.1,58.5,51.3,55.0,53.0,False,False,False,True
85.57,0,98.1,76.6,99.7,86.5,75.8,79.5,64.5,97.3,70.1,87.3,False,True,False,False
54.97,1,58.9,52.4,55.5,56.9,55.2,51.4,58.6,54.9,64.7,52.3,True,False,False,False
64.39,0,98.8,77.3,94.7,90.5,81.7,99.7,76.6,90.6,84.2,85.0,False,False,False,True
90.15,0,76.3,91.1,99.9,92.6,95.7,99.9,96.2,76.8,91.9,81.2,False,False,True,False
55.52,1,57.1,52.5,57.8,57.1,58.6,56.6,53.3,52.6,58.6,51.0,False,False,False,False
59.03,2,50.2,56.2,57.8,63.6,59.6,54.3,61.4,64.8,66.5,63.2,False,False,False,False
61.36,2,63.0,67.0,64.2,55.7,57.8,56.7,64.5,65.1,53.4,64.5,False,False,True,False
82.17,0,80.8,88.6,85.4,76.6,93.8,64.6,83.2,75.3,81.1,73.9,True,False,False,False
66.79,3,64.4,64.5,68.4,70.9,64.4,63.5,62.9,70.4,64.7,74.5,True,False,False,False
55.68,1,52.7,57.5,64.5,64.3,56.7,53.3,58.3,53.0,56.1,55.2,False,False,False,True
60.87,2,68.7,64.1,60.9,56.8,62.5,66.7,54.8,51.3,59.3,63.5,False,False,False,False
53.32,1,54.1,52.7,50.3,50.1,64.4,56.7,50.6,57.5,56.1,50.3,False,True,False,False
67.55,3,69.3,74.1,68.9,61.9,64.4,62.9,62.2,74.0,60.1,65.9,False,True,False,False
57.17,2,51.8,58.4,62.6,56.8,65.0,50.5,50.8,61.9,58.3,55.7,False,False,True,False
69.84,3,68.4,60.5,77.3,74.3,78.2,77.1,65.0,66.2,64.7,64.6,False,False,False,True
54.31,1,57.9,51.7,54.8,51.9,57.6,57.6,55.2,51.9,52.0,52.5,False,True,False,False
83.55,0,87.3,100.0,84.2,70.8,78.9,72.6,81.8,64.8,82.9,89.7,False,False,False,True
81.66,0,84.8,64.5,90.1,86.4,83.1,76.1,81.7,76.4,64.7,70.9,False,True,False,False
68.82,3,78.0,73.4,66.8,70.1,67.9,71.0,60.3,65.4,64.7,75.0,True,False,False,False
59.13,2,58.7,64.1,56.5,60.5,61.6,66.1,64.5,53.2,60.1,51.7,True,False,False,False
67.66,3,66.6,71.3,69.0,64.3,72.1,65.8,63.1,65.3,74.7,68.0,False,False,False,True
54.54,1,53.5,50.3,64.5,55.8,52.9,57.7,51.8,58.0,57.3,57.7,False,True,False,False
81.06,0,64.4,80.3,92.5,87.3,64.4,72.9,92.5,79.7,74.2,77.0,True,False,False,False
64.39,2,64.1,55.0,64.5,50.8,64.4,51.7,59.5,66.6,54.5,61.5,False,True,False,False
54.45,1,51.4,58.5,58.5,54.4,51.6,51.3,51.0,57.7,54.1,56.1,False,False,True,False
59.14,2,60.2,64.5,50.8,64.3,55.9,62.0,52.6,51.6,64.7,63.4,False,False,True,False
71.25,3,73.0,78.3,64.9,64.3,71.9,69.9,74.8,78.3,64.7,67.8,False,False,True,False
64.39,3,76.5,64.4,61.0,68.2,74.0,70.6,70.7,60.9,60.9,63.0,False,False,False,True
64.39,0,92.7,97.1,64.5,88.7,88.6,82.3,89.6,82.7,87.5,95.0,False,False,False,False
59.34,2,60.0,50.5,66.7,58.2,58.8,50.4,67.1,50.2,68.5,62.9,True,False,False,False
70.63,3,77.3,68.5,77.2,63.8,61.0,74.5,67.0,75.1,64.7,63.2,True,False,False,False
68.59,3,60.4,68.8,68.2,71.5,69.4,65.1,68.7,72.7,73.4,64.5,False,False,False,True
70.09,3,63.8,63.2,64.5,71.5,69.1,63.8,78.9,73.3,78.4,64.5,False,False,True,False
89.21,0,88.8,82.2,82.4,84.0,97.9,97.6,81.0,99.1,84.7,94.4,True,False,False,False
53.95,1,55.3,52.8,51.2,64.3,58.8,51.3,53.8,64.8,53.6,57.7,True,False,False,False
64.39,1,52.6,58.6,58.3,56.2,58.9,57.0,64.5,64.8,51.6,52.9,False,True,False,False
53.28,1,50.3,51.5,55.4,56.0,54.3,52.9,53.0,52.8,55.3,64.5,False,False,True,False
70.31,3,70.5,73.1,76.2,61.1,74.5,62.6,71.1,77.3,64.7,63.0,False,False,True,False
84.91,0,96.9,91.7,94.0,76.5,71.7,86.5,79.9,97.9,73.2,80.7,True,False,False,False
70.16,3,61.7,73.0,65.6,64.3,64.4,69.7,73.8,73.5,77.0,74.1,True,False,False,False
54.09,1,50.1,58.0,57.3,51.2,50.2,55.0,55.7,50.2,54.6,58.5,False,False,True,False
53.89,1,55.3,58.6,52.1,51.4,57.8,51.6,52.9,55.6,52.2,51.4,False,False,False,True
81.9,0,80.6,76.8,94.1,64.3,81.4,92.3,85.8,64.8,73.1,78.4,False,False,False,True
64.39,3,70.2,66.9,64.5,74.0,73.2,62.7,64.1,64.1,64.7,72.4,False,False,True,False
69.26,3,66.9,65.7,77.5,75.3,64.4,69.0,70.1,62.6,71.6,63.8,True,False,False,False
84.92,0,93.1,64.5,78.2,96.3,94.2,64.6,78.7,71.8,80.2,88.2,True,False,False,False
58.3,2,64.4,51.4,54.2,60.0,54.8,55.7,67.6,67.1,59.8,55.5,False,False,True,False
64.39,0,74.4,64.5,77.3,64.3,84.9,98.2,64.5,74.8,98.7,99.9,True,False,False,False
85.01,0,64.4,88.8,73.5,71.2,90.7,78.7,88.4,91.2,64.7,81.9,False,True,False,False
59.21,2,65.2,59.2,53.8,54.9,59.7,56.2,54.5,66.9,54.6,67.0,False,False,True,False
57.44,2,53.0,61.5,55.5,57.7,56.2,56.3,63.4,58.5,54.8,57.5,True,False,False,False
59.73,2,56.4,66.9,54.8,53.7,61.7,58.5,68.1,54.2,54.5,68.7,False,False,False,True
68.43,3,69.5,69.8,69.2,72.3,66.5,64.6,62.0,78.1,66.7,63.5,False,False,False,False
90.04,0,91.5,64.5,79.8,64.3,99.2,64.6,93.8,73.7,98.4,90.2,False,False,False,False
59.63,2,58.4,61.8,61.8,55.0,58.6,52.7,67.4,60.3,60.4,60.0,True,False,False,False
64.39,0,96.0,92.5,87.9,76.4,75.4,80.4,72.7,83.6,95.6,80.5,False,True,False,False
68.16,3,64.4,63.4,64.1,64.3,69.5,64.6,67.3,66.6,60.7,75.3,False,False,True,False
70.54,3,63.6,73.6,70.2,77.7,70.8,64.6,73.4,77.7,69.8,61.5,True,False,False,False
54.5,1,57.1,53.8,53.9,64.3,64.4,57.6,50.3,58.4,51.0,52.2,False,False,True,False
71.4,3,77.3,76.5,60.9,78.6,75.6,70.4,74.0,62.5,67.2,64.5,False,False,False,True
89.13,0,87.0,76.2,64.5,98.0,88.4,93.5,80.2,94.9,94.4,94.5,True,False,False,False
85.32,0,64.4,85.4,73.6,64.3,91.2,79.3,88.9,89.5,90.7,73.1,False,False,True,False
70.15,3,64.4,63.4,70.2,75.4,68.5,62.9,64.5,72.5,78.5,77.4,True,False,False,False
64.39,1,51.2,53.6,50.3,59.0,56.1,54.2,53.6,54.6,55.3,52.7,False,False,False,True
54.75,1,54.0,51.8,52.2,58.5,51.4,57.5,55.4,58.8,50.5,57.4,False,True,False,False
58.77,2,62.9,66.1,57.6,60.3,52.0,60.5,63.3,54.3,55.3,55.3,False,False,True,False
64.39,1,58.9,55.8,52.0,58.5,52.3,51.6,58.4,54.5,56.4,57.6,True,False,False,False
69.66,3,71.4,68.8,68.4,66.5,71.5,76.2,67.1,68.1,74.4,64.1,True,False,False,False
59.12,2,57.6,64.4,56.0,56.4,68.7,50.5,67.4,62.8,55.3,52.1,False,False,False,True
55.83,1,50.3,57.6,58.8,57.6,55.2,55.6,57.3,58.3,51.4,64.5,False,True,False,False
64.39,3,68.5,65.1,77.3,76.6,66.5,73.0,62.9,64.6,71.8,68.0,False,False,False,True
58.07,2,64.4,60.3,54.9,54.5,55.9,63.0,62.7,59.0,50.5,66.4,True,False,False,False
81.81,0,82.1,78.4,82.0,94.3,85.3,64.6,80.2,64.8,91.6,71.5,False,False,False,False
69.77,3,69.7,77.3,74.9,63.6,76.8,75.9,61.2,64.8,64.7,65.3,False,True,False,False
82.72,0,83.4,80.5,96.7,74.7,77.7,89.5,94.6,64.8,86.9,70.9,True,False,False,False
71.92,3,68.2,75.0,74.6,67.9,77.3,64.6,63.5,76.2,75.5,64.5,False,False,True,False
67.62,3,64.4,76.0,64.5,62.4,64.4,61.4,64.5,74.0,62.6,66.6,False,False,False,True
64.39,0,80.3,64.5,80.7,64.3,72.9,81.1,81.1,96.3,73.6,86.0,False,False,False,False
59.14,2,60.4,61.4,56.3,66.7,57.5,58.2,50.5,54.5,68.8,57.1,False,False,False,True
59.94,2,63.3,64.5,64.5,64.3,59.7,63.2,50.0,63.9,59.4,65.0,False,False,False,True
73.08,3,72.4,64.5,71.1,72.7,76.5,64.6,62.0,66.9,77.1,78.8,False,True,False,False
81.38,0,85.1,64.5,72.6,74.4,78.0,97.3,77.6,70.3,64.7,96.3,False,True,False,False
60.56,2,68.2,67.5,56.5,65.4,62.1,55.2,58.0,64.2,53.7,54.8,True,False,False,False
55.65,1,58.8,58.1,57.2,50.3,50.8,57.2,55.7,58.1,57.1,53.2,False,False,False,False
70.1,3,75.3,76.9,75.6,74.9,69.1,64.6,64.8,64.1,63.4,64.7,False,False,True,False
60.2,2,64.4,62.7,64.5,50.4,63.4,57.3,64.5,65.3,66.8,63.0,False,False,False,True
64.39,0,80.9,94.0,87.0,81.6,70.5,90.5,89.1,82.3,91.5,70.6,False,True,False,False
70.59,3,75.7,78.3,64.5,61.6,77.7,65.2,62.2,72.1,75.0,74.9,False,False,False,False
57.92,2,55.3,51.3,60.4,59.3,64.4,54.6,64.5,58.2,56.2,65.9,False,False,True,False
64.39,0,95.9,82.7,92.2,82.2,76.0,64.6,96.3,88.5,72.2,88.6,False,False,True,False
64.39,2,64.4,63.4,64.5,52.2,51.6,61.9,62.8,67.4,53.9,52.9,False,False,False,True
89.69,0,64.4,94.7,98.3,85.2,92.7,85.5,96.0,81.4,64.7,64.5,False,False,False,True
82.93,0,90.7,72.3,70.5,85.4,99.2,99.1,86.2,73.9,75.8,76.0,False,True,False,False
54.74,1,56.0,57.5,56.1,54.6,51.6,55.1,50.6,57.3,57.0,51.4,False,True,False,False
62.33,2,57.9,63.9,66.0,61.4,64.4,68.4,64.3,64.8,59.1,64.5,True,False,False,False
83.19,0,74.5,97.1,92.2,95.5,74.2,77.4,71.1,82.1,87.4,80.5,False,False,True,False
53.42,1,51.7,57.4,51.3,50.4,54.0,50.1,54.0,55.5,51.0,64.5,False,False,True,False
59.22,2,58.9,51.8,68.7,59.5,62.6,60.5,57.8,61.8,58.2,64.5,False,False,True,False
68.24,3,68.2,77.0,76.2,61.3,60.8,66.3,70.6,64.0,77.6,60.5,False,False,False,True
69.21,3,67.0,69.9,70.9,68.6,65.1,65.2,74.7,64.1,77.9,64.5,False,False,False,True
87.65,0,87.5,79.1,64.5,64.3,98.0,64.6,79.1,99.1,88.7,64.5,False,True,False,False
87.41,0,64.4,79.0,99.7,95.8,95.9,72.6,81.6,87.9,83.9,81.7,False,False,False,True
68.98,3,72.3,66.2,70.3,60.1,76.6,61.9,74.6,68.1,65.7,73.9,True,False,False,False
54.92,1,59.0,56.2,58.0,51.3,56.9,52.8,54.0,51.8,64.7,56.4,False,False,False,False
58.44,2,53.6,55.2,66.8,51.0,50.2,58.6,67.0,61.1,61.0,60.0,False,False,True,False
54.27,1,52.2,64.5,56.4,55.2,53.6,56.4,64.5,52.6,64.7,50.7,False,False,False,True
64.39,2,50.5,65.1,53.5,60.8,61.1,53.6,64.9,64.8,50.7,64.5,True,False,False,False
57.59,2,53.3,58.4,59.9,51.3,54.1,50.5,63.7,59.0,58.6,67.2,False,False,True,False
59.44,2,66.4,65.1,67.3,64.8,58.8,64.2,50.1,64.8,50.9,64.5,False,True,False,False
58.19,2,57.5,59.8,64.5,51.0,58.5,67.6,65.8,53.6,54.3,52.1,False,False,False,True
71.94,3,76.4,68.3,67.1,68.9,75.7,74.7,61.4,78.5,74.0,74.5,True,False,False,False
70.7,3,61.9,72.2,71.4,64.3,73.5,67.1,69.4,74.1,63.7,77.0,True,False,False,False
59.67,2,64.0,65.6,61.4,52.8,60.6,58.1,50.7,63.2,67.1,53.2,False,True,False,False
69.81,3,74.9,68.7,61.9,64.3,69.8,74.1,76.7,74.9,68.1,61.1,False,True,False,False
81.76,0,72.1,83.0,73.2,74.6,64.4,79.3,85.4,78.4,87.4,92.3,True,False,False,False
60.91,2,60.8,65.9,54.9,65.8,66.1,64.7,56.8,58.6,59.7,55.7,False,False,False,True
55.52,1,54.7,64.5,50.8,54.8,56.0,53.5,57.9,64.8,56.6,55.8,False,False,True,False
53.57,1,57.3,55.6,54.0,64.3,50.2,51.6,53.4,51.7,55.0,55.5,False,False,True,False
54.1,1,52.6,56.1,53.1,53.3,54.0,52.1,52.8,53.3,58.5,55.3,False,True,False,False
80.1,0,70.5,71.8,64.5,75.0,96.4,64.6,72.9,77.2,85.1,85.3,True,False,False,False
54.42,1,50.7,56.7,50.4,50.6,51.8,57.6,55.0,57.1,58.0,56.3,True,False,False,False
64.39,0,93.3,85.5,64.5,91.9,64.4,85.7,94.1,64.8,64.7,90.5,False,True,False,False
53.74,1,50.3,57.9,51.3,57.1,56.0,51.8,54.2,52.5,55.4,51.0,True,False,False,False
62.27,2,56.0,65.6,65.6,66.9,59.4,66.7,62.0,60.2,63.3,56.9,True,False,False,False
59.96,2,58.4,50.3,64.5,64.3,60.4,63.7,67.4,68.7,63.0,55.0,False,False,False,True
87.97,0,90.6,96.7,85.6,90.6,95.4,86.4,84.7,79.2,86.7,83.7,False,False,True,False
69.52,3,67.2,76.0,64.5,74.3,72.0,61.6,63.1,67.7,64.8,76.9,False,False,False,False
70.95,3,63.1,69.7,73.0,78.2,72.4,64.6,77.5,67.3,75.2,61.6,True,False,False,False
68.08,3,61.6,74.3,67.5,65.5,70.2,75.8,64.5,75.8,62.5,63.8,False,False,True,False
56.59,1,56.9,64.5,56.1,58.5,64.4,57.8,64.5,57.0,55.2,58.7,False,False,True,False
55.28,1,57.1,57.4,54.7,52.4,53.9,52.3,64.5,57.6,53.9,55.2,True,False,False,False
64.39,1,57.3,51.0,50.5,58.2,64.4,52.1,56.7,53.9,56.8,50.9,False,False,False,False
89.77,0,92.0,98.6,90.7,94.6,64.4,87.2,87.3,64.8,90.4,80.7,True,False,False,False
55.66,1,57.5,53.3,53.3,55.5,64.4,58.1,57.0,58.5,57.0,51.0,False,True,False,False
62.78,2,60.5,62.1,65.5,68.0,50.9,66.4,56.1,68.1,66.4,63.7,True,False,False,False
91.65,0,99.9,91.1,98.7,84.5,80.6,82.0,92.6,98.3,89.1,99.6,False,False,True,False
82.71,0,79.4,71.6,95.7,73.0,72.8,80.7,94.6,76.9,96.6,85.8,False,False,False,False
58.27,2,66.7,51.9,64.5,59.5,59.6,59.7,50.8,55.2,59.5,54.1,False,False,False,True
56.14,2,64.4,51.2,59.5,65.2,57.2,55.3,64.5,59.5,53.3,50.0,True,False,False,False
64.39,3,76.4,63.1,73.4,63.3,65.6,75.0,78.9,73.4,73.6,63.7,True,False,False,False
78.74,0,81.8,77.1,72.9,93.5,64.4,71.0,91.3,74.5,75.7,72.2,True,False,False,False
53.86,1,64.4,52.8,50.3,57.2,64.4,59.0,53.4,51.7,54.0,57.5,False,True,False,False
85.68,0,91.6,96.5,75.7,90.2,73.6,95.7,88.4,98.9,75.3,70.9,False,False,False,True
66.11,3,65.1,60.3,74.5,74.0,63.0,62.5,69.8,62.6,61.3,68.0,False,False,True,False
62.02,2,57.5,63.7,68.3,66.8,67.8,58.6,61.6,52.4,56.3,67.3,False,False,False,False
83.75,0,75.6,84.3,64.5,91.7,80.7,84.4,98.7,81.2,82.9,64.5,False,True,False,False
64.39,2,51.5,67.0,67.6,56.9,66.9,50.0,57.9,57.0,63.8,50.0,False,True,False,False
61.24,2,56.5,67.8,65.8,59.1,63.6,68.0,58.6,51.6,56.6,64.8,True,False,False,False
54.71,1,54.8,57.1,57.5,57.7,64.4,54.6,54.3,56.0,51.4,50.9,False,True,False,False
85.87,0,94.1,95.5,64.5,89.0,78.3,83.4,72.5,95.4,88.8,64.5,False,True,False,False
83.59,0,72.4,76.0,86.8,97.7,87.1,75.6,84.0,87.3,91.0,77.9,False,False,False,True
58.79,2,56.1,50.3,51.1,64.3,67.7,63.5,60.7,67.3,64.7,52.9,False,False,False,True
56.7,2,60.1,61.8,57.9,58.8,51.0,54.1,61.4,57.6,53.6,50.7,False,False,False,False
64.39,3,66.8,64.1,77.7,64.3,65.6,69.3,74.0,72.2,76.8,61.6,True,False,False,False
52.81,1,50.8,54.4,53.2,54.2,64.4,64.6,50.1,51.2,52.4,51.8,False,True,False,False
64.39,0,71.6,64.5,91.8,84.5,99.1,70.3,72.8,81.9,82.6,79.4,False,False,False,False
66.44,3,62.5,60.6,60.7,75.1,65.8,71.0,66.0,67.1,64.7,64.5,False,True,False,False
67.25,3,64.4,68.5,66.0,69.1,62.1,69.0,69.4,66.6,73.1,67.2,False,False,True,False
52.86,1,50.5,52.7,57.2,51.9,51.4,64.6,57.7,64.8,50.6,50.4,False,False,False,False
64.39,0,83.8,71.1,93.1,73.4,80.0,89.9,80.8,95.7,81.9,76.2,False,False,False,False
59.92,2,62.5,54.0,55.9,68.8,62.6,62.1,63.3,59.6,64.7,64.5,False,False,False,False
86.61,0,92.5,64.5,92.3,73.1,91.9,84.7,86.2,96.2,77.2,84.6,True,False,False,False
53.71,1,54.1,51.8,58.1,53.7,53.8,55.2,53.0,52.8,51.4,53.2,False,False,False,False
82.1,0,91.2,74.0,95.5,88.9,71.9,76.3,64.5,97.3,77.1,76.7,False,True,False,False
68.94,3,63.2,71.0,74.9,63.0,75.4,62.0,77.6,73.3,68.1,60.9,False,False,False,True
69.05,3,64.4,66.8,62.2,76.6,64.4,77.5,71.4,65.0,75.2,68.4,False,False,True,False
58.8,2,66.0,64.5,67.9,66.3,59.1,53.4,54.8,57.7,64.7,55.2,False,True,False,False
54.59,1,50.7,57.5,55.2,55.5,52.8,52.7,58.6,64.8,52.1,57.8,False,False,True,False
60.82,2,66.9,64.5,54.1,64.3,57.3,54.2,66.8,60.6,62.7,50.7,False,False,True,False
64.39,0,72.4,64.5,89.8,97.3,93.6,64.6,100.0,84.1,95.4,78.2,False,True,False,False
84.44,0,64.4,98.5,86.3,79.7,73.6,89.1,95.9,80.7,73.5,79.4,False,False,False,False
68.49,3,73.4,64.5,60.2,71.4,67.8,73.3,71.0,64.8,61.6,65.4,False,True,False,False
88.87,0,80.0,94.8,89.7,72.6,81.1,88.1,92.5,99.4,99.1,91.3,False,True,False,False
67.64,3,78.4,61.8,64.5,60.4,61.5,72.2,72.4,68.7,62.4,71.0,True,False,False,False
68.7,3,67.3,78.9,66.2,70.3,67.6,75.6,64.5,61.3,70.3,61.3,False,False,False,False
83.44,0,78.5,90.6,94.6,97.2,76.3,89.9,79.0,78.1,70.7,64.5,True,False,False,False
64.39,2,62.9,52.4,63.4,52.3,64.4,54.4,53.3,68.2,57.4,59.5,True,False,False,False
52.58,1,51.0,55.0,50.0,50.3,55.2,53.6,64.5,53.9,50.2,54.3,False,False,False,True
64.39,2,60.9,52.5,54.3,53.7,60.0,68.5,56.5,64.8,53.4,66.3,True,False,False,False
63.46,2,61.2,67.2,64.5,62.8,68.1,64.6,65.2,51.6,63.8,65.0,True,False,False,False
86.63,0,85.0,91.6,96.7,74.6,92.2,95.7,88.3,85.8,72.9,83.5,False,True,False,False
58.1,2,68.1,52.3,59.1,52.0,54.5,51.8,53.3,55.6,64.7,68.7,True,False,False,False
55.79,1,51.4,52.5,52.2,64.3,57.5,57.8,55.1,58.2,64.7,55.9,False,False,False,False
64.39,1,57.9,52.1,50.2,50.2,56.8,52.5,56.0,53.2,53.5,53.5,False,False,True,False
69.87,3,68.1,78.7,63.7,72.8,68.9,72.1,71.2,73.4,63.2,66.5,False,False,False,False
64.39,0,85.8,91.1,85.2,83.1,92.3,64.6,81.9,94.0,94.6,83.2,False,False,False,True
59.38,2,52.0,52.3,60.5,64.9,62.6,63.6,56.5,64.1,53.3,64.0,False,False,False,True
83.88,0,84.7,78.0,64.5,95.4,93.0,78.7,84.9,79.2,96.5,64.5,True,False,False,False
64.39,1,54.4,64.5,56.6,52.3,54.8,64.6,53.1,55.6,56.3,64.5,True,False,False,False
60.88,2,63.3,65.3,56.4,55.2,59.5,66.5,68.1,62.9,52.2,59.5,False,False,True,False
73.47,3,72.6,75.0,74.7,74.3,76.0,61.4,78.3,74.2,76.3,71.9,False,False,True,False
59.37,2,64.4,67.7,56.4,58.2,66.2,63.4,50.0,64.7,52.1,64.5,False,True,False,False
85.02,0,86.4,81.5,64.5,98.1,82.3,96.4,79.3,93.8,70.4,80.0,False,False,True,False
88.73,0,97.7,75.5,64.5,89.9,81.2,96.2,87.0,99.1,81.3,93.2,False,False,True,False
70.61,3,74.5,71.7,64.8,68.2,67.0,72.7,68.7,74.6,76.7,67.1,True,False,False,False
59.54,2,57.9,57.3,68.9,56.8,55.4,62.8,55.7,68.2,56.4,55.9,True,False,False,False
53.46,1,53.4,50.3,52.4,58.3,54.2,50.5,50.1,53.2,56.4,55.8,True,False,False,False
60.28,2,56.8,60.5,63.4,50.7,54.7,66.5,59.0,61.0,63.8,66.4,True,False,False,False
53.32,1,64.4,53.5,56.6,58.1,56.1,51.5,50.8,50.2,50.6,53.4,True,False,False,False
53.82,1,55.5,51.0,64.5,50.4,54.7,55.2,50.3,57.1,57.2,51.5,False,False,True,False
58.36,2,64.4,60.5,58.0,60.7,58.4,52.7,64.5,58.2,67.2,55.7,False,False,False,True
53.69,1,53.0,51.1,56.4,64.3,57.8,50.7,52.0,52.7,54.4,56.5,False,True,False,False
55.69,1,57.1,58.8,58.6,52.9,54.8,55.9,57.1,64.8,52.0,56.6,True,False,False,False
67.76,3,78.9,63.8,61.4,63.0,71.3,63.7,64.5,61.0,75.8,77.7,False,True,False,False
59.58,2,64.4,66.4,57.6,57.5,67.9,52.6,51.6,64.4,66.8,59.7,False,False,False,False
67.95,3,78.3,63.9,65.4,67.0,70.9,63.1,70.5,68.6,62.1,69.7,True,False,False,False
69.68,3,78.7,71.9,65.8,64.8,66.4,71.8,68.4,68.4,67.1,73.5,False,True,False,False
60.55,2,62.8,66.5,64.2,58.0,51.0,61.3,68.7,62.6,53.3,57.1,False,False,False,True
58.09,2,52.7,56.6,56.9,53.1,68.9,67.4,56.8,56.8,64.7,64.5,False,False,False,True
64.39,0,82.6,89.5,64.5,93.9,91.5,93.7,81.0,91.1,70.5,89.2,True,False,False,False
84.77,0,83.9,90.3,73.5,64.3,99.0,64.6,92.2,99.7,75.5,80.0,True,False,False,False
84.51,0,72.1,86.1,96.7,99.2,75.2,71.1,64.5,78.7,87.7,64.5,False,False,False,True
55.46,1,52.0,54.7,55.3,58.8,52.4,58.6,56.3,54.9,55.3,56.3,False,False,False,False
69.54,3,69.2,65.4,72.7,64.0,73.0,72.2,66.1,68.0,67.7,77.1,False,False,False,False
54.59,1,53.0,51.5,54.5,58.1,56.1,55.0,64.5,54.7,52.0,52.2,True,False,False,False
56.79,2,54.5,54.3,59.5,53.7,67.8,60.7,54.8,55.2,53.0,54.4,False,False,True,False
54.43,1,54.5,57.1,55.6,52.4,51.2,50.9,57.0,53.4,58.5,53.7,True,False,False,False
67.93,3,64.4,63.7,65.2,78.4,63.9,78.6,68.4,64.5,64.0,67.8,False,False,True,False
68.16,3,64.4,76.9,63.4,63.6,69.1,67.8,62.5,61.0,73.0,72.0,False,True,False,False
64.39,3,75.5,64.5,66.7,69.5,76.3,67.4,63.5,64.8,64.7,64.3,False,False,True,False
69.15,3,78.4,78.3,62.6,61.1,62.2,66.1,70.4,76.5,68.3,67.8,False,True,False,False
67.78,3,69.5,62.2,62.2,64.3,75.1,66.2,71.0,71.6,64.7,63.5,False,False,False,True
60.25,2,50.8,64.5,63.7,62.3,66.7,64.6,62.0,53.9,65.1,58.9,False,False,False,True
59.25,2,56.9,64.5,59.7,67.9,55.6,55.6,62.3,55.2,65.7,59.3,True,False,False,False
68.63,3,62.8,67.9,60.7,70.1,78.0,64.6,74.1,64.8,69.2,66.7,False,False,False,True
85.68,0,97.4,82.5,71.1,73.5,88.4,64.6,98.5,85.4,90.8,82.8,False,False,False,True
54.87,1,55.9,51.3,64.5,50.1,54.1,54.6,57.1,57.5,53.3,56.2,True,False,False,False
87.38,0,88.4,86.5,97.1,98.2,73.5,92.1,88.1,83.1,75.7,91.1,True,False,False,False
70.18,3,62.6,77.7,77.4,65.1,62.6,76.3,78.3,63.9,71.7,66.1,True,False,False,False
58.99,2,58.4,55.9,65.9,62.5,52.8,55.0,51.6,64.0,60.1,63.7,True,False,False,False
55.07,1,57.6,53.2,56.2,52.8,55.7,64.6,56.1,56.3,52.2,55.5,False,True,False,False
84.07,0,92.0,88.6,79.8,70.8,93.3,81.2,64.5,64.8,64.7,91.5,False,False,True,False
54.53,1,52.3,51.2,57.0,54.0,57.7,50.1,56.7,57.0,51.2,58.2,True,False,False,False
54.31,1,58.7,53.4,53.6,50.6,54.2,56.6,57.3,50.5,51.8,56.5,True,False,False,False
81.96,0,64.4,75.9,74.1,91.9,64.4,71.2,94.0,78.0,76.9,86.9,True,False,False,False
68.23,3,76.5,62.0,64.5,64.9,74.1,75.6,61.8,62.2,62.7,67.9,False,False,False,True
54.44,1,51.2,56.3,57.7,55.8,51.6,58.3,64.5,50.2,54.5,52.6,False,False,False,True
71.31,3,69.4,73.2,61.5,75.9,64.4,72.3,69.1,73.9,74.9,77.1,False,False,False,True
84.48,0,75.5,86.2,64.5,70.8,64.4,83.2,94.9,85.9,84.6,86.0,False,False,True,False
80.16,0,75.8,82.7,81.9,73.3,64.4,73.8,81.0,77.1,77.3,78.8,True,False,False,False
64.39,0,90.9,80.8,87.5,93.8,78.3,83.4,94.1,81.3,73.5,78.0,False,False,True,False
55.23,1,58.3,54.3,57.6,52.3,64.4,53.0,58.9,54.7,54.1,55.2,False,False,False,False
70.67,3,69.2,66.8,75.4,72.3,72.4,64.6,67.8,74.7,78.6,67.7,False,False,False,False
54.18,1,51.1,54.2,57.6,54.7,51.7,56.4,51.4,57.4,56.4,50.8,False,True,False,False
69.25,3,65.3,72.6,73.8,69.2,74.2,62.9,68.8,63.6,74.2,67.8,False,False,False,True
68.89,3,71.0,72.2,77.8,64.3,65.3,60.4,66.2,64.8,60.5,74.4,True,False,False,False
55.53,1,56.2,55.6,55.4,57.9,54.9,55.6,57.3,52.5,52.8,57.1,False,True,False,False
72.16,3,78.5,76.7,70.9,71.6,64.4,69.4,64.1,77.9,70.0,77.8,False,False,True,False
68.37,3,65.5,63.5,68.9,64.3,72.3,60.8,64.5,74.3,63.7,64.5,False,False,False,False
58.78,2,52.9,67.9,50.2,61.8,67.2,61.0,52.5,55.0,65.3,64.5,True,False,False,False
86.24,0,77.2,72.2,70.2,91.6,92.7,86.4,98.0,81.2,98.7,94.2,False,True,False,False
70.33,3,63.6,75.7,64.5,71.9,65.8,65.9,68.0,74.9,74.2,70.1,False,True,False,False
54.29,1,50.1,51.8,53.6,55.8,53.9,54.2,58.7,52.0,59.0,53.7,False,False,True,False
53.74,1,53.9,52.1,64.5,58.1,54.8,53.6,51.5,64.8,54.6,51.1,True,False,False,False
84.72,0,82.6,74.5,87.6,96.0,99.3,80.3,79.3,82.1,64.7,85.2,False,False,False,False
54.71,1,58.7,50.2,57.9,50.6,55.4,52.2,57.4,64.8,64.7,55.1,False,False,False,True
67.9,3,64.4,66.1,72.4,67.7,61.0,68.4,73.2,64.9,69.6,62.3,False,False,False,True
84.37,0,87.8,85.6,84.1,86.4,99.4,83.3,70.2,88.9,85.0,73.0,False,False,False,False
63.11,2,68.4,63.6,58.2,62.6,58.3,67.0,64.5,61.3,66.2,64.5,False,True,False,False
82.28,0,73.1,95.9,77.7,73.7,75.9,64.6,78.9,86.1,93.2,94.3,False,True,False,False
70.02,3,72.4,64.4,64.5,78.7,67.9,74.5,63.2,77.5,64.0,64.5,False,False,False,False
54.87,1,55.2,57.8,57.8,56.2,56.7,52.9,50.0,53.6,51.6,56.9,False,True,False,False
82.15,0,74.2,73.3,85.6,90.3,76.6,77.0,93.0,82.9,89.0,79.6,False,False,False,True
61.59,2,63.5,52.5,59.7,51.7,64.4,60.2,66.6,64.8,65.4,67.9,True,False,False,False
59.78,2,65.5,50.1,58.6,63.3,64.4,54.7,64.5,56.9,56.3,66.1,False,False,True,False
59.86,2,57.0,62.7,63.8,55.4,59.1,61.9,57.7,59.3,53.5,68.2,False,False,False,False
64.39,3,70.5,66.7,64.5,60.1,61.3,67.1,78.5,61.2,78.2,76.6,False,True,False,False
55.32,1,55.6,57.4,56.4,56.0,55.3,55.5,54.3,51.7,54.6,56.3,False,False,True,False
68.56,3,63.4,63.7,68.5,73.6,71.7,64.6,64.3,65.9,74.7,63.7,True,False,False,False
53.74,1,54.2,51.0,56.3,53.6,51.9,55.6,51.7,52.4,53.3,57.3,True,False,False,False
57.9,2,58.2,61.4,63.9,51.0,53.5,64.6,56.8,59.4,65.7,53.8,False,False,True,False
87.68,0,98.4,90.6,76.5,72.1,81.4,96.6,92.9,82.0,95.2,90.9,True,False,False,False
54.88,1,58.9,58.8,54.7,50.8,51.7,55.1,58.3,51.0,54.6,55.0,True,False,False,False
57.56,2,64.4,56.5,54.5,53.5,64.4,67.6,61.8,61.0,51.9,55.2,True,False,False,False
67.88,3,66.3,67.6,70.8,68.3,67.9,78.4,72.5,63.8,60.8,62.4,False,False,True,False
54.72,1,52.3,64.5,64.5,58.9,51.4,64.6,55.4,55.8,52.9,52.2,True,False,False,False
58.35,2,55.2,64.5,64.5,53.8,54.2,64.6,50.1,64.0,61.6,67.7,False,False,True,False
81.39,0,77.8,95.2,97.8,72.0,74.3,92.0,86.0,75.7,71.8,71.3,False,False,False,True
60.21,2,55.9,65.6,52.7,52.8,65.9,65.1,61.3,60.8,65.2,56.8,True,False,False,False
54.08,1,54.8,53.7,52.5,52.6,52.3,55.9,55.7,58.4,53.1,51.8,True,False,False,False
64.39,0,94.3,94.1,76.2,73.3,82.4,71.0,95.1,73.8,81.3,87.8,False,False,False,True
80.97,0,78.4,70.4,96.0,64.3,92.3,72.7,96.0,72.8,77.2,81.8,False,True,False,False
67.2,3,64.4,77.4,60.2,69.5,64.4,61.9,60.0,73.3,63.9,64.0,False,False,False,True
56.16,1,50.8,57.4,57.1,58.4,55.6,55.4,57.4,56.4,58.7,54.3,True,False,False,False
80.56,0,71.6,71.7,88.3,74.5,76.2,98.7,64.5,77.8,85.0,89.9,True,False,False,False
64.39,3,64.4,75.4,63.3,60.3,68.7,69.2,72.6,72.0,74.9,60.2,True,False,False,False
55.73,1,58.1,58.8,56.8,58.3,50.2,53.9,56.0,54.9,56.0,54.4,False,False,False,True
59.47,2,64.4,64.5,66.7,53.6,64.4,53.2,54.8,50.8,67.9,64.5,True,False,False,False
85.24,0,72.2,64.5,72.2,91.3,96.2,87.0,87.9,80.2,64.7,93.4,False,False,True,False
57.96,2,54.2,68.1,64.5,64.4,54.6,55.5,57.1,50.0,50.0,57.5,False,False,False,True
67.83,3,64.4,70.3,61.9,71.3,64.4,60.1,63.4,68.5,64.7,63.2,False,False,False,True
82.72,0,89.5,74.0,80.8,84.6,85.8,73.9,64.5,92.7,91.0,73.4,False,False,False,False
71.9,3,63.7,73.5,78.3,71.3,72.0,64.8,78.7,71.7,70.1,75.1,False,True,False,False
55.04,1,58.9,50.9,64.5,50.6,57.3,57.8,58.5,54.9,57.6,50.6,False,False,False,False
53.84,1,53.6,50.7,52.9,54.9,52.4,55.0,58.4,52.4,53.9,54.3,True,False,False,False
59.08,2,57.1,65.5,58.4,54.7,53.9,66.0,54.9,51.7,62.3,66.5,True,False,False,False
55.8,1,57.7,58.5,56.0,55.2,64.4,58.2,50.4,57.7,57.5,56.2,False,False,False,False
88.06,0,87.8,84.6,96.5,88.2,99.0,86.3,77.0,85.5,93.5,82.2,True,False,False,False
88.71,0,92.4,92.6,81.4,98.1,85.9,90.8,64.5,93.1,74.5,87.7,False,False,False,True
60.63,2,57.5,64.5,60.6,65.0,63.6,62.1,54.6,61.2,67.1,53.8,False,False,False,True
88.75,0,89.1,64.5,72.2,98.4,98.7,84.8,64.5,64.8,85.5,82.6,False,False,False,False
68.88,3,64.3,60.2,66.4,68.8,65.9,74.2,73.5,73.3,73.5,68.6,False,False,False,True
64.39,2,54.5,52.8,61.5,59.1,51.6,53.4,67.4,51.7,61.4,57.6,False,False,False,False
88.46,0,94.7,64.5,97.7,86.6,93.9,76.3,82.3,83.4,98.7,72.6,True,False,False,False
69.0,3,68.0,67.0,67.6,62.6,64.9,60.6,73.3,64.8,75.5,78.9,False,False,False,True
82.1,0,77.8,78.2,83.8,70.6,91.8,77.6,90.9,87.9,76.1,86.1,False,False,False,False
67.33,3,78.6,64.2,61.6,70.3,62.4,71.9,69.7,61.9,69.6,63.3,True,False,False,False
85.22,0,83.6,81.8,81.7,70.8,77.1,98.5,84.0,90.2,90.8,93.8,True,False,False,False
84.63,0,89.1,79.7,90.8,86.3,80.5,73.0,98.2,78.6,81.5,88.7,False,True,False,False
57.34,2,61.2,53.0,64.5,64.0,52.7,54.7,50.9,60.0,55.7,61.6,False,False,True,False
60.24,2,56.3,58.8,64.5,63.1,61.5,55.4,63.9,65.2,64.0,53.6,False,True,False,False
58.09,2,64.4,57.3,56.4,50.2,68.6,54.9,55.3,57.9,60.2,66.4,True,False,False,False
66.32,3,68.8,62.9,60.1,68.7,60.1,61.4,78.9,64.8,73.8,64.5,True,False,False,False
59.51,2,55.5,51.2,61.6,55.4,57.7,65.3,66.6,63.8,64.6,53.5,False,False,True,False
57.69,2,53.7,52.5,57.5,57.3,58.7,53.9,64.1,57.9,55.2,66.2,False,True,False,False
86.67,0,81.1,77.2,71.0,93.9,74.0,93.6,97.3,87.0,96.5,95.0,True,False,False,False
62.03,2,66.0,58.2,57.8,69.0,52.1,66.8,64.5,64.8,60.4,66.8,False,True,False,False
71.42,3,77.7,64.2,60.3,72.7,66.9,73.4,77.7,78.0,78.6,64.6,False,True,False,False
58.07,2,64.4,57.6,51.2,54.7,51.9,64.8,63.8,64.4,51.7,56.0,False,False,False,False
82.5,0,74.1,80.4,74.9,74.0,90.7,82.9,84.6,83.7,93.3,86.4,False,False,False,True
70.72,3,67.6,69.3,66.1,76.6,62.8,77.4,73.8,74.8,64.7,74.0,True,False,False,False
74.55,3,75.2,78.1,77.5,78.9,75.0,78.1,78.1,70.9,64.4,69.2,False,False,True,False
55.84,1,56.5,55.7,54.3,56.8,58.4,55.5,53.1,57.9,57.8,52.3,False,True,False,False
55.83,1,56.8,55.2,55.3,51.3,58.0,56.7,57.8,52.2,56.7,64.5,False,False,False,True
67.94,3,64.5,60.2,75.8,65.9,63.3,67.6,77.6,74.9,69.3,60.3,False,False,False,True
66.31,3,74.6,63.6,70.8,61.6,66.3,66.2,64.5,61.8,68.0,67.3,False,False,False,False
68.1,3,69.3,68.8,61.7,76.8,64.4,64.0,68.2,64.8,71.7,63.7,False,False,True,False
78.89,0,72.6,85.5,64.5,70.1,64.4,64.6,74.6,84.9,86.4,90.7,False,False,False,True
67.58,3,62.1,65.2,70.7,71.8,63.7,68.4,70.6,65.5,75.3,62.6,False,False,False,False
53.38,1,64.4,54.7,51.7,53.7,64.4,56.0,55.6,53.3,50.1,52.9,True,False,False,False
60.27,2,60.5,65.2,64.5,68.5,51.3,59.4,61.7,65.8,51.3,66.9,False,False,False,False
59.35,2,65.2,62.4,52.1,65.1,52.0,54.0,61.8,53.2,65.2,62.4,False,False,False,True
88.17,0,64.4,97.7,88.6,97.2,90.4,76.0,83.5,82.2,88.2,83.8,True,False,False,False
71.08,3,75.2,69.9,74.3,66.5,73.9,71.6,69.8,65.7,69.8,74.2,False,False,False,False
59.44,2,50.4,62.9,64.5,64.9,55.5,59.1,64.8,64.8,56.2,64.5,False,True,False,False
70.07,3,71.3,71.3,61.7,72.7,63.4,74.4,69.3,70.4,69.6,76.7,True,False,False,False
54.12,1,53.0,52.2,50.1,51.6,55.2,57.1,64.5,50.4,57.8,56.3,False,False,True,False
66.06,3,65.1,71.1,64.2,62.8,65.9,65.0,76.4,60.9,62.9,64.5,False,True,False,False
83.46,0,84.5,70.4,72.2,91.9,87.2,76.2,97.7,79.8,64.7,88.5,False,False,True,False
53.94,1,54.8,55.7,64.5,53.4,64.4,55.7,50.6,64.8,52.6,52.2,False,False,False,True
71.14,3,63.7,64.5,64.5,73.1,79.0,70.0,77.6,74.3,69.4,63.1,False,False,False,False
64.39,1,54.3,52.5,52.7,50.1,50.5,54.1,59.0,53.1,58.9,56.9,False,False,False,False
53.82,1,52.5,50.8,64.5,53.6,56.1,55.4,59.0,50.2,53.7,56.8,False,False,False,True
60.82,2,67.3,58.4,58.5,53.1,62.0,66.1,63.4,64.8,60.7,64.5,False,False,True,False
54.39,1,52.3,55.7,64.5,51.2,58.4,55.0,57.1,56.6,54.9,51.8,False,False,True,False
54.19,1,64.4,57.6,52.0,64.3,50.3,52.7,52.1,58.6,64.7,53.1,False,False,True,False
59.99,2,54.0,62.8,58.7,63.1,62.5,54.1,63.3,62.6,60.4,58.5,False,False,False,True
82.39,0,79.3,83.3,96.0,91.1,64.4,72.7,71.5,76.4,84.1,99.0,False,False,False,False
54.88,1,57.9,50.5,55.0,53.9,54.7,64.6,56.6,56.8,53.2,57.1,False,False,False,True
88.66,0,84.3,85.6,94.5,64.3,96.7,64.6,78.7,93.9,92.0,64.5,False,True,False,False
89.43,0,96.9,94.1,71.8,87.2,64.4,64.6,87.5,86.7,99.4,84.1,False,True,False,False
69.12,3,69.2,74.0,74.3,64.3,64.4,68.9,64.5,68.4,77.5,70.9,False,False,False,False
59.02,2,56.2,56.6,67.5,62.2,57.9,65.7,53.1,64.8,64.6,55.4,False,False,False,True
86.41,0,96.7,83.5,99.9,84.6,84.1,64.6,88.4,85.5,86.5,70.7,False,False,False,True
54.75,1,54.4,56.1,50.6,53.1,56.8,64.6,52.6,57.8,53.0,54.3,False,False,True,False
64.39,2,60.3,56.0,59.8,65.5,65.4,69.0,64.5,52.6,64.7,52.2,False,True,False,False
69.92,3,78.8,63.5,77.2,78.0,76.9,62.2,67.5,62.1,64.7,72.7,False,False,False,False
52.08,1,56.4,51.2,50.4,51.7,54.8,53.0,51.1,50.0,64.7,52.1,False,False,True,False
81.75,0,94.5,71.3,95.9,75.4,94.6,72.0,70.1,75.6,70.1,98.0,False,False,True,False
70.08,3,77.7,64.5,78.9,70.3,78.5,62.0,76.6,61.2,65.6,66.1,False,False,False,False
60.7,2,53.5,56.9,62.4,64.3,58.5,51.5,58.1,68.5,68.8,61.0,False,False,False,False
68.75,3,74.2,61.5,68.7,63.8,67.6,63.0,68.9,64.8,77.8,75.9,False,False,False,True
69.86,3,78.6,62.0,64.5,63.5,70.2,72.4,72.5,63.4,76.2,75.3,False,True,False,False
85.45,0,78.4,87.2,91.1,78.5,80.1,93.5,81.3,85.0,87.2,92.3,False,False,True,False
54.69,2,64.4,50.8,64.5,50.5,50.6,61.9,61.4,53.2,53.5,51.4,False,True,False,False
64.39,2,53.0,50.6,55.2,56.7,65.1,56.4,55.3,68.1,61.7,63.6,False,False,False,False
66.33,3,60.3,61.8,60.6,76.7,69.0,77.8,66.7,67.0,62.4,61.1,True,False,False,False
80.09,0,84.0,64.5,84.5,74.2,72.2,70.7,94.0,86.0,64.7,88.3,True,False,False,False
67.46,3,69.2,78.4,61.6,69.9,70.3,62.7,65.5,69.7,62.0,65.3,False,False,False,False
67.03,3,69.1,74.7,61.2,65.2,65.9,67.1,71.2,61.9,65.4,68.5,True,False,False,False
83.95,0,84.0,87.3,78.0,64.3,95.4,79.3,74.6,86.2,98.9,64.5,False,False,False,False
70.34,3,72.8,60.5,73.8,74.6,61.4,63.9,68.9,64.8,76.0,77.7,False,False,True,False
70.23,3,64.9,67.9,77.5,76.6,64.4,76.2,60.1,67.7,76.0,65.9,False,False,False,True
70.5,3,77.2,70.0,67.0,68.1,64.4,71.3,69.1,72.2,71.8,76.4,True,False,False,False
59.99,2,68.6,61.0,50.9,62.1,69.0,50.2,52.7,56.6,69.0,60.0,False,False,False,False
70.23,3,74.5,67.0,61.9,74.7,73.2,73.5,64.7,72.9,78.1,61.7,False,True,False,False
57.86,2,52.5,65.9,56.9,59.6,55.9,51.4,64.5,62.8,53.0,52.5,False,True,False,False
58.47,2,66.4,64.5,51.6,62.9,64.4,51.4,64.5,51.4,64.7,60.0,False,False,False,True
71.33,3,62.7,76.4,73.8,70.7,75.3,63.3,64.8,77.3,73.8,75.3,False,False,False,False
68.78,3,64.7,65.5,61.0,72.1,64.4,64.6,64.5,70.6,77.4,72.5,False,True,False,False
55.35,1,50.6,64.5,64.5,58.7,51.8,53.4,56.7,58.2,56.9,64.5,False,False,False,True
54.64,1,64.4,58.9,58.6,56.9,51.5,51.2,54.9,52.8,57.7,50.9,False,False,False,True
64.39,0,74.1,82.7,96.3,88.6,75.8,81.7,93.4,78.4,74.9,85.9,True,False,False,False
55.42,2,50.4,59.5,56.8,62.4,58.4,51.9,52.8,52.8,51.3,57.9,False,True,False,False
54.52,1,56.9,53.9,56.0,57.5,50.2,64.6,53.5,50.3,58.1,53.1,False,False,True,False
68.81,3,76.8,61.7,72.6,65.1,73.6,74.5,67.5,61.3,64.7,66.7,False,False,True,False
62.23,2,60.1,64.5,61.0,64.4,62.3,68.7,67.6,64.8,62.3,67.8,True,False,False,False
53.64,1,51.4,50.7,55.4,55.5,58.2,53.3,50.8,53.6,55.1,52.4,False,True,False,False
54.75,1,57.4,50.8,64.5,64.3,57.5,64.6,58.3,55.5,51.4,56.3,False,False,False,True
70.84,3,78.4,68.1,71.1,60.8,64.4,70.1,76.3,69.9,76.8,64.5,False,False,False,False
64.39,2,62.6,58.6,54.5,61.6,51.6,67.6,53.4,64.2,67.2,59.8,False,False,False,True
71.22,3,70.3,67.6,73.1,75.9,78.6,66.4,63.6,76.5,69.7,70.4,False,False,False,True
82.72,0,88.2,71.1,86.1,64.3,93.4,79.7,71.8,96.6,74.8,87.0,False,False,False,False
83.6,0,75.8,92.6,81.4,64.3,80.4,83.6,72.0,78.9,99.8,79.2,False,False,True,False
58.45,2,51.3,54.7,60.4,51.7,56.1,59.2,52.8,62.0,64.7,68.7,False,False,True,False
53.72,1,55.9,51.2,55.5,51.2,50.3,53.1,51.1,53.7,57.8,57.4,False,False,False,True
87.87,0,98.6,64.5,73.4,99.9,89.6,91.3,97.4,64.8,86.7,70.7,False,True,False,False
60.63,2,66.5,54.0,55.0,52.3,53.8,67.5,64.5,62.1,66.8,66.4,True,False,False,False
87.81,0,82.2,97.7,85.0,64.3,73.0,87.7,85.2,93.2,91.2,84.0,False,True,False,False
69.1,3,68.5,61.0,74.3,74.9,71.5,72.2,61.9,64.8,72.2,69.7,True,False,False,False
79.02,0,72.0,96.3,84.4,64.3,80.7,79.0,71.7,79.8,72.3,75.4,False,False,False,False
86.92,0,64.4,64.5,64.5,72.1,85.2,88.6,97.2,93.8,97.1,84.7,False,False,False,True
90.04,0,90.4,89.6,71.8,98.1,89.9,98.3,98.9,76.0,91.2,96.2,False,False,True,False
61.05,2,68.4,59.8,51.8,53.3,64.1,67.8,51.8,67.2,59.5,66.9,False,True,False,False
60.19,2,62.7,65.4,65.8,53.2,58.2,65.1,67.9,55.0,52.4,56.2,True,False,False,False
69.23,3,75.3,65.8,72.6,64.3,64.4,64.4,60.7,75.3,74.3,62.3,False,False,True,False
84.69,0,71.7,91.1,81.4,76.4,98.3,85.2,90.5,94.5,64.7,70.3,True,False,False,False
81.47,0,97.3,73.8,64.5,98.8,72.6,70.5,73.0,86.2,64.7,64.5,False,False,False,False
57.29,2,61.0,56.7,59.2,51.2,55.6,60.5,54.8,50.2,66.7,57.0,True,False,False,False
59.32,2,63.9,58.4,64.5,57.8,54.8,61.9,59.8,64.8,58.7,55.1,False,True,False,False
86.18,0,88.9,90.6,90.5,89.4,79.3,91.3,80.0,77.5,80.1,64.5,True,False,False,False
79.57,0,81.7,75.2,70.9,75.9,73.4,94.1,86.1,93.0,73.6,71.7,False,False,False,False
66.52,3,62.4,68.9,74.4,67.3,61.0,60.7,71.7,60.4,74.1,64.3,False,False,False,True
54.64,1,56.2,57.1,55.8,55.6,51.6,56.3,53.2,52.3,57.9,50.4,True,False,False,False
55.47,1,51.1,58.9,54.2,56.3,52.5,55.5,64.5,58.7,58.7,55.8,False,True,False,False
80.72,0,72.8,99.3,64.5,81.2,77.3,64.6,70.4,80.4,85.1,64.5,False,False,True,False
57.84,2,63.9,56.5,50.3,64.3,54.4,65.3,63.4,52.3,67.0,51.1,False,False,True,False
64.39,0,74.8,72.1,79.6,88.8,98.2,64.6,70.7,80.2,77.4,90.7,False,False,False,False
63.46,2,62.8,64.1,58.9,60.1,55.1,68.5,68.3,62.3,66.8,67.7,False,False,True,False
58.4,2,61.7,64.5,51.5,52.7,61.2,54.3,68.4,51.6,65.4,52.8,True,False,False,False
58.45,2,52.4,63.3,51.7,55.5,60.7,52.7,68.8,64.8,63.1,64.5,True,False,False,False
69.44,3,74.8,78.4,64.5,69.0,73.5,65.5,64.5,77.4,61.2,63.4,True,False,False,False
68.91,3,66.5,68.9,64.7,73.6,65.0,66.6,69.0,74.4,75.3,64.5,False,False,False,False
69.41,3,64.3,69.1,78.0,66.4,62.6,64.6,78.0,68.6,70.5,69.9,False,False,False,True
58.54,2,55.8,54.0,61.7,66.2,64.7,64.6,51.4,64.8,63.2,52.9,False,False,False,True
70.7,3,67.9,75.8,63.0,72.8,72.0,64.6,64.5,67.8,72.1,74.7,False,False,False,False
82.09,0,70.2,88.9,79.0,76.3,64.4,80.1,82.0,75.0,98.8,73.5,True,False,False,False
59.81,2,57.1,64.8,64.5,52.3,67.1,50.4,56.0,59.6,68.9,59.4,False,True,False,False
60.7,2,65.2,63.9,67.0,67.3,53.6,54.2,64.5,59.3,53.6,67.1,False,False,False,True
54.3,1,51.4,58.8,55.5,57.2,55.9,57.5,50.1,55.5,50.5,50.5,False,False,True,False
84.83,0,77.5,74.0,80.5,75.6,97.0,82.9,89.0,64.8,90.7,90.4,False,False,False,True
69.07,3,60.9,76.0,72.2,66.5,71.2,63.9,64.5,64.9,64.7,66.4,False,False,False,True
53.68,1,55.1,52.8,55.3,54.3,53.7,51.0,57.8,50.1,50.4,56.6,True,False,False,False
59.38,2,61.8,59.4,64.5,51.3,65.8,59.9,66.8,57.0,58.1,60.5,True,False,False,False
82.88,0,79.5,91.3,73.9,72.7,86.1,64.6,84.7,80.2,80.3,96.3,False,True,False,False
82.56,0,78.3,79.9,89.8,81.1,94.8,93.3,77.2,72.5,72.0,64.5,False,False,False,True
53.5,1,55.7,55.0,57.4,50.6,64.4,54.6,50.8,56.4,53.5,64.5,True,False,False,False
60.19,2,54.4,57.8,64.5,64.2,60.7,56.5,54.3,64.7,64.7,66.0,False,False,False,False
85.03,0,98.8,93.9,91.3,85.6,81.4,81.8,77.0,84.7,79.2,76.6,False,False,False,False
60.27,2,62.7,56.0,51.6,59.2,59.0,65.3,61.9,61.5,67.7,57.8,True,False,False,False
54.71,1,54.1,56.9,58.1,52.8,50.9,57.3,64.5,55.3,58.4,64.5,False,False,False,True
54.17,1,55.8,54.6,57.1,55.1,52.5,52.4,52.7,52.3,54.3,54.8,False,True,False,False
64.39,2,60.3,53.7,68.5,62.2,60.0,61.4,60.8,62.5,61.6,54.3,False,False,False,True
53.51,1,52.5,51.3,53.9,58.8,64.4,51.0,52.8,55.5,51.1,51.8,False,False,False,False
53.05,1,51.7,64.5,51.0,54.6,52.5,64.6,51.7,50.7,64.7,64.5,False,True,False,False
53.28,1,53.2,54.2,52.7,51.2,51.0,56.1,52.8,55.1,53.3,53.3,False,False,False,False
54.36,1,64.4,64.5,58.3,52.3,54.1,53.5,50.4,56.2,58.2,56.4,False,False,False,False
83.07,0,75.5,76.1,70.7,95.7,95.9,74.5,96.4,80.3,92.8,64.5,False,False,True,False
69.12,3,66.6,77.6,69.3,64.3,72.5,67.5,69.6,63.1,62.5,68.2,True,False,False,False
59.4,2,61.8,52.4,66.6,64.3,64.4,67.2,50.6,63.1,62.6,58.7,False,True,False,False
87.96,0,79.9,86.3,64.5,96.9,96.1,92.4,74.3,93.8,85.3,93.2,False,False,True,False
55.25,1,51.2,64.5,56.9,54.7,53.9,55.9,58.8,58.5,56.6,53.7,False,False,True,False
81.51,0,77.1,81.0,82.4,78.9,83.9,64.6,74.0,85.2,88.9,77.0,False,False,False,False
68.15,3,64.8,64.5,62.7,63.2,75.5,65.1,73.6,61.8,75.4,67.5,False,False,True,False
54.79,1,54.1,50.5,55.8,55.6,52.1,55.7,55.0,57.5,54.7,56.9,False,False,False,False
83.27,0,78.2,83.3,76.5,73.8,97.3,81.7,64.5,80.8,83.4,96.5,True,False,False,False
67.2,3,63.6,75.6,60.1,64.6,78.4,67.8,61.1,67.7,67.3,64.5,True,False,False,False
59.6,2,68.9,54.3,59.1,62.6,55.7,58.8,56.2,64.1,51.5,64.8,True,False,False,False
83.94,0,77.6,92.1,79.8,98.3,85.8,64.6,84.8,72.5,79.8,64.5,False,False,False,True
66.89,3,75.9,62.7,60.6,65.3,71.4,67.8,61.1,69.5,65.3,64.5,False,False,False,True
57.26,2,68.7,59.5,58.9,52.8,53.4,65.4,55.2,55.0,53.5,50.1,True,False,False,False
54.43,1,53.0,51.8,54.1,54.9,50.3,57.1,54.3,64.8,57.6,57.4,False,False,True,False
55.65,1,55.6,64.5,59.0,57.4,51.5,54.3,58.3,56.2,54.7,51.2,False,False,False,False
54.16,1,53.6,50.4,52.0,50.5,54.9,53.9,55.2,56.5,56.8,57.6,False,False,True,False
59.03,2,61.4,68.4,64.5,56.2,64.2,50.9,54.6,56.5,65.5,61.5,False,False,False,False
86.41,0,84.9,99.7,78.3,89.0,73.4,77.5,93.4,90.8,89.8,87.3,False,False,False,False
64.39,0,86.4,64.5,75.4,92.3,64.4,96.8,82.5,91.4,100.0,72.8,False,True,False,False
72.77,3,69.9,70.8,71.5,72.4,73.8,77.7,75.6,77.4,61.1,77.5,False,True,False,False
54.48,1,54.0,53.3,54.8,53.4,58.3,54.9,51.5,58.8,53.4,52.4,False,True,False,False
53.61,1,52.7,64.5,64.5,64.3,50.6,51.3,58.8,51.7,52.1,53.4,False,False,True,False
53.67,1,53.1,64.5,53.0,50.2,54.0,50.3,53.7,53.9,64.7,56.0,False,False,False,False
71.52,3,73.5,68.9,75.6,66.6,70.6,75.2,65.6,69.1,74.8,75.3,False,True,False,False
70.73,3,73.9,64.5,72.6,73.9,68.9,74.7,74.0,66.5,60.2,76.0,False,False,True,False
64.39,3,75.7,65.6,66.7,71.8,78.6,76.6,72.4,64.8,78.6,63.0,False,False,True,False
69.77,3,74.8,61.0,74.1,61.4,70.5,64.6,64.5,64.0,72.8,77.6,False,False,False,True
64.39,1,53.3,57.4,54.4,57.4,64.4,51.5,51.2,54.4,57.6,50.4,False,False,True,False
57.24,2,56.9,52.0,62.3,53.9,56.7,54.6,50.7,66.3,50.6,68.4,False,True,False,False
82.04,0,74.7,75.8,83.7,88.8,77.9,79.2,81.0,71.3,89.5,98.3,True,False,False,False
54.48,1,55.7,56.3,64.5,57.6,64.4,56.5,52.7,64.8,52.9,64.5,False,False,False,True
84.15,0,77.7,64.5,78.7,98.2,89.9,79.5,64.5,99.9,70.6,87.5,False,False,True,False
59.71,2,56.3,54.7,66.7,64.3,65.7,53.5,52.5,58.9,67.4,55.2,False,False,False,True
84.7,0,87.9,94.1,64.5,75.3,97.4,96.8,72.6,94.8,74.4,82.8,False,False,False,True
68.16,3,74.4,65.2,64.9,75.6,67.9,67.0,64.2,64.5,72.6,65.3,True,False,False,False
70.17,3,64.4,69.9,71.3,66.1,65.6,69.7,72.7,74.0,75.5,70.3,False,False,False,True
68.18,3,64.4,66.7,74.2,75.6,61.2,60.9,73.0,60.2,77.1,61.1,False,True,False,False
61.63,2,60.1,67.4,55.2,62.0,51.4,67.0,56.5,64.8,67.0,68.2,True,False,False,False
84.63,0,97.1,86.8,73.3,75.3,73.4,98.3,79.0,94.4,82.0,64.5,False,False,False,False
56.28,2,64.4,62.8,64.8,53.0,64.4,55.4,64.5,52.1,53.8,51.7,False,False,False,True
85.09,0,79.4,91.6,90.7,86.1,79.9,89.1,82.8,88.5,79.1,83.6,True,False,False,False
71.85,3,73.7,77.8,72.8,76.0,64.4,68.6,73.1,76.3,68.9,64.2,False,False,False,False
55.77,2,68.3,64.5,52.1,51.1,51.9,59.3,59.0,56.7,50.3,52.4,True,False,False,False
53.55,1,56.8,53.5,53.6,50.1,57.6,50.1,52.0,55.1,55.3,51.4,False,True,False,False
81.81,0,71.5,82.3,70.9,84.2,85.3,95.5,76.0,81.5,82.5,88.4,False,False,False,True
81.38,0,64.4,96.7,72.8,94.5,70.3,77.2,78.7,82.7,83.2,73.7,False,False,True,False
85.22,0,93.8,85.6,83.4,78.3,93.3,94.1,74.5,87.7,78.9,82.6,True,False,False,False
64.39,3,62.7,73.6,75.6,72.0,64.9,66.3,75.6,75.0,69.2,72.0,False,True,False,False
69.67,3,64.2,60.7,72.3,64.6,69.8,77.6,63.7,77.8,70.8,75.2,True,False,False,False
64.39,1,53.3,56.1,55.9,53.9,50.0,51.0,56.1,58.1,58.3,58.5,False,True,False,False
70.42,3,70.9,62.2,75.2,73.1,64.9,63.4,78.0,64.8,65.5,78.7,True,False,False,False
82.77,0,94.8,80.6,75.9,84.2,64.4,84.4,90.5,76.9,84.0,78.1,False,False,False,True
83.82,0,89.7,91.6,90.8,71.5,64.4,85.3,86.3,72.6,87.1,85.6,True,False,False,False
58.07,2,50.7,59.1,64.5,58.6,51.8,66.2,53.6,61.0,53.2,64.3,False,False,False,True
64.39,3,72.3,65.6,69.4,63.0,61.5,77.0,74.9,72.7,69.0,70.9,True,False,False,False
58.42,2,53.2,66.7,51.6,58.9,65.6,61.5,64.5,55.8,61.6,57.0,False,True,False,False
54.01,1,56.4,50.3,52.3,52.6,51.4,50.6,64.5,58.4,58.8,52.0,False,False,True,False
87.99,0,70.1,94.8,73.8,97.6,94.8,88.6,90.7,64.8,90.6,98.9,False,False,False,False
59.98,2,65.5,61.5,64.5,51.7,64.4,50.6,59.5,63.8,68.7,60.4,False,False,False,False
53.96,1,55.9,51.4,56.2,64.3,50.9,52.9,54.2,51.9,55.2,58.7,True,False,False,False
56.95,1,56.0,56.9,58.1,57.7,56.4,55.3,55.5,57.4,58.0,58.4,False,False,False,True
54.06,1,52.7,58.9,53.4,54.2,53.2,50.4,55.0,64.8,52.4,54.5,False,False,False,False
87.34,0,99.3,75.8,94.4,78.8,86.5,95.2,78.4,87.6,97.7,64.5,False,True,False,False
86.27,0,90.4,75.7,89.5,84.5,64.4,96.7,76.2,89.3,64.7,76.5,True,False,False,False
83.34,0,94.6,73.1,70.5,97.9,76.7,82.7,95.3,84.4,83.9,74.3,False,True,False,False
59.78,2,51.2,66.8,52.8,62.4,67.3,52.0,62.9,60.0,54.2,68.2,False,False,False,False
70.22,3,63.4,70.1,64.6,70.9,72.3,66.9,71.9,77.5,78.6,66.0,False,False,False,False
83.21,0,83.5,71.2,76.6,82.6,74.3,93.8,91.2,64.8,89.5,96.1,False,False,True,False
85.37,0,81.6,64.5,89.3,64.3,76.0,87.2,85.2,96.1,99.2,80.9,True,False,False,False
54.93,1,56.2,64.5,58.0,54.7,54.2,64.6,64.5,55.1,52.1,58.1,True,False,False,False
64.39,2,62.1,52.4,66.0,54.3,61.4,56.0,67.1,57.0,57.4,62.9,False,False,True,False
86.27,0,84.9,95.4,83.6,76.8,92.8,85.7,92.6,64.8,70.0,98.5,False,False,True,False
87.12,0,97.1,91.6,80.5,96.5,84.2,97.8,73.1,79.0,83.4,88.0,True,False,False,False
64.39,1,57.8,58.8,54.8,53.6,53.4,52.2,58.5,54.9,54.6,53.8,True,False,False,False
54.38,1,53.4,53.3,55.0,58.4,56.4,53.9,51.9,54.8,54.6,52.0,False,False,True,False
64.39,0,84.9,64.5,83.3,74.1,64.4,91.5,78.0,88.0,80.1,80.6,True,False,False,False
64.39,3,69.3,78.3,73.4,68.0,76.4,64.6,72.5,62.4,73.0,64.5,False,True,False,False
64.39,0,89.7,72.6,72.4,64.3,90.2,79.7,64.5,88.7,76.6,90.0,False,True,False,False
59.39,2,51.7,64.5,64.0,64.3,64.4,58.3,53.3,64.9,53.3,52.2,False,False,True,False
53.59,1,51.4,50.7,54.0,54.1,52.0,55.3,54.0,54.3,53.7,64.5,True,False,False,False
54.05,1,51.6,58.7,52.7,50.4,58.9,64.6,57.8,64.8,50.1,52.5,False,True,False,False
63.08,2,65.4,57.4,57.3,61.3,66.7,67.8,65.9,68.8,65.9,54.3,False,False,False,False
85.81,0,91.9,64.5,64.5,64.3,91.4,79.9,70.4,96.7,90.2,73.1,True,False,False,False
63.49,2,68.5,63.8,54.4,60.8,68.9,68.5,64.5,65.6,68.8,56.5,False,False,False,False
70.89,3,64.4,67.0,77.8,76.0,62.8,64.6,76.7,76.7,62.1,72.2,False,False,False,True
53.44,1,50.5,55.9,52.2,50.6,53.5,64.6,64.5,52.7,55.6,54.3,False,False,True,False
64.39,1,54.4,52.8,56.6,64.3,56.2,51.3,54.4,50.7,56.8,51.8,True,False,False,False
59.41,2,50.3,59.4,60.2,51.2,63.7,65.3,64.3,53.5,66.9,59.3,False,False,False,True
83.42,0,77.5,64.5,89.3,95.7,71.8,92.5,75.1,64.8,84.7,85.6,False,False,False,True
60.02,2,64.4,56.9,60.8,65.1,63.8,51.2,59.1,60.8,56.1,64.5,False,True,False,False
59.17,2,67.4,64.5,56.8,54.1,58.6,53.8,54.8,58.5,59.8,63.5,False,False,True,False
53.62,1,64.4,55.1,50.4,50.5,52.1,55.4,50.6,55.1,55.5,64.5,True,False,False,False
70.35,3,67.4,63.9,72.0,66.1,68.1,71.3,75.7,76.0,69.3,73.8,False,False,False,True
69.94,3,75.6,66.3,62.5,61.4,74.1,72.0,75.2,74.5,68.1,69.7,True,False,False,False
68.91,3,69.6,70.5,75.9,64.2,73.0,66.5,76.4,68.6,64.4,60.1,False,False,False,True
54.14,1,51.5,56.4,53.9,54.6,51.5,57.3,51.0,58.1,54.1,53.0,False,False,False,False
83.04,0,79.7,87.5,86.2,93.5,86.6,77.8,74.0,80.2,81.2,83.9,False,False,False,True
64.39,0,64.4,91.9,99.9,74.5,95.8,70.3,95.2,82.4,76.5,94.7,False,False,False,True
69.62,3,77.3,75.8,72.0,68.1,63.4,68.4,78.3,60.1,64.7,62.9,True,False,False,False
72.13,3,75.7,65.2,77.0,70.6,77.8,73.1,67.6,64.8,77.3,72.2,False,False,True,False
64.39,0,88.0,93.5,93.4,79.8,73.5,88.3,74.2,79.7,64.7,91.7,True,False,False,False
69.66,3,72.1,64.5,72.5,61.9,73.4,64.6,72.5,67.3,66.1,76.3,False,False,False,False
64.39,2,53.7,65.8,51.1,54.3,64.4,62.3,53.2,67.3,65.8,56.4,False,False,True,False
69.77,3,61.7,66.0,78.7,76.9,64.4,71.0,64.5,74.2,65.9,71.3,False,True,False,False
69.55,3,63.6,66.6,75.0,75.8,74.1,71.3,60.1,69.7,62.9,76.3,False,True,False,False
54.83,1,58.5,51.0,54.2,55.2,58.1,53.9,55.8,64.8,54.8,50.9,False,True,False,False
60.03,2,60.1,64.5,59.6,58.3,58.2,59.9,65.4,53.4,59.1,64.5,True,False,False,False
69.18,3,65.0,61.6,70.0,66.9,69.5,69.5,75.2,62.5,64.7,72.7,True,False,False,False
55.3,2,64.4,64.5,60.6,56.2,55.5,50.4,54.9,52.5,64.7,54.3,False,False,False,True
55.88,1,64.4,58.5,57.3,58.6,55.0,64.6,55.8,50.4,56.6,57.2,False,False,False,True
54.1,1,50.2,54.1,54.1,50.8,54.8,57.3,53.3,55.6,58.9,64.5,True,False,False,False
53.75,1,50.8,54.3,56.7,52.3,64.4,58.8,56.0,50.5,55.7,50.5,False,False,True,False
81.2,0,72.6,89.3,64.5,72.8,97.3,83.5,76.3,64.8,81.6,73.6,False,True,False,False
60.01,2,61.7,51.7,62.1,62.0,52.9,55.7,65.0,64.8,58.1,67.4,True,False,False,False
69.45,3,60.3,62.5,75.7,70.6,78.2,75.1,74.7,65.0,70.2,62.0,False,False,False,False
69.52,3,69.0,62.6,77.4,64.4,78.8,67.0,75.3,63.0,66.9,70.8,True,False,False,False
71.52,3,73.0,66.9,61.7,69.4,77.0,64.6,77.7,64.8,70.6,71.1,True,False,False,False
58.9,2,59.9,64.5,57.9,55.4,51.9,66.1,56.7,64.8,51.4,67.8,False,False,False,True
53.96,1,50.1,64.5,55.8,50.1,55.6,51.5,56.9,58.5,54.8,50.6,False,True,False,False
58.89,2,66.6,64.5,64.5,54.3,66.8,59.2,52.8,55.4,56.4,55.4,False,False,True,False
67.78,3,64.4,77.2,62.4,64.3,64.4,66.1,64.5,63.8,65.5,74.8,True,False,False,False
71.35,3,61.4,62.4,66.6,75.0,74.3,78.1,72.6,71.7,77.5,64.5,False,False,True,False
72.27,3,76.9,72.0,71.9,70.3,68.6,78.5,69.7,69.9,79.0,64.5,True,False,False,False
72.46,3,64.4,72.6,66.0,74.8,77.3,64.6,76.7,64.8,70.6,74.3,False,True,False,False
54.54,1,58.1,56.3,64.5,55.9,56.3,55.2,50.6,53.3,54.7,54.8,True,False,False,False
57.19,2,63.8,59.3,64.5,58.9,51.5,64.6,56.8,62.4,52.8,64.5,False,True,False,False
69.04,3,63.0,76.4,67.9,64.1,78.4,62.8,72.7,70.9,67.4,66.9,False,False,True,False
84.34,0,84.0,87.2,64.5,81.1,71.3,75.4,89.0,95.1,72.4,94.4,True,False,False,False
59.09,2,59.1,53.0,54.2,64.3,57.7,65.5,66.6,62.9,53.8,50.2,True,False,False,False
71.76,3,67.6,68.0,69.4,74.8,68.8,70.9,76.3,64.8,65.4,78.6,False,False,False,False
67.24,3,61.7,72.3,68.6,77.6,60.4,61.9,64.5,74.5,60.3,62.0,True,False,False,False
85.16,0,85.4,75.1,72.6,97.5,64.4,93.4,89.4,73.5,88.2,64.5,True,False,False,False
60.66,2,64.4,67.0,56.1,61.2,59.9,65.7,61.7,60.2,55.2,65.7,False,False,False,False
54.47,1,51.2,55.9,54.4,51.4,64.4,57.2,57.5,52.5,56.1,64.5,False,False,False,True
86.05,0,75.4,84.8,94.2,91.8,91.0,93.4,82.4,83.8,75.7,88.2,True,False,False,False
65.45,3,64.1,66.2,64.5,68.0,62.8,70.9,62.3,66.8,63.1,67.1,False,True,False,False
69.58,3,64.4,73.2,76.1,77.1,64.4,65.1,67.6,64.8,66.1,72.7,False,False,True,False
54.65,1,57.6,50.3,64.5,53.5,55.0,64.6,52.0,52.8,53.7,57.8,True,False,False,False
55.22,1,55.1,57.7,58.4,54.5,53.9,52.2,50.7,55.2,55.7,58.7,True,False,False,False
69.06,3,76.9,72.5,61.2,75.6,64.7,63.1,64.5,68.4,64.7,64.5,False,False,False,True
60.59,2,65.0,66.6,56.7,54.4,51.5,63.9,56.3,65.3,64.8,61.3,False,True,False,False
60.84,2,66.8,54.5,59.5,66.9,51.8,67.7,59.0,64.8,50.1,64.5,True,False,False,False
58.77,2,55.8,56.6,65.9,65.4,60.2,57.8,52.8,54.2,59.0,59.8,True,False,False,False
59.29,2,54.8,64.5,67.2,54.8,53.6,63.7,64.5,64.8,60.0,64.5,False,False,False,False
53.77,1,50.2,50.2,55.9,52.4,50.8,53.6,56.9,55.5,56.4,56.0,False,True,False,False
64.39,1,56.7,51.1,50.2,58.7,50.7,50.6,52.0,56.2,55.1,64.5,False,True,False,False
67.41,3,64.4,63.1,62.4,68.1,71.1,70.9,64.5,72.9,64.6,61.6,False,False,True,False
64.39,1,54.2,52.5,55.0,52.6,54.0,53.4,50.0,64.8,54.6,57.5,True,False,False,False
54.55,1,52.4,52.0,54.1,59.0,58.3,52.8,55.3,56.2,52.7,52.8,False,False,True,False
54.32,1,52.3,54.9,54.8,56.3,56.9,50.4,51.8,56.8,55.2,53.8,True,False,False,False
68.74,3,64.3,79.0,66.1,77.9,70.5,69.0,64.8,61.5,68.2,66.3,True,False,False,False
67.85,3,63.1,63.9,69.5,70.0,63.1,68.1,71.0,62.3,69.3,78.3,False,False,False,False
71.08,3,67.2,75.4,71.4,64.3,71.1,63.6,77.0,73.7,73.7,64.4,False,False,True,False
54.75,1,50.1,56.6,52.8,64.3,54.5,54.6,57.2,54.9,54.2,57.3,False,False,False,True
70.07,3,75.1,76.7,63.3,64.3,60.9,78.2,68.0,66.4,64.7,77.6,False,False,True,False
54.44,1,56.8,53.2,54.0,54.8,55.6,57.9,54.4,51.7,55.5,50.7,False,False,False,True
85.67,0,99.9,80.5,84.0,64.3,81.4,81.5,73.7,95.4,78.6,82.7,True,False,False,False
60.12,2,64.9,63.7,60.4,62.3,58.8,50.8,56.7,53.3,66.5,63.5,False,False,False,True
54.45,1,56.8,56.1,54.2,64.3,51.0,51.7,56.2,58.2,51.7,53.9,False,False,False,False
59.31,2,52.9,67.6,66.4,56.4,50.5,61.9,53.9,62.6,54.1,66.8,False,True,False,False
54.17,1,55.8,58.4,54.0,55.6,52.2,51.8,64.5,56.5,51.1,53.9,True,False,False,False
89.1,0,64.4,97.7,99.4,81.7,95.2,88.6,95.7,77.5,79.0,78.1,True,False,False,False
60.09,2,51.4,57.0,66.9,64.3,66.8,58.1,61.1,64.8,67.9,58.3,False,True,False,False
55.56,1,56.6,64.5,58.2,55.9,58.6,50.9,58.2,51.9,56.2,59.0,False,False,False,True
54.42,1,54.5,51.7,56.0,56.8,53.2,51.9,58.4,55.1,54.7,51.9,False,True,False,False
89.11,0,86.1,79.0,96.1,87.3,79.2,99.0,89.5,94.2,81.9,98.8,False,True,False,False
54.97,1,54.4,58.7,53.8,57.9,57.3,52.5,54.0,64.8,50.4,54.1,False,True,False,False
64.39,3,67.4,71.4,68.1,67.7,60.8,61.8,74.5,66.5,70.7,68.2,True,False,False,False
70.15,3,72.1,65.8,63.8,78.3,74.5,74.7,70.8,63.7,67.9,70.0,True,False,False,False
64.39,1,58.8,53.0,51.6,64.3,53.4,57.9,50.4,53.7,55.2,54.5,True,False,False,False
85.12,0,81.8,91.4,64.5,91.4,94.4,83.8,75.5,75.8,64.7,87.2,False,True,False,False
58.66,2,62.8,62.3,51.3,61.3,57.0,55.2,57.3,65.5,50.9,63.0,False,False,False,True
69.55,3,71.4,70.8,61.8,68.2,67.3,74.7,62.7,64.8,76.6,73.1,False,False,False,True
64.39,1,52.7,64.5,50.4,50.6,58.8,64.6,54.7,56.6,53.2,55.6,False,False,True,False
83.63,0,90.9,64.5,76.3,90.2,99.1,85.6,71.0,86.4,71.8,71.2,True,False,False,False
70.69,3,60.6,76.3,74.5,63.4,71.2,76.0,69.6,64.5,72.2,78.6,False,False,False,False
54.56,1,56.9,53.7,55.8,53.6,53.3,50.9,54.3,57.9,55.4,53.8,False,False,False,False
58.15,2,50.3,59.2,52.2,62.9,52.5,53.3,63.5,63.9,67.1,64.5,False,False,False,True
70.62,3,76.5,60.3,60.3,72.1,77.1,62.2,78.1,67.2,75.8,76.6,False,False,False,False
73.72,3,69.1,69.5,76.5,76.7,76.5,76.0,64.5,70.3,69.4,74.7,True,False,False,False
69.92,3,76.2,66.5,73.4,64.8,68.2,62.5,75.0,69.8,66.1,76.7,True,False,False,False
64.39,0,82.3,90.5,88.4,96.3,92.0,81.0,84.9,77.5,80.0,77.4,False,False,False,True
53.0,1,56.6,50.6,50.5,55.9,54.8,50.8,51.6,52.9,53.4,64.5,False,False,True,False
59.81,2,64.4,67.5,64.1,60.7,50.8,54.9,64.5,63.2,55.5,52.2,True,False,False,False
53.53,1,51.3,50.5,55.7,57.3,50.0,56.5,51.0,64.8,64.7,57.4,True,False,False,False
55.93,1,58.9,53.5,58.3,64.3,54.4,51.3,54.6,64.8,56.8,58.6,False,False,False,False
53.82,1,51.9,58.9,64.5,58.3,54.7,64.6,54.9,53.3,51.2,52.2,False,False,True,False
81.52,0,85.4,99.2,64.5,76.6,86.2,64.6,64.5,64.8,74.0,77.1,False,False,False,False
80.19,0,87.4,93.7,64.5,71.8,64.4,92.9,83.9,73.0,71.1,83.1,False,False,False,False
57.13,2,66.2,53.3,57.3,52.0,50.2,56.3,59.3,50.8,59.5,66.4,False,True,False,False
56.18,1,52.8,57.9,56.0,51.2,57.0,58.8,58.8,57.1,57.4,54.9,False,False,False,True
64.39,3,74.3,73.6,75.7,69.4,78.1,64.4,64.5,78.4,62.5,72.1,False,True,False,False
60.45,2,68.5,66.7,53.7,55.5,64.5,64.6,57.9,56.4,63.1,63.6,True,False,False,False
86.93,0,99.1,93.5,72.0,80.4,81.2,97.3,76.6,87.1,89.1,93.0,True,False,False,False
58.37,2,52.5,54.8,68.2,51.0,61.2,62.2,52.9,54.2,68.9,57.9,True,False,False,False
71.11,3,60.3,78.6,69.9,73.9,66.1,77.2,70.7,72.9,77.5,64.1,False,False,False,True
64.39,0,87.9,96.5,95.5,87.6,82.8,71.2,79.6,90.1,72.9,92.3,False,False,False,False
60.49,2,53.0,64.5,67.9,65.8,63.0,56.8,59.6,62.0,52.4,60.3,False,True,False,False
54.21,1,55.3,53.7,55.1,52.6,55.3,50.9,64.5,55.5,54.8,50.3,True,False,False,False
57.82,2,53.6,61.6,52.3,54.9,64.4,64.6,64.5,50.2,65.3,51.4,False,False,True,False
82.72,0,71.0,85.4,86.5,73.1,98.7,72.2,92.1,77.3,64.7,83.5,False,False,False,False
58.46,2,64.0,63.5,51.0,51.5,56.6,53.3,64.5,52.7,65.4,64.5,False,False,False,False
63.05,2,58.2,68.1,67.7,60.4,62.3,59.0,69.0,65.3,54.2,66.4,False,True,False,False
72.06,3,77.6,77.1,65.6,64.3,66.0,73.0,78.4,65.8,67.6,75.8,False,False,True,False
70.9,3,72.8,64.5,64.5,62.6,73.9,64.8,75.6,64.8,70.7,72.8,False,False,False,False
58.55,2,50.5,53.6,68.1,52.0,52.6,67.6,52.7,61.2,64.9,64.5,False,False,False,True
64.39,3,70.9,69.4,67.7,64.2,64.4,60.4,73.5,72.9,73.2,64.5,False,False,True,False
70.24,3,75.3,72.4,77.6,62.2,62.0,69.4,75.1,62.0,71.7,74.8,False,True,False,False
53.9,1,52.1,50.1,53.7,50.1,57.5,58.2,55.5,53.4,50.5,57.9,False,False,False,False
68.62,3,64.3,75.0,69.1,69.6,72.6,61.4,75.5,69.0,61.4,68.4,False,False,True,False
86.49,0,93.1,91.0,64.5,98.7,70.6,92.7,64.5,72.2,87.8,82.8,False,False,True,False
57.93,2,58.2,55.4,62.9,54.8,58.9,61.5,61.2,52.5,64.7,64.5,False,False,False,False
82.44,0,64.4,75.3,77.6,93.0,85.4,71.5,93.4,74.1,80.3,64.5,False,False,True,False
59.17,2,50.5,56.9,64.3,54.7,55.9,64.6,61.3,57.1,64.7,68.5,False,True,False,False
64.39,2,53.8,61.1,57.6,61.3,52.3,53.4,57.8,50.6,67.1,59.3,False,False,False,True
81.52,0,77.9,87.1,90.3,74.1,64.4,72.1,76.7,82.6,77.5,80.7,False,True,False,False
70.51,3,64.4,64.5,63.0,70.1,72.4,71.4,60.3,70.4,67.5,79.0,False,False,True,False
85.3,0,82.4,97.8,82.9,88.7,76.0,80.1,86.6,91.3,94.7,72.5,False,False,False,False
70.62,3,75.8,66.6,66.4,69.6,73.6,67.3,63.0,64.8,73.3,78.5,True,False,False,False
68.62,3,74.2,64.3,70.1,65.0,61.4,68.5,64.5,78.9,70.8,68.4,True,False,False,False
55.38,1,56.4,58.7,56.7,52.5,58.5,51.7,55.6,53.1,59.0,51.6,True,False,False,False
52.68,1,50.1,50.2,51.0,50.9,56.7,50.1,51.0,56.4,64.7,52.2,True,False,False,False
70.32,3,70.1,64.5,68.3,78.0,74.9,67.7,69.1,68.6,67.9,75.9,True,False,False,False
84.23,0,81.2,64.5,78.0,75.3,89.7,89.2,92.4,95.5,87.0,80.4,False,False,False,False
87.52,0,96.4,76.8,91.5,85.8,83.2,98.4,83.6,73.0,91.4,95.0,False,True,False,False
66.59,3,77.8,76.0,64.5,70.8,65.8,61.3,64.3,66.1,62.4,60.5,False,True,False,False
53.36,1,52.3,64.5,52.4,50.5,50.4,56.2,56.2,53.1,57.5,51.2,False,False,True,False
86.05,0,64.4,77.2,78.7,74.0,97.4,87.8,80.1,92.6,84.8,89.8,False,False,False,True
64.39,0,94.6,92.8,92.4,83.6,98.5,95.3,89.9,83.1,96.0,79.7,True,False,False,False
70.96,3,64.4,71.3,76.2,64.6,62.7,76.8,65.8,70.0,71.3,64.5,True,False,False,False
86.65,0,88.9,91.8,89.4,74.7,80.4,78.0,82.3,92.2,92.3,96.5,True,False,False,False
85.64,0,72.4,81.5,86.6,79.3,84.3,99.7,72.0,99.1,82.5,99.1,False,False,True,False
55.26,1,64.4,58.2,57.1,59.0,53.1,51.1,64.5,56.9,58.8,57.0,False,False,False,False
59.85,2,65.2,63.5,64.5,57.3,55.6,63.0,68.8,60.0,50.1,50.8,True,False,False,False
62.72,2,57.1,64.5,66.7,62.3,54.3,64.6,65.8,66.0,66.3,67.6,False,True,False,False
90.19,0,95.6,64.5,95.9,93.0,86.2,96.6,99.8,72.7,74.9,96.1,True,False,False,False
64.39,1,52.1,51.2,57.4,53.2,53.2,50.9,53.1,58.9,53.1,57.3,False,True,False,False
60.75,2,55.6,62.3,64.4,55.9,63.6,61.6,61.7,60.6,63.1,58.7,False,False,False,True
57.07,2,50.9,51.3,50.0,67.2,64.4,53.6,58.2,67.6,64.7,64.7,True,False,False,False
56.21,1,55.4,58.3,58.7,57.0,55.8,56.4,58.3,55.7,53.3,53.2,False,False,False,True
83.71,0,74.6,74.6,77.6,93.6,93.5,95.9,73.2,84.4,95.3,74.4,False,True,False,False
67.74,3,69.8,64.5,62.4,74.5,63.0,69.5,72.1,71.6,61.4,66.1,True,False,False,False
81.98,0,79.3,70.6,81.6,98.8,80.7,88.6,75.1,64.8,88.0,79.6,False,False,True,False
68.51,3,76.9,64.5,72.9,63.7,60.2,64.6,74.6,74.9,67.8,65.7,False,True,False,False
84.26,0,75.6,87.2,88.0,71.0,90.4,75.6,85.4,87.2,98.7,83.4,False,False,False,True
57.59,2,58.2,64.5,66.5,50.6,50.2,57.7,66.5,50.2,62.8,60.2,False,False,True,False
88.98,0,64.4,99.8,81.3,88.6,97.6,100.0,93.5,70.7,82.3,76.3,True,False,False,False
61.17,2,61.5,59.6,63.6,66.3,61.0,56.7,55.9,59.2,61.2,66.5,False,True,False,False
60.04,2,54.9,59.3,55.0,61.5,61.9,67.5,65.5,65.5,54.2,55.0,False,False,False,True
61.4,2,50.8,55.2,63.7,62.0,62.3,59.2,66.9,65.3,61.8,66.9,False,True,False,False
85.4,0,96.0,93.3,94.5,73.4,70.1,82.1,76.7,80.0,94.5,93.4,False,False,False,False
59.63,2,57.3,64.5,64.5,60.6,67.4,54.1,59.3,50.3,65.8,58.2,True,False,False,False
55.76,1,55.1,64.5,56.5,58.4,54.7,50.2,52.4,57.1,58.5,57.6,False,False,False,True
60.32,2,68.0,64.2,59.3,63.5,50.5,50.0,52.1,66.5,64.7,60.0,False,False,True,False
87.56,0,64.4,83.9,81.4,100.0,81.9,64.6,79.5,64.8,99.2,87.6,False,False,False,True
69.04,3,60.2,70.4,68.5,73.6,66.8,75.6,68.5,68.8,72.1,66.0,False,False,False,True
58.54,2,68.5,65.5,55.1,53.0,63.1,64.6,67.9,50.4,64.7,58.0,False,False,False,False
64.39,3,77.4,68.2,65.0,67.4,66.0,73.9,67.7,77.3,76.0,70.2,False,False,True,False
60.21,2,60.3,64.5,60.6,53.0,62.4,64.6,59.2,68.5,52.6,65.2,True,False,False,False
56.82,2,58.8,52.0,52.8,59.6,63.1,51.9,63.4,55.3,57.4,54.0,True,False,False,False
53.44,1,52.5,51.4,58.1,64.3,57.2,52.1,64.5,52.9,57.5,50.8,False,False,True,False
59.14,2,58.6,61.3,59.8,64.0,64.4,55.3,64.5,68.7,58.7,52.4,True,False,False,False
58.14,2,52.3,54.6,53.4,64.5,68.8,52.8,52.5,59.3,57.8,65.2,False,False,True,False
54.3,1,56.6,55.6,50.4,50.4,53.5,50.7,57.8,58.7,58.6,50.7,True,False,False,False
67.7,3,70.0,65.4,62.9,77.0,66.7,64.8,64.6,69.0,63.7,72.9,True,False,False,False
59.1,2,64.4,55.4,64.5,64.3,58.3,67.4,52.4,64.8,53.0,63.1,False,True,False,False
86.17,0,83.4,64.5,64.5,70.3,64.4,75.9,85.3,95.5,82.4,99.8,False,False,False,False
53.84,1,58.7,64.5,52.8,52.2,57.2,56.3,50.5,64.8,55.4,50.7,True,False,False,False
69.26,3,76.1,76.5,63.7,63.4,61.2,64.8,66.5,75.1,69.7,75.5,False,False,True,False
61.49,2,59.4,54.4,68.9,63.7,68.9,60.6,54.9,62.4,53.4,68.3,False,False,True,False
69.14,3,65.6,74.2,63.6,69.4,74.7,69.0,65.9,64.8,73.8,71.5,False,False,False,True
72.14,3,64.4,78.7,75.3,75.9,69.6,70.3,77.2,64.8,61.2,74.6,False,True,False,False
54.56,1,64.4,56.1,53.8,58.7,54.0,50.7,52.8,58.6,56.4,50.2,False,False,False,True
87.81,0,64.4,78.5,64.5,77.1,88.6,90.6,99.9,96.5,75.2,90.2,False,False,False,False
54.69,1,64.4,58.6,50.1,64.3,54.5,51.2,56.1,58.1,57.8,56.9,False,True,False,False
59.28,2,59.1,68.6,61.3,64.3,61.3,50.0,64.5,51.3,64.3,53.6,False,False,True,False
55.09,1,54.3,54.9,56.3,52.8,54.7,56.4,59.0,56.1,55.3,51.1,False,False,False,True
58.55,2,52.5,50.5,65.9,62.3,62.8,61.2,64.5,51.8,55.6,65.7,False,False,False,False
68.03,3,64.4,64.8,76.1,66.3,66.7,71.2,65.9,74.9,62.9,68.3,False,True,False,False
54.15,1,50.5,64.5,64.5,56.0,51.0,51.3,55.6,54.4,64.7,56.3,False,False,False,True
54.26,1,57.1,57.8,57.1,55.8,64.4,50.9,52.5,51.2,51.4,55.6,False,False,True,False
54.8,1,55.6,58.2,51.6,51.5,58.2,51.6,55.1,58.8,52.2,55.1,False,False,False,True
59.36,2,62.3,57.7,50.1,64.3,58.2,67.2,65.4,62.3,53.9,52.1,True,False,False,False
55.36,1,55.4,53.1,51.6,57.3,52.4,58.4,57.6,56.7,54.7,56.4,False,True,False,False
53.88,1,56.9,50.4,51.9,64.3,56.4,57.5,50.4,51.9,56.1,50.3,True,False,False,False
64.39,0,99.6,92.4,64.5,64.3,78.5,80.8,95.4,90.3,90.6,95.8,False,False,False,False
83.51,0,90.4,89.3,72.6,95.1,64.4,92.5,74.9,80.0,79.9,86.8,False,False,True,False
54.54,2,54.0,58.2,54.5,51.9,56.1,64.6,53.8,54.2,54.1,56.4,False,False,True,False
67.93,3,63.5,76.5,69.2,72.8,61.3,60.8,69.9,65.0,63.2,77.2,False,True,False,False
69.61,3,64.4,67.7,69.3,66.8,66.5,73.3,64.9,69.3,69.0,77.9,False,True,False,False
83.32,0,76.8,89.2,87.6,80.2,86.9,84.4,73.6,64.8,83.0,84.4,False,False,False,False
84.19,0,87.6,89.4,64.5,94.2,94.5,80.2,83.2,77.1,70.6,74.2,False,False,False,True
86.43,0,86.3,64.5,91.5,77.7,85.6,86.6,98.4,94.2,64.7,84.9,False,False,False,False
84.82,0,79.4,82.2,95.7,71.4,95.9,97.0,79.2,89.0,82.5,75.9,True,False,False,False
61.05,2,62.9,55.5,60.4,67.7,58.6,68.8,64.5,50.1,61.8,57.9,True,False,False,False
86.03,0,85.5,82.8,80.0,85.8,95.1,64.6,81.7,82.6,98.4,91.9,False,False,True,False
69.67,3,63.8,64.5,74.6,72.3,75.0,70.5,67.4,67.7,74.0,63.8,False,False,True,False
62.48,2,66.6,66.7,58.1,66.9,51.1,68.9,68.8,57.3,64.7,57.2,True,False,False,False
67.54,3,74.0,62.6,69.2,61.2,64.4,62.6,69.5,64.8,73.4,64.5,False,False,True,False
83.22,0,75.5,90.9,73.8,75.9,79.7,94.5,83.9,98.0,86.8,73.0,True,False,False,False
89.46,0,95.3,84.8,99.2,92.4,88.2,75.2,91.8,98.4,88.1,81.3,False,False,True,False
81.25,0,78.7,82.5,72.9,93.5,80.7,70.0,73.0,84.8,91.7,84.7,False,False,False,True
90.3,0,82.4,97.6,79.4,99.3,87.9,99.3,88.3,91.2,95.4,82.2,False,False,True,False
82.85,0,84.6,70.2,86.2,73.2,72.0,97.7,76.0,88.5,84.6,95.5,True,False,False,False
53.08,1,52.5,53.0,64.5,56.2,50.3,53.7,55.6,54.7,50.1,64.5,False,False,False,True
64.39,3,66.3,65.5,66.5,68.4,67.4,76.2,72.2,64.8,64.9,72.2,False,False,False,True
54.72,1,50.6,56.5,51.2,52.5,56.9,58.8,52.2,54.1,58.4,56.1,False,False,True,False
55.23,1,50.0,58.9,64.5,58.3,58.8,57.5,50.6,56.3,55.4,55.0,False,False,False,False
83.15,0,75.7,84.7,83.0,97.0,97.3,70.1,71.8,72.6,84.0,95.3,True,False,False,False
85.67,0,72.2,80.6,70.3,95.5,72.8,96.4,74.6,95.9,98.7,99.7,False,False,False,False
53.91,1,53.7,50.9,55.2,52.0,53.4,57.4,55.4,51.0,54.7,64.5,False,False,False,False
55.55,1,57.7,57.1,54.9,54.8,56.9,52.0,58.3,52.5,58.3,52.8,False,False,False,False
88.09,0,89.3,82.7,90.8,64.3,82.0,93.6,94.1,87.8,76.1,89.9,False,False,False,True
55.31,1,64.4,54.7,64.5,56.6,64.4,53.1,51.4,56.4,52.9,57.4,True,False,False,False
59.84,2,50.5,64.5,64.5,61.3,54.2,66.6,52.5,63.3,66.6,60.6,False,False,False,False
55.53,1,54.7,57.0,58.6,55.7,53.8,54.1,56.8,57.1,56.8,50.6,False,False,False,True
55.11,1,52.1,64.5,56.5,54.5,56.4,56.8,57.4,52.6,54.6,52.6,False,False,False,True
83.65,0,78.3,98.3,64.5,76.7,91.1,92.3,87.2,78.7,92.0,70.9,False,False,False,True
56.27,2,56.5,63.9,54.8,53.4,59.7,58.7,55.7,52.5,54.0,53.4,True,False,False,False
55.38,1,64.4,54.0,57.1,55.8,57.0,54.9,52.8,64.8,56.1,53.5,False,False,False,True
87.41,0,94.7,79.9,89.9,85.6,92.7,94.0,79.8,75.8,86.5,95.2,True,False,False,False
86.41,0,78.2,99.6,76.9,75.3,99.0,87.4,98.2,87.5,64.7,80.1,False,False,False,True
64.39,2,68.8,61.1,56.6,61.0,56.7,65.8,65.8,54.4,67.2,55.5,True,False,False,False
60.61,2,64.4,54.7,50.9,64.3,65.8,59.5,63.3,64.8,67.0,64.5,True,False,False,False
61.01,2,64.1,62.4,64.5,67.2,57.7,55.3,56.1,63.4,68.6,64.5,False,False,False,False
64.39,1,58.9,64.5,55.2,50.0,52.5,57.7,53.5,56.7,64.7,57.5,False,False,False,True
54.72,1,56.4,50.5,56.9,54.9,54.9,51.5,58.1,56.9,55.0,52.0,False,True,False,False
69.55,3,69.1,64.1,77.3,73.6,64.4,74.5,65.3,75.8,65.2,65.9,False,False,True,False
79.45,0,71.0,77.4,71.4,81.5,74.8,92.4,71.1,87.0,88.4,79.5,True,False,False,False
58.28,2,55.3,60.6,64.5,60.8,67.9,64.6,50.5,51.7,50.1,55.2,False,False,True,False
88.53,0,98.3,94.4,74.1,93.1,94.6,78.1,77.1,93.0,91.8,90.7,True,False,False,False
67.08,3,69.9,64.5,73.0,70.4,62.6,68.3,73.2,60.6,64.9,63.6,False,False,False,True
64.39,2,66.2,68.0,63.2,60.0,62.3,64.6,61.3,64.8,66.3,50.1,False,False,False,True
53.91,1,56.7,54.6,55.2,50.1,53.2,56.2,51.3,50.1,56.2,55.5,True,False,False,False
62.74,2,57.4,64.5,65.1,65.8,64.4,62.9,63.1,59.9,67.8,64.2,False,True,False,False
64.39,1,56.1,58.1,53.5,50.1,64.4,54.5,50.6,56.4,57.8,50.1,False,True,False,False
54.98,1,52.8,58.1,64.5,53.5,53.2,58.8,50.7,56.9,55.6,57.4,False,False,True,False
68.97,3,68.6,64.3,75.2,73.2,67.8,62.4,70.7,71.2,60.6,75.7,False,False,False,True
64.39,1,58.6,56.7,51.3,55.4,56.2,57.0,56.1,51.2,50.7,56.0,True,False,False,False
55.12,1,57.1,55.0,56.7,54.5,52.6,53.5,51.4,58.4,54.8,57.2,False,True,False,False
60.05,2,66.7,50.1,52.5,64.3,65.3,52.8,62.8,61.3,61.0,65.4,False,True,False,False
57.08,2,63.0,51.0,50.6,51.9,62.4,64.6,52.6,67.3,55.5,52.3,False,False,False,False
54.74,1,52.2,58.5,64.5,57.7,53.0,64.6,58.7,55.0,51.2,54.8,False,True,False,False
58.12,2,61.5,54.1,52.9,68.8,68.1,53.5,60.1,52.6,51.1,58.5,False,False,True,False
56.03,1,56.8,64.5,56.1,54.4,64.4,57.7,52.5,58.0,55.7,58.2,False,False,True,False
83.21,0,94.3,90.8,79.4,84.8,64.4,93.2,80.9,82.4,75.5,78.1,False,False,True,False
58.25,2,65.7,64.5,60.5,57.8,59.2,52.3,57.8,53.1,52.4,56.4,False,True,False,False
85.73,0,74.2,96.1,84.2,93.9,83.8,80.5,75.8,94.9,82.3,91.6,False,False,True,False
89.47,0,93.2,64.5,75.4,99.8,89.1,97.0,82.5,87.3,90.3,80.3,False,False,True,False
71.04,3,75.9,72.0,65.3,64.3,64.4,65.0,64.5,65.4,70.9,75.7,False,False,False,True
55.01,1,58.8,53.8,56.4,50.6,64.4,56.9,56.7,50.5,55.2,54.5,True,False,False,False
81.66,0,83.2,71.3,87.5,72.9,79.1,96.8,86.7,74.7,71.1,64.5,False,False,True,False
54.89,1,55.9,50.3,53.4,64.3,56.2,51.5,58.4,55.9,53.0,55.4,False,True,False,False
70.84,3,67.9,77.7,76.3,66.7,77.0,72.0,73.7,65.3,70.1,61.6,False,False,False,True
67.8,3,61.5,76.6,73.0,60.8,60.5,73.3,62.6,73.7,66.0,70.0,False,True,False,False
55.75,1,57.0,64.5,58.8,58.8,64.4,51.0,52.5,64.8,57.2,58.9,False,False,False,True
69.58,3,74.9,70.0,70.8,66.3,64.7,70.0,77.8,61.9,62.3,64.5,False,False,False,False
54.68,1,64.4,57.4,54.1,57.0,55.6,51.4,54.8,54.5,56.0,64.5,False,False,True,False
54.91,1,56.0,58.1,58.5,54.0,52.9,54.8,53.7,51.6,52.9,56.6,False,False,False,True
69.1,3,63.6,71.0,63.2,77.9,72.2,63.5,70.3,62.4,71.5,64.5,False,False,False,True
87.47,0,93.8,90.1,98.2,89.7,81.4,89.6,96.1,75.1,77.5,83.2,True,False,False,False
69.94,3,64.4,76.2,75.8,67.9,62.0,62.1,72.4,75.0,69.6,70.3,True,False,False,False
61.11,2,51.6,53.6,66.5,60.6,68.2,57.2,67.6,52.8,65.7,64.5,False,False,False,True
70.85,3,78.6,78.9,62.3,63.0,64.4,68.9,74.0,74.0,64.7,67.5,False,False,False,False
60.24,2,64.4,53.3,58.5,61.8,65.5,50.3,67.6,64.8,64.7,65.9,False,False,False,True
54.88,1,54.2,64.5,54.2,54.6,54.9,51.3,57.9,52.6,56.1,55.1,True,False,False,False
82.78,0,82.1,72.8,84.5,88.2,64.4,95.2,89.7,83.5,78.9,73.6,False,False,False,True
87.9,0,64.4,64.5,89.4,64.3,93.1,70.1,97.2,81.5,86.4,64.5,False,False,False,False
58.55,2,53.8,68.5,59.5,51.2,57.7,62.5,51.3,55.8,62.1,63.0,False,False,True,False
55.62,1,53.3,54.9,56.2,57.9,56.7,52.8,53.2,57.2,56.4,57.5,False,False,False,True
70.3,3,60.1,69.1,77.4,64.3,77.7,63.6,64.5,73.8,76.8,68.1,False,False,False,False
64.39,1,57.3,56.3,52.8,64.3,52.0,52.1,55.0,64.8,55.7,51.6,True,False,False,False
71.26,3,67.7,75.4,64.5,71.6,67.7,74.7,75.5,70.8,75.0,66.0,True,False,False,False
57.51,2,57.5,50.3,57.5,60.6,60.9,53.2,68.2,52.7,64.7,59.9,False,False,False,True
61.02,2,56.3,65.1,59.4,68.7,64.4,67.7,58.9,52.3,64.7,56.6,False,False,False,True
58.41,2,59.0,58.7,57.4,58.6,61.5,52.1,65.7,57.5,57.4,56.1,False,True,False,False
87.41,0,83.6,73.3,86.4,98.3,96.7,76.7,91.2,70.4,99.3,98.1,False,False,False,True
87.79,0,79.7,88.3,100.0,99.3,85.6,97.9,72.5,85.2,86.2,83.2,False,False,False,True
57.05,2,54.0,53.5,52.6,59.1,51.4,64.6,63.2,61.1,52.6,64.5,False,False,False,False
88.39,0,88.5,94.5,95.5,64.3,96.4,85.7,97.4,73.5,80.3,64.5,False,False,False,False
68.45,3,60.7,71.5,71.5,65.7,70.3,75.0,61.3,67.1,62.6,78.7,True,False,False,False
52.95,1,64.4,53.1,50.9,50.1,51.1,52.2,55.6,58.0,55.6,52.3,False,False,False,False
56.89,2,64.4,57.5,52.0,55.9,67.8,50.2,58.8,58.1,63.6,54.6,False,False,False,True
54.73,1,55.5,64.5,57.0,51.7,64.4,56.9,55.3,52.1,57.9,52.6,False,False,False,True
59.62,2,54.8,58.8,66.3,63.5,59.0,51.3,56.8,64.1,64.1,57.4,True,False,False,False
54.6,1,53.5,56.8,52.2,58.0,52.5,57.5,56.4,53.5,55.0,50.5,False,False,True,False
85.02,0,93.8,76.1,85.9,91.7,64.4,79.8,87.7,71.7,93.8,87.0,False,True,False,False
86.55,0,88.9,91.2,86.7,89.8,78.3,83.7,95.9,72.5,84.6,64.5,False,False,False,False
88.49,0,64.4,94.0,94.6,83.2,73.5,87.3,88.6,96.7,77.2,92.0,False,False,True,False
87.0,0,95.8,98.2,64.5,72.6,87.9,64.6,64.5,76.3,94.9,92.6,False,False,False,True
67.71,3,64.3,60.2,62.2,71.5,73.6,77.3,66.5,70.4,64.4,66.8,False,False,False,True
54.81,1,55.6,50.3,54.8,56.2,50.5,58.6,64.5,57.1,64.7,54.6,False,False,False,False
70.37,3,77.2,64.5,65.7,69.0,68.4,75.3,76.2,62.4,76.5,64.5,False,False,False,True
58.81,2,61.5,59.5,51.7,59.9,66.1,55.4,64.1,57.8,55.3,64.5,False,True,False,False
56.8,1,64.4,58.4,54.2,58.1,58.0,52.7,58.6,55.9,58.7,56.4,False,False,False,False
64.39,2,62.5,55.1,50.6,57.7,52.7,65.3,66.5,63.1,58.2,54.1,False,True,False,False
53.46,1,52.1,51.9,54.1,54.9,55.9,54.6,51.6,53.3,55.2,51.0,True,False,False,False
61.21,2,52.2,64.5,62.9,65.7,66.2,57.9,54.4,66.9,64.7,59.9,False,True,False,False
86.44,0,64.4,83.5,70.2,75.0,99.8,86.4,88.7,85.9,89.9,89.2,False,True,False,False
78.81,0,83.0,74.8,73.6,79.0,93.9,73.3,93.3,73.9,72.1,64.5,True,False,False,False
64.39,1,52.1,55.5,64.5,52.2,57.4,50.4,53.4,51.8,51.1,56.5,True,False,False,False
58.43,2,60.9,50.1,67.7,66.5,51.4,50.3,61.8,55.3,64.7,65.8,False,False,True,False
86.07,0,78.5,91.8,64.5,64.3,98.3,84.7,76.0,64.8,71.9,83.9,False,False,False,True
64.39,0,70.7,90.9,98.0,64.3,64.4,97.7,90.3,75.3,81.6,81.0,False,False,True,False
81.33,0,71.1,89.9,97.4,72.7,73.9,75.0,77.7,92.2,88.3,75.1,True,False,False,False
58.05,2,50.2,67.3,63.1,60.1,56.9,56.0,56.9,52.3,66.3,64.5,False,False,False,False
67.59,3,64.4,66.3,70.7,63.2,60.1,71.4,66.2,60.7,76.8,64.5,True,False,False,False
81.83,0,81.2,96.4,64.5,70.7,80.3,73.8,79.3,82.9,92.0,89.2,False,True,False,False
70.86,3,63.8,77.2,72.0,75.5,68.3,71.6,76.3,68.9,66.1,69.2,False,False,False,True
54.24,1,51.7,57.1,51.3,53.3,57.3,55.5,51.2,55.1,52.6,57.3,True,False,False,False
82.63,0,84.2,92.2,85.9,84.0,78.5,96.0,85.6,73.5,70.3,64.5,False,False,False,True
61.79,2,64.4,62.7,57.7,64.3,63.9,58.0,59.1,62.8,64.7,55.0,False,True,False,False
80.08,0,70.0,86.2,70.3,79.1,88.1,93.7,73.8,74.4,88.5,76.6,True,False,False,False
64.39,0,85.1,70.6,80.2,79.9,96.1,81.6,80.4,75.9,70.5,95.1,False,False,False,False
84.52,0,95.1,83.2,64.5,71.6,84.6,97.1,94.1,64.8,78.2,72.0,True,False,False,False
70.29,3,63.9,66.1,76.4,68.2,78.8,68.1,72.5,63.8,67.4,77.6,False,True,False,False
87.6,0,74.9,90.1,81.1,64.3,97.9,83.3,64.5,91.8,92.9,88.7,False,True,False,False
81.23,0,94.1,78.4,78.0,82.3,72.5,79.8,76.2,84.4,70.5,96.2,False,False,False,True
61.84,2,62.0,52.9,67.4,62.5,62.2,67.2,64.5,58.2,62.3,64.9,True,False,False,False
61.2,2,62.4,52.7,67.6,64.3,64.3,51.1,65.7,61.0,56.3,64.5,True,False,False,False
85.67,0,64.4,89.8,96.9,71.4,74.8,70.6,98.9,76.8,93.0,99.4,False,False,False,True
71.02,3,77.6,71.7,70.0,74.4,73.6,73.0,73.5,69.0,64.1,63.2,False,False,False,False
70.13,3,71.7,79.0,73.6,68.7,66.9,67.4,64.5,77.4,60.6,65.9,False,False,False,True
57.69,2,50.3,61.7,58.2,52.4,55.6,56.0,65.3,66.1,64.7,55.9,True,False,False,False
60.71,2,58.4,62.5,51.2,64.3,62.6,59.7,51.4,66.4,61.9,65.4,True,False,False,False
87.31,0,84.3,82.6,91.8,94.1,88.0,89.0,78.9,94.6,85.7,84.2,False,False,True,False
68.33,3,62.4,66.2,64.2,60.1,64.4,65.5,75.8,77.3,69.6,67.3,True,False,False,False
59.71,2,52.3,67.0,61.1,52.8,65.7,61.4,50.8,62.0,61.4,62.7,False,False,True,False
85.91,0,98.2,72.0,83.8,73.4,94.3,80.3,90.4,81.8,96.8,88.1,False,False,True,False
54.5,1,58.2,58.3,50.6,53.3,64.4,64.6,64.5,52.5,64.7,50.1,True,False,False,False
61.24,2,68.8,52.7,66.8,67.2,60.1,65.1,56.7,66.6,55.7,52.7,True,False,False,False
86.81,0,86.0,79.0,84.4,98.1,85.0,93.1,98.7,88.9,71.0,64.5,False,False,False,True
53.93,1,51.8,54.2,51.4,56.7,58.5,52.7,53.7,52.2,54.2,53.9,True,False,False,False
80.62,0,94.3,78.6,72.7,82.7,64.4,77.5,71.9,81.5,87.3,86.0,True,False,False,False
53.4,1,52.6,50.7,54.5,58.6,50.4,57.5,50.7,56.8,50.2,51.9,True,False,False,False
83.07,0,75.1,72.4,90.0,94.9,74.3,78.8,85.2,78.5,64.7,88.7,True,False,False,False
85.84,0,77.5,83.5,89.8,83.4,64.4,91.2,95.4,84.8,73.5,80.1,False,False,False,False
54.62,1,51.8,55.0,57.0,55.6,57.3,64.6,56.5,58.1,64.7,64.5,False,True,False,False
68.81,3,70.9,64.5,70.5,74.3,64.6,67.9,72.3,60.6,63.5,70.6,False,False,True,False
86.07,0,87.3,73.6,70.2,98.4,82.5,96.7,64.5,90.4,83.8,91.0,False,True,False,False
56.79,2,57.6,64.5,51.8,59.8,59.3,60.1,52.3,51.1,57.9,67.7,False,True,False,False
56.17,1,64.4,57.8,56.0,56.7,58.6,57.3,56.3,57.7,57.1,53.6,False,False,False,False
69.74,3,61.7,64.5,67.7,64.3,64.4,78.4,66.4,61.2,77.3,65.3,True,False,False,False
67.96,3,66.9,63.4,60.1,78.2,64.4,75.2,63.4,78.7,63.4,66.2,False,False,True,False
68.39,3,71.8,60.2,75.9,72.1,63.7,64.6,64.5,68.5,74.9,65.5,True,False,False,False
58.84,2,68.1,54.4,65.8,58.7,54.9,53.4,57.6,65.4,54.3,55.8,False,False,False,False
64.39,2,62.1,63.6,66.0,62.3,58.2,66.0,68.0,58.6,51.5,51.6,False,True,False,False
67.16,3,68.2,61.3,71.6,67.6,62.6,76.1,60.1,67.6,74.8,61.7,False,True,False,False
83.71,0,82.6,99.5,73.1,87.0,92.7,87.2,71.7,71.4,72.1,99.9,False,False,False,True
64.39,3,63.4,77.0,70.6,73.0,70.0,63.0,75.5,69.1,61.0,75.0,False,False,False,True
53.21,1,64.4,52.0,54.5,64.3,52.6,55.3,51.7,54.8,53.8,51.2,False,False,False,True
85.75,0,70.2,80.4,64.5,81.1,89.3,82.4,94.8,98.4,97.4,75.0,False,True,False,False
55.03,1,58.4,64.5,51.9,55.8,53.0,58.2,57.2,51.7,51.6,58.7,False,False,True,False
88.94,0,94.8,71.4,89.2,64.3,95.4,92.1,82.3,95.2,89.9,85.1,False,True,False,False
53.18,1,50.5,54.4,54.9,53.2,50.6,51.6,55.1,53.7,56.1,51.6,False,False,False,True
69.4,3,72.9,73.4,66.3,66.2,64.4,76.9,64.5,71.1,60.4,66.0,False,False,False,True
60.43,2,65.4,63.9,62.2,55.7,63.3,56.1,64.5,64.3,64.6,55.8,False,True,False,False
71.83,3,64.4,63.3,61.2,78.8,74.9,65.1,76.9,73.7,71.9,76.0,False,False,False,True
69.12,3,69.0,64.5,70.3,61.6,62.8,72.5,74.8,64.8,69.2,70.3,False,True,False,False
67.74,3,68.7,62.8,61.8,71.9,62.9,71.6,64.5,65.1,78.9,73.5,False,False,False,True
69.08,3,61.1,73.9,73.0,78.4,60.3,62.1,75.5,64.8,78.4,63.8,False,False,False,False
54.62,1,58.5,57.7,52.2,51.1,51.8,64.6,52.4,57.6,56.5,52.4,False,False,True,False
59.05,2,62.5,54.2,64.5,61.4,66.6,52.9,60.1,50.6,54.5,67.1,False,False,False,False
54.48,1,58.1,52.0,55.0,57.0,53.6,57.1,51.1,52.5,53.2,55.2,False,True,False,False
85.98,0,64.4,80.6,93.7,82.8,64.4,99.3,81.3,78.6,84.6,97.4,False,False,False,False
81.65,0,72.7,64.5,86.2,83.0,76.6,92.8,99.1,71.8,83.2,74.4,True,False,False,False
58.99,2,64.4,68.6,53.8,55.5,51.7,53.1,58.8,58.2,56.6,64.5,False,True,False,False
54.93,1,50.8,53.8,55.7,56.4,64.4,57.9,64.5,55.4,55.3,57.0,True,False,False,False
72.51,3,75.0,60.9,67.5,60.3,78.2,77.1,78.4,78.3,76.3,73.1,False,True,False,False
85.02,0,84.4,82.0,99.2,93.0,88.9,84.8,81.4,71.7,82.9,81.9,False,False,False,True
69.22,3,61.2,72.6,62.5,68.4,71.9,63.8,72.2,76.4,78.2,64.5,False,False,True,False
71.57,3,74.3,67.2,70.8,79.0,77.4,70.7,63.0,68.7,70.8,64.5,False,True,False,False
70.84,3,75.5,60.5,63.9,77.4,71.4,64.6,75.5,67.7,68.6,64.5,True,False,False,False
54.23,1,57.7,52.6,54.0,50.7,53.9,58.0,50.2,57.3,56.2,51.7,False,False,False,True
64.39,3,76.3,73.5,67.5,63.4,75.3,75.2,75.7,67.8,66.6,71.6,False,False,True,False
69.22,3,64.2,72.4,64.0,64.1,65.3,78.5,76.5,65.9,71.5,64.5,False,True,False,False
72.74,3,68.5,76.9,68.6,72.9,71.5,78.7,65.4,71.9,64.7,77.8,True,False,False,False
62.17,2,64.4,61.6,53.1,66.7,55.9,64.6,61.8,63.2,68.4,63.5,False,False,False,False
53.04,1,50.2,54.5,50.6,55.4,53.6,58.2,50.9,53.9,52.2,50.9,True,False,False,False
59.27,2,67.0,64.5,54.8,64.3,67.3,51.4,56.4,53.3,51.4,65.9,False,False,True,False
56.1,1,58.5,56.4,56.1,55.4,53.7,58.8,58.6,52.3,58.6,52.5,False,True,False,False
54.67,1,52.0,51.5,64.5,52.8,54.8,58.3,53.5,58.3,50.9,58.1,False,False,True,False
58.88,2,68.4,65.1,54.5,65.5,53.2,52.4,64.5,57.4,64.7,50.0,False,True,False,False
53.77,1,55.0,50.0,58.2,57.0,51.9,53.4,52.0,53.5,51.0,55.7,False,False,False,False
53.76,1,51.9,52.2,50.1,54.8,51.8,58.1,54.5,64.8,52.7,58.8,False,False,True,False
88.23,0,64.4,89.0,70.0,96.7,94.1,81.7,64.5,98.9,88.5,92.9,False,False,True,False
54.45,1,64.4,53.4,64.5,64.3,52.5,56.0,57.4,54.3,58.9,52.3,False,True,False,False
53.78,1,55.0,55.9,54.5,51.2,64.4,64.6,55.0,50.6,54.2,51.2,False,False,False,True
60.43,2,66.8,50.4,66.4,64.3,66.7,52.2,61.8,64.8,56.5,68.3,False,False,True,False
59.82,2,54.3,67.1,53.5,50.2,65.5,55.7,67.0,68.5,64.7,58.0,False,True,False,False
52.75,1,56.3,52.8,64.5,51.4,57.1,53.3,51.1,50.3,50.6,50.5,False,True,False,False
59.31,2,55.8,62.4,60.0,60.8,63.4,57.1,56.5,58.6,64.1,54.4,True,False,False,False
64.39,0,92.3,94.0,84.4,64.3,64.4,98.1,95.2,94.0,64.7,92.4,False,False,False,False
58.62,2,57.2,53.8,68.2,68.3,57.6,59.7,67.3,50.5,51.4,52.1,True,False,False,False
82.84,0,94.9,76.8,89.8,70.6,64.4,81.3,77.2,85.2,85.4,91.5,False,False,True,False
70.3,3,64.4,64.5,63.5,61.5,78.8,74.8,74.4,74.9,65.5,70.9,False,False,False,False
64.39,3,76.5,64.5,71.5,75.6,70.6,72.4,75.1,75.7,70.1,73.0,False,False,False,True
83.71,0,87.1,64.5,85.4,82.2,79.6,73.6,84.9,64.8,99.7,87.5,False,False,False,False
86.37,0,88.3,77.0,96.2,95.3,74.9,93.0,98.2,64.8,77.2,77.4,True,False,False,False
84.42,0,86.4,85.3,79.3,75.8,81.8,92.1,97.6,81.4,64.7,88.0,False,False,True,False
80.43,0,72.0,89.8,74.4,95.9,78.2,79.7,71.4,71.7,77.7,64.5,False,False,False,True
56.67,2,54.4,58.0,56.0,53.1,67.5,52.9,65.5,52.2,54.9,52.3,False,True,False,False
54.97,1,56.1,54.1,58.3,55.0,51.1,55.6,55.8,58.4,50.8,54.5,False,False,False,True
87.72,0,92.7,84.9,74.5,64.3,75.4,88.7,89.2,98.7,81.7,98.3,False,False,False,True
71.27,3,65.7,77.9,63.7,64.3,70.2,60.5,78.6,64.8,71.1,78.4,False,False,False,False
53.78,1,51.4,57.7,64.5,51.7,64.4,51.2,50.8,52.1,64.7,54.9,True,False,False,False
83.26,0,83.1,77.2,64.5,81.5,64.4,93.2,70.9,80.0,97.9,75.1,False,False,True,False
59.73,2,68.5,52.4,68.2,56.7,61.5,53.7,67.1,52.2,61.6,55.2,False,False,False,False
77.08,0,64.4,64.5,87.1,71.0,70.2,71.8,74.7,74.0,74.9,73.6,False,True,False,False
58.44,2,61.1,65.1,50.1,50.3,51.4,66.2,54.4,63.4,57.1,65.2,False,True,False,False
55.04,1,58.9,53.0,56.3,64.3,58.1,54.4,53.3,50.5,64.7,51.7,True,False,False,False
64.39,3,62.4,64.4,65.0,66.0,78.6,64.2,63.7,70.8,77.3,78.8,False,False,True,False
83.4,0,94.5,71.5,76.4,90.3,78.7,73.7,81.4,85.8,96.2,85.5,False,False,False,True
71.18,3,73.4,65.3,67.5,64.3,69.9,74.6,61.2,78.5,76.1,76.6,False,False,False,True
59.74,2,64.6,65.3,58.4,63.2,59.4,50.9,51.1,64.8,54.4,63.6,False,False,False,False
62.84,2,57.8,62.9,63.6,64.3,66.9,67.0,54.6,65.7,66.7,56.8,False,True,False,False
65.15,3,60.4,61.7,62.7,73.4,64.4,60.8,71.8,68.5,70.8,60.8,False,False,False,True
67.29,3,60.1,64.5,73.6,66.6,60.8,70.4,61.7,70.7,71.2,64.6,False,False,False,False
54.22,1,58.3,51.1,58.7,51.5,55.7,52.8,52.0,57.7,51.9,52.5,False,False,False,False
58.77,2,57.2,67.1,62.2,64.2,51.4,50.2,67.7,54.0,63.1,64.5,False,False,True,False
64.39,2,54.5,67.5,64.5,68.8,50.8,65.8,65.5,57.8,57.3,51.3,False,False,True,False
54.32,1,54.3,58.4,55.5,52.2,52.8,64.6,57.0,64.8,56.8,52.1,False,False,True,False
81.59,0,71.8,74.5,89.2,64.3,72.5,70.6,77.0,98.6,90.2,78.6,False,True,False,False
54.9,1,58.0,58.1,56.6,57.2,56.9,55.6,64.5,53.0,51.3,50.1,False,True,False,False
64.39,2,63.1,53.5,56.9,64.5,54.6,62.7,67.4,64.8,66.2,60.8,True,False,False,False
57.99,2,57.0,52.5,66.8,68.8,52.9,64.4,56.7,54.5,55.0,51.3,True,False,False,False
58.87,2,50.5,51.3,66.0,52.0,58.9,57.5,64.5,67.4,67.0,61.2,False,True,False,False
83.83,0,87.9,99.0,75.1,88.7,72.8,83.2,73.9,64.8,94.4,73.6,False,False,False,True
53.92,1,64.4,52.4,53.7,53.6,53.9,54.5,56.0,53.1,57.5,51.0,True,False,False,False
55.34,1,58.3,64.5,50.8,58.3,50.2,57.5,52.2,54.9,64.7,58.0,True,False,False,False
67.79,3,63.3,64.5,64.2,77.8,63.5,66.9,68.8,61.1,74.5,77.5,False,False,True,False
87.51,0,90.4,88.9,94.7,77.2,87.4,89.3,64.5,64.8,99.7,91.7,False,False,True,False
68.63,3,64.4,71.9,63.4,61.5,72.8,65.6,71.0,70.3,77.7,67.3,False,False,False,True
69.92,3,64.4,67.5,67.0,72.7,75.1,64.5,78.1,78.9,61.0,72.8,False,False,False,False
64.8,3,68.6,64.5,61.8,64.3,62.6,62.5,64.7,74.6,60.5,61.3,False,False,False,True
84.04,0,64.4,94.6,74.2,74.2,92.4,87.8,73.0,81.6,71.9,93.3,False,True,False,False
84.18,0,99.5,77.7,96.8,72.9,82.1,64.6,84.5,89.1,64.7,85.6,True,False,False,False
64.39,0,91.9,80.2,80.2,72.9,93.6,64.6,80.5,93.1,93.8,93.9,False,False,False,True
64.39,2,65.8,51.1,54.7,53.9,61.3,59.3,57.5,64.8,67.5,62.9,True,False,False,False
59.7,2,57.1,55.3,60.4,68.7,54.7,58.2,62.1,66.4,58.7,55.4,False,False,True,False
69.3,3,63.6,76.8,76.6,78.2,60.1,71.6,65.3,63.1,76.0,61.8,False,True,False,False
62.73,2,66.6,68.7,60.9,67.5,64.4,56.4,56.5,68.5,52.7,64.5,False,False,False,False
64.39,3,71.9,72.9,64.5,77.0,61.6,67.3,77.4,69.1,73.5,73.1,True,False,False,False
60.15,2,59.5,64.5,56.8,64.3,55.0,61.4,64.5,64.8,64.7,54.9,False,False,False,False
53.75,1,50.8,53.3,64.5,52.1,52.1,56.9,58.9,53.1,52.3,57.3,False,False,True,False
69.86,3,72.6,67.0,73.6,63.6,74.1,67.3,69.6,75.3,66.7,68.8,False,False,False,False
59.96,2,54.7,64.7,50.6,66.4,51.7,67.5,57.2,65.0,58.0,63.7,False,False,False,False
85.17,0,89.5,80.5,95.3,64.3,74.0,93.5,80.3,72.7,96.6,93.4,False,False,False,False
64.39,3,79.0,66.5,65.9,67.4,70.6,67.0,78.8,78.6,63.1,66.6,False,False,False,True
54.85,1,51.3,57.6,53.5,64.3,56.2,54.3,58.8,52.4,56.2,56.9,True,False,False,False
71.28,3,71.8,76.2,69.7,75.0,68.3,74.2,63.3,72.0,77.3,64.5,True,False,False,False
55.08,1,56.3,55.6,51.4,57.6,53.4,54.4,64.5,53.5,53.8,56.9,False,False,False,True
73.33,3,75.6,65.6,75.7,60.6,77.7,76.6,74.3,74.1,74.7,78.5,False,True,False,False
52.92,1,50.1,51.3,52.6,64.3,50.2,64.6,55.7,64.8,54.5,54.2,True,False,False,False
82.54,0,71.1,64.5,87.7,64.3,94.0,70.3,72.1,92.7,70.5,91.4,False,True,False,False
86.97,0,75.4,79.2,92.4,85.1,89.1,86.0,97.8,90.6,83.4,64.5,False,False,True,False
64.39,1,54.2,58.9,50.1,64.3,57.2,58.3,57.9,57.5,52.4,52.7,False,False,False,True
88.82,0,88.0,80.8,82.2,76.0,95.4,64.6,89.8,98.9,87.9,64.5,True,False,False,False
54.24,1,54.7,52.3,55.4,54.7,64.4,52.6,58.4,57.2,54.6,50.4,False,True,False,False
67.35,3,67.9,64.5,70.7,75.4,60.5,61.8,76.7,63.5,65.6,67.5,False,True,False,False
56.37,2,64.4,64.5,64.5,61.6,55.4,52.2,65.6,55.3,52.3,56.3,False,False,False,False
70.08,3,65.0,63.3,73.8,78.0,68.0,68.1,65.5,72.3,69.0,77.8,False,False,True,False
70.9,3,78.3,78.1,60.2,65.8,69.1,76.6,71.2,75.7,60.5,73.5,False,True,False,False
70.04,3,69.9,64.5,69.8,64.3,64.4,71.4,65.2,77.7,66.1,70.0,True,False,False,False
58.8,2,53.2,51.0,63.6,59.3,65.2,64.6,64.5,68.2,64.7,54.6,False,False,False,True
60.53,2,52.1,67.5,53.0,60.6,61.5,60.0,67.5,59.2,64.0,59.9,False,False,True,False
59.27,2,66.2,53.1,54.5,67.5,55.1,67.1,58.8,56.5,51.2,62.7,False,False,True,False
61.82,2,64.3,50.6,64.5,63.8,64.4,66.5,65.9,52.1,53.0,64.5,False,False,False,False
55.2,1,58.4,64.5,57.5,50.5,54.0,53.1,53.4,57.4,56.5,55.5,False,False,False,True
64.39,2,53.9,57.7,68.8,65.9,53.0,51.3,52.6,59.9,59.1,63.2,True,False,False,False
68.79,3,77.3,74.7,69.4,60.4,79.0,66.9,63.2,61.2,69.4,66.5,False,False,False,True
53.47,1,52.8,64.5,50.8,55.4,52.2,64.6,51.8,53.2,57.9,53.2,True,False,False,False
60.78,2,68.0,53.3,54.4,58.0,68.2,57.2,65.5,64.4,64.7,61.2,True,False,False,False
62.55,2,51.2,64.5,57.3,64.3,66.6,64.6,67.0,68.5,66.5,67.4,False,False,False,False
52.56,1,51.3,56.1,51.3,50.0,54.7,53.1,50.7,53.1,52.4,53.0,False,False,False,False
53.05,1,52.6,58.1,52.0,64.3,53.3,53.3,50.5,51.9,50.4,54.0,False,True,False,False
54.26,1,55.2,53.4,50.6,57.3,57.4,50.1,57.3,52.0,50.7,58.6,True,False,False,False
85.6,0,92.2,91.3,64.5,71.0,80.1,86.1,77.2,95.6,94.4,90.2,True,False,False,False
82.13,0,97.4,82.6,73.4,75.2,86.2,93.2,72.9,90.0,79.0,71.3,False,False,False,False
68.48,3,64.9,61.1,62.5,74.2,78.7,63.1,64.6,66.8,73.1,75.9,False,False,True,False
66.9,3,60.7,64.8,67.0,64.0,78.7,62.5,74.5,69.1,67.1,60.4,False,True,False,False
54.02,1,52.6,58.0,51.2,51.9,53.2,64.6,56.1,56.5,51.9,58.3,False,False,True,False
68.43,3,69.9,61.1,78.0,61.1,65.0,69.3,74.4,65.7,77.2,62.4,False,False,False,True
90.3,0,87.9,80.5,98.8,94.8,84.0,86.2,98.8,91.4,64.7,92.5,False,False,False,True
53.88,1,64.4,53.6,64.5,52.3,52.8,51.7,51.4,56.6,53.1,53.0,False,True,False,False
68.71,3,70.6,75.2,64.8,60.8,67.2,70.3,65.7,64.8,64.2,77.2,False,False,True,False
54.22,1,52.1,51.7,56.8,53.1,64.4,64.6,58.2,56.4,55.1,58.0,True,False,False,False
82.2,0,85.6,92.4,77.7,76.6,74.0,83.2,64.5,64.8,92.0,64.5,False,False,False,True
85.32,0,64.4,75.3,64.5,88.5,92.3,93.8,75.3,91.9,87.8,87.9,False,False,False,False
56.87,2,64.4,58.6,59.2,66.6,54.6,59.4,56.6,50.5,64.7,53.0,True,False,False,False
54.83,1,57.0,52.0,58.2,64.3,50.4,58.3,57.0,51.5,58.2,52.6,True,False,False,False
72.09,3,72.8,74.7,68.6,64.3,65.6,75.2,77.2,64.8,77.7,64.5,False,True,False,False
54.84,1,57.0,64.5,53.9,57.0,58.1,55.3,64.5,50.2,64.7,52.6,False,False,False,False
64.39,3,78.7,75.9,60.3,65.0,62.4,60.4,72.0,77.8,74.7,64.5,True,False,False,False
68.06,3,60.5,70.5,65.5,65.1,62.6,73.5,72.5,70.7,74.3,64.5,False,False,False,True
54.2,1,64.4,53.4,58.3,55.0,51.3,57.8,57.8,53.1,51.7,50.5,False,False,True,False
69.55,3,77.3,61.5,72.9,70.5,64.4,69.6,64.0,70.0,66.5,78.0,False,True,False,False
64.39,2,65.5,68.3,63.7,52.8,50.5,58.7,58.9,54.3,58.7,54.0,True,False,False,False
71.07,3,72.6,75.5,61.5,77.5,76.6,78.3,61.4,64.8,64.7,71.1,False,True,False,False
81.03,0,64.4,74.9,94.9,76.9,74.7,97.2,73.2,73.9,70.6,77.8,True,False,False,False
83.59,0,64.4,89.6,64.5,84.7,81.9,73.3,83.2,85.8,91.0,90.9,False,False,False,False
64.39,2,68.5,51.6,55.8,68.6,52.7,63.5,63.1,50.3,54.5,58.3,True,False,False,False
57.57,2,58.5,62.1,68.6,53.7,56.7,51.0,60.5,60.6,53.5,50.5,True,False,False,False
79.45,0,75.8,64.5,71.6,80.3,93.7,64.6,72.6,70.1,81.9,75.6,True,False,False,False
83.16,0,78.1,96.9,84.7,64.3,75.1,94.5,79.9,64.8,82.9,86.5,False,False,False,True
53.73,1,64.4,51.7,54.8,56.0,54.1,50.0,55.9,51.4,56.0,52.5,False,False,False,True
68.73,3,75.5,74.0,64.5,66.2,60.3,70.0,66.9,74.1,66.7,71.8,False,False,True,False
70.42,3,77.1,74.4,63.7,64.3,73.6,76.7,75.7,61.3,66.6,67.2,False,False,False,True
60.68,2,59.0,54.0,62.0,65.9,64.4,67.4,55.3,65.9,67.5,54.5,False,False,False,True
64.39,0,96.4,72.4,72.3,71.3,96.3,89.9,95.8,93.3,84.7,89.7,False,False,False,False
55.45,2,54.6,60.7,53.7,59.0,58.8,57.9,50.4,51.5,56.9,51.0,False,False,False,True
89.29,0,70.3,87.6,90.0,96.8,98.7,87.0,71.7,98.1,64.7,99.5,True,False,False,False
83.99,0,64.4,99.9,82.9,78.4,85.1,79.1,92.3,70.2,80.2,94.5,False,False,True,False
66.37,3,70.9,67.4,61.1,69.5,63.5,73.4,60.9,64.3,61.9,70.8,False,False,True,False
60.67,2,50.9,61.1,64.5,66.2,64.9,57.9,65.4,57.8,62.8,63.2,False,True,False,False
64.39,1,56.9,53.3,55.7,53.4,53.5,57.9,64.5,58.2,55.9,55.0,False,True,False,False
83.21,0,84.9,99.4,73.5,82.4,96.2,64.6,74.6,74.1,77.0,84.6,True,False,False,False
56.35,1,58.3,64.5,56.7,57.0,56.4,52.9,56.9,58.5,57.6,58.5,False,False,False,True
91.01,0,94.3,95.7,97.9,85.8,84.7,90.2,64.5,87.4,90.7,89.2,False,False,False,False
64.39,3,71.1,76.4,60.9,64.3,68.3,73.9,73.4,76.2,69.1,74.2,False,False,False,False
58.38,2,64.0,54.0,54.8,63.4,64.4,54.5,50.4,63.4,64.7,56.0,True,False,False,False
84.88,0,96.2,70.4,64.5,96.3,80.1,79.5,79.5,83.8,99.3,76.2,True,False,False,False
89.81,0,82.9,92.2,77.4,97.2,73.9,89.5,94.6,96.2,97.5,64.5,True,False,False,False
60.08,2,63.0,64.5,54.5,50.5,64.4,64.6,55.5,67.1,60.3,60.7,True,False,False,False
53.53,1,57.1,51.7,54.5,54.5,64.4,53.1,53.0,50.1,52.8,56.9,False,False,False,False
84.49,0,73.1,64.5,92.4,77.8,99.6,96.8,85.0,81.7,85.5,72.9,False,False,True,False
64.39,1,53.6,50.2,53.7,58.0,58.9,54.2,58.8,58.0,50.2,57.7,False,False,False,False
54.2,1,64.4,51.6,58.5,52.3,58.8,52.2,50.3,57.2,55.4,50.4,False,False,False,False
64.39,2,66.5,63.4,52.5,65.8,54.6,65.0,62.6,64.8,66.2,64.1,True,False,False,False
85.4,0,83.9,78.8,84.4,64.3,77.8,64.6,64.5,96.0,94.2,80.3,True,False,False,False
58.72,2,59.2,68.5,58.8,50.1,52.5,55.8,67.4,55.7,61.4,57.8,False,False,False,True
56.52,2,50.7,55.8,63.5,54.3,58.4,57.6,56.2,52.4,60.6,64.5,True,False,False,False
64.39,1,50.1,56.9,59.0,53.6,58.0,56.4,50.4,54.4,50.8,51.7,False,False,False,True
64.39,2,67.2,66.2,66.9,62.3,60.0,68.5,56.5,61.1,68.7,64.5,True,False,False,False
56.74,2,58.3,59.2,58.4,61.6,64.4,50.0,51.5,60.9,60.2,52.3,False,True,False,False
64.39,3,62.2,65.9,64.7,72.5,61.2,64.0,64.5,73.8,73.1,78.2,False,False,True,False
80.96,0,70.5,73.5,85.2,64.3,81.4,83.3,85.6,97.3,74.0,76.7,True,False,False,False
64.39,0,89.8,90.6,83.4,88.8,76.6,89.3,82.5,70.8,94.0,90.4,False,False,True,False
87.5,0,64.4,77.0,88.2,88.9,72.3,84.0,64.5,94.1,98.6,99.2,True,False,False,False
60.34,2,67.5,56.0,57.8,63.2,64.4,59.7,63.2,55.4,66.0,54.8,False,False,True,False
84.74,0,99.8,80.2,70.2,75.4,90.4,96.0,95.3,86.0,83.7,70.4,True,False,False,False
64.39,0,88.4,89.9,93.0,79.9,91.1,72.1,92.2,70.4,87.7,95.1,False,False,False,False
72.07,3,78.2,71.4,64.3,78.4,75.9,63.8,73.2,73.7,64.7,69.2,False,False,False,True
55.52,1,58.3,58.1,64.5,57.4,52.9,58.6,55.2,50.1,57.5,54.2,True,False,False,False
54.58,1,51.9,55.7,55.4,50.3,58.1,52.9,57.5,51.4,55.6,57.0,False,False,False,False
59.28,2,50.3,59.9,54.7,67.1,60.4,59.0,50.6,60.5,66.7,63.6,False,True,False,False
67.7,3,62.0,63.9,74.5,61.4,71.8,68.9,63.1,68.6,71.4,71.5,False,True,False,False
64.39,0,82.9,91.5,90.0,70.4,94.5,91.3,64.5,87.3,98.3,94.7,True,False,False,False
64.39,0,98.4,73.0,77.8,85.3,73.1,90.5,98.1,77.0,83.6,79.5,False,False,True,False
68.46,3,64.4,64.5,72.2,70.7,65.4,60.1,66.9,77.9,65.6,70.4,False,False,False,True
53.9,1,54.8,52.5,51.7,50.5,57.3,51.9,56.4,51.4,55.0,57.5,False,False,False,True
81.55,0,71.0,90.7,89.2,88.6,74.2,88.5,90.6,72.3,76.8,73.7,False,True,False,False
60.52,2,64.4,52.0,68.5,68.6,62.9,53.7,60.1,52.0,66.4,60.5,False,False,False,False
68.34,3,61.9,75.4,64.7,77.7,77.7,65.3,65.1,65.9,67.4,62.4,False,False,False,True
58.6,2,60.3,53.5,65.1,59.6,50.1,58.1,57.0,58.1,66.7,57.5,False,False,True,False
64.39,3,65.2,67.9,72.3,62.7,70.8,69.5,64.5,71.8,68.1,76.1,True,False,False,False
64.39,0,70.6,75.8,83.6,93.6,82.3,75.9,70.3,88.0,79.7,99.0,False,False,False,True
68.45,3,64.4,78.8,63.6,64.4,69.9,64.6,68.3,64.8,64.7,63.3,False,False,False,False
89.86,0,90.3,84.9,81.3,92.4,98.7,92.8,64.5,98.2,64.7,76.9,False,False,True,False
60.41,2,61.8,61.3,64.9,53.0,59.2,60.5,53.0,63.0,64.7,59.6,False,False,False,False
82.54,0,72.3,79.7,76.1,99.4,88.0,93.0,80.7,75.5,75.6,85.1,True,False,False,False
70.67,3,69.3,77.5,69.6,64.3,73.1,74.6,70.8,69.7,75.4,62.2,False,False,True,False
67.84,3,66.7,66.6,60.5,60.9,67.4,76.7,67.4,63.0,64.7,78.1,False,False,False,False
59.33,2,61.4,58.4,53.6,61.5,68.8,62.1,67.9,50.2,53.4,64.5,True,False,False,False
54.86,1,54.3,57.3,53.3,52.5,55.5,53.2,64.5,55.4,57.2,51.9,True,False,False,False
55.82,1,55.4,55.9,57.7,58.8,54.2,53.9,52.9,59.0,58.7,51.7,False,True,False,False
53.25,1,53.1,50.6,57.4,64.3,50.5,56.1,55.8,53.5,52.3,50.3,False,False,True,False
81.3,0,88.2,64.5,72.3,74.8,85.5,91.9,96.2,82.0,74.4,70.5,False,False,False,False
70.79,3,64.4,74.4,72.4,64.3,74.1,69.2,77.1,63.8,71.9,63.9,False,False,True,False
54.77,1,64.4,55.6,54.3,58.8,57.1,64.6,50.2,55.8,54.9,53.0,False,False,True,False
68.22,3,64.4,71.0,70.3,72.5,66.9,73.1,61.1,64.8,68.9,77.9,False,False,True,False
58.01,2,52.7,54.0,58.5,51.4,59.3,55.5,67.2,55.9,62.0,64.5,False,True,False,False
61.15,2,57.7,62.3,68.4,64.3,54.4,59.3,60.4,53.6,64.7,64.9,True,False,False,False
88.09,0,72.9,90.8,96.4,95.2,88.3,88.8,94.3,80.3,87.3,86.7,False,False,False,False
64.39,3,71.8,69.0,64.7,74.7,60.5,68.6,70.1,63.6,69.0,60.2,False,False,False,False
84.61,0,93.8,64.5,86.2,92.7,75.1,80.2,74.5,84.7,97.9,83.5,False,False,True,False
68.5,3,65.2,64.9,68.0,66.5,67.9,72.9,64.1,76.4,64.8,74.1,True,False,False,False
59.67,2,66.1,57.4,59.8,54.5,53.7,60.4,63.8,58.3,56.1,64.5,False,False,True,False
59.03,2,64.4,54.2,57.1,57.2,58.5,54.9,56.8,66.0,61.7,60.0,True,False,False,False
55.48,1,59.0,64.5,58.0,54.3,58.6,55.8,55.8,51.8,51.8,52.8,False,True,False,False
85.97,0,76.3,89.7,78.2,78.2,95.9,93.8,64.5,77.1,83.3,91.1,False,False,True,False
54.44,1,54.7,56.2,64.5,51.4,57.0,57.8,50.3,58.7,51.7,53.0,False,True,False,False
54.57,2,60.7,52.1,52.6,54.5,55.7,55.3,64.5,50.5,51.4,57.2,False,False,False,False
70.3,3,61.1,71.3,70.3,76.5,60.9,73.9,73.3,66.4,76.6,72.6,True,False,False,False
61.63,2,64.9,61.8,53.6,61.0,65.9,57.6,55.8,65.1,65.1,64.5,False,False,False,False
84.88,0,64.4,64.5,87.7,93.5,93.7,64.6,82.0,77.8,74.5,84.9,False,False,False,True
70.88,3,75.6,64.5,60.5,66.0,77.8,79.0,65.4,71.5,77.3,62.5,True,False,False,False
61.69,2,59.2,57.1,67.8,54.1,66.6,61.7,68.6,62.8,58.4,60.6,False,False,False,False
66.76,3,60.8,63.2,63.7,61.0,72.7,67.0,76.4,61.1,65.6,76.2,False,False,False,True
84.3,0,93.8,79.9,89.8,73.5,82.2,92.7,84.2,80.2,96.0,70.7,False,False,False,True
53.81,1,57.9,52.4,64.5,64.3,51.9,50.9,50.4,55.4,64.7,64.5,False,False,False,True
68.31,3,74.4,63.2,72.9,62.6,73.8,64.5,74.0,62.5,66.7,68.4,False,False,False,False
59.07,2,51.9,64.5,64.5,65.4,64.0,59.1,52.2,57.2,50.9,62.3,False,False,False,True
91.37,0,95.9,97.1,84.1,82.3,97.7,93.9,82.7,90.9,95.1,94.1,False,False,False,False
86.97,0,98.9,82.1,81.1,93.3,92.4,88.0,64.5,76.7,72.8,94.9,False,False,False,False
58.02,2,53.6,52.6,64.8,52.7,53.8,64.3,60.6,50.4,67.7,59.7,True,False,False,False
71.07,3,60.8,64.5,70.6,76.5,74.2,62.9,77.3,77.0,64.7,75.6,False,False,True,False
83.88,0,75.0,92.9,85.6,70.2,70.9,90.2,64.5,99.8,79.0,87.4,True,False,False,False
60.89,2,51.3,66.5,62.6,60.6,66.6,68.4,50.3,60.3,63.8,64.5,False,False,True,False
66.93,3,72.9,70.5,75.7,66.7,62.9,65.5,61.8,64.4,67.8,61.0,True,False,False,False
88.47,0,81.3,82.5,77.3,95.0,81.6,98.2,64.5,93.3,95.9,87.9,False,False,False,True
83.0,0,81.2,77.6,72.6,82.2,84.9,82.9,82.6,95.9,70.5,99.6,True,False,False,False
71.4,3,73.5,71.3,68.5,78.9,64.4,73.4,76.7,71.4,66.4,72.3,True,False,False,False
64.39,0,80.7,70.5,92.4,86.3,82.6,64.6,78.5,79.6,72.7,89.5,False,False,False,True
59.82,2,66.1,51.3,57.6,68.3,53.0,53.4,58.4,65.4,57.4,67.2,True,False,False,False
68.94,3,70.0,63.1,78.6,76.2,60.3,64.6,72.6,61.6,60.2,78.1,False,False,False,True
84.8,0,78.6,92.7,86.0,64.3,85.3,97.7,71.2,87.2,71.7,80.1,False,False,False,True
81.13,0,71.0,74.5,75.2,83.3,75.5,91.8,88.6,76.6,75.3,99.5,False,True,False,False
71.58,3,64.4,72.9,73.6,78.3,69.8,74.8,63.9,64.8,65.4,78.1,False,False,False,False
66.05,3,65.1,71.8,66.9,71.7,62.9,60.8,63.0,66.7,65.9,65.5,False,False,True,False
57.93,2,51.6,64.5,63.8,53.5,65.8,63.6,52.4,64.8,57.2,64.5,False,False,False,True
60.22,2,67.5,63.7,65.9,66.3,64.7,50.7,55.6,59.3,52.8,55.7,False,True,False,False
84.75,0,64.4,64.5,73.5,90.0,76.6,85.5,88.9,89.1,86.6,76.2,False,False,False,False
56.14,2,58.2,64.5,58.0,57.2,50.9,60.5,53.8,50.9,63.1,52.9,False,False,False,True
80.79,0,73.1,80.2,71.8,64.3,97.6,79.6,78.3,91.7,82.6,82.4,False,False,True,False
58.08,2,58.0,64.1,64.6,53.0,53.3,54.8,58.0,56.8,56.1,62.1,False,False,False,False
88.28,0,87.5,88.4,87.7,64.3,93.0,64.6,74.2,76.2,98.4,89.2,True,False,False,False
87.41,0,94.9,87.5,79.2,75.6,91.6,92.4,83.4,99.7,98.3,71.5,False,False,False,False
54.78,1,52.2,58.4,51.4,58.5,51.5,52.3,54.7,54.5,64.7,58.5,False,False,False,True
85.37,0,93.2,84.2,71.4,94.9,82.2,81.2,93.4,88.6,87.7,76.7,False,False,False,False
84.97,0,83.2,71.6,89.9,99.8,86.1,80.3,81.1,81.2,88.2,88.2,True,False,False,False
71.21,3,68.0,69.4,66.3,70.0,79.0,60.4,69.5,76.1,78.3,64.5,True,False,False,False
55.21,1,57.4,64.5,51.0,50.4,54.3,56.7,57.9,55.6,57.5,53.7,False,False,False,True
67.82,3,67.4,61.0,71.2,72.7,77.4,61.1,62.4,63.9,63.3,77.8,False,False,False,True
64.39,2,67.6,59.1,58.9,51.9,56.3,55.1,58.6,50.7,53.7,61.8,False,True,False,False
54.01,1,51.2,52.6,54.4,53.6,55.5,54.1,56.8,51.1,52.7,58.0,False,False,False,True
64.39,0,98.3,83.7,73.1,82.9,95.6,99.3,82.2,81.7,98.7,77.4,False,True,False,False
68.7,3,77.4,70.3,64.5,60.8,72.2,76.4,75.3,60.2,64.6,63.6,False,True,False,False
54.46,1,52.7,64.5,52.9,53.6,54.0,53.2,56.8,54.5,64.7,56.8,False,False,False,False
67.62,3,62.2,61.8,61.2,74.1,62.6,68.9,78.4,64.8,61.8,72.8,True,False,False,False
64.39,3,77.9,74.7,73.1,63.6,62.1,77.5,72.1,75.7,68.7,64.5,True,False,False,False
58.57,2,57.1,60.7,64.5,65.4,54.7,54.3,64.6,51.3,55.3,64.5,False,True,False,False
61.11,2,56.1,64.5,64.7,51.0,68.9,60.2,66.4,67.1,50.8,62.8,False,True,False,False
58.75,2,53.1,56.9,62.0,52.7,64.4,64.6,64.5,50.4,60.7,64.6,False,False,True,False
64.39,3,64.8,64.5,60.4,64.1,72.4,72.1,64.5,68.6,66.6,77.5,True,False,False,False
85.05,0,77.6,97.4,81.1,78.1,86.7,83.2,98.1,64.8,81.2,71.9,False,False,False,False
83.3,0,78.8,82.3,70.3,64.3,78.7,75.7,64.5,89.2,82.6,99.4,False,True,False,False
60.41,2,66.5,60.2,58.8,61.9,53.8,67.7,54.3,56.7,69.0,55.2,False,False,False,False
86.73,0,80.6,77.9,96.3,77.6,75.0,92.3,99.9,81.3,89.9,96.5,False,False,False,True
68.91,3,72.5,63.8,74.1,68.0,67.3,65.6,75.6,64.8,72.3,67.1,False,False,False,False
55.55,1,55.0,58.7,57.1,64.3,53.8,51.8,55.1,57.7,56.9,55.8,False,False,False,False
55.36,1,55.2,57.7,52.1,55.2,57.1,52.4,58.4,64.8,52.2,55.2,True,False,False,False
60.17,2,65.3,52.5,63.6,63.6,57.9,65.5,61.2,59.3,51.1,61.7,False,False,True,False
71.53,3,77.8,72.0,76.1,75.5,77.1,66.7,78.2,68.5,61.1,62.2,False,True,False,False
61.04,2,50.4,66.9,66.3,66.8,50.4,67.7,66.9,64.8,62.3,55.8,False,False,True,False
56.78,2,51.3,64.5,51.7,62.8,54.4,54.4,55.8,64.8,50.5,55.7,False,False,False,True
84.75,0,88.2,98.9,74.7,64.3,95.7,72.4,74.5,93.0,94.6,81.8,True,False,False,False
55.71,1,53.9,58.9,57.5,57.5,53.0,57.5,54.9,55.7,51.7,56.5,False,False,False,False
85.57,0,95.6,79.1,92.6,81.1,64.4,98.7,82.7,75.8,64.7,86.1,False,False,False,True
85.38,0,91.8,77.0,93.8,91.2,64.4,76.8,86.8,87.6,98.0,78.6,False,True,False,False
59.83,2,58.9,62.5,59.8,64.3,53.7,60.0,64.5,63.0,51.9,63.5,False,False,True,False
53.2,1,53.3,58.5,53.6,51.4,52.1,51.3,50.3,56.5,54.8,50.2,True,False,False,False
55.48,1,58.5,55.8,58.3,55.7,57.7,50.4,57.5,57.7,51.5,51.8,False,True,False,False
64.39,3,77.5,78.5,78.8,65.8,76.0,64.6,70.4,74.3,60.3,62.4,True,False,False,False
80.92,0,73.0,64.5,73.5,70.7,73.9,99.3,79.3,74.6,64.7,83.0,True,False,False,False
87.25,0,87.7,89.7,77.4,98.5,83.9,75.7,91.7,97.2,99.9,70.9,False,False,True,False
59.84,2,62.9,53.7,64.5,68.6,67.6,61.4,64.5,64.8,57.3,51.5,True,False,False,False
85.54,0,97.5,80.9,76.7,74.7,84.9,64.6,64.5,64.8,84.3,98.6,True,False,False,False
70.14,3,69.8,69.4,64.5,75.3,65.6,60.8,78.1,72.2,72.4,76.2,False,True,False,False
70.48,3,77.1,64.5,76.1,61.8,71.9,62.7,77.6,62.7,64.7,77.1,False,False,False,False
58.07,2,64.4,59.6,59.2,64.3,50.0,59.8,64.2,56.9,56.3,68.7,False,True,False,False
58.26,2,55.1,64.3,60.1,50.5,57.2,55.4,63.0,63.0,63.7,64.5,False,True,False,False
71.28,3,64.4,78.8,78.9,71.7,60.3,79.0,64.0,69.6,77.2,71.7,False,False,True,False
67.87,3,66.2,65.4,65.3,66.6,74.5,69.1,67.2,72.0,70.0,62.5,False,False,True,False
85.57,0,64.4,64.5,71.9,99.5,64.4,71.6,98.9,97.8,97.5,80.7,False,False,False,True
54.32,1,51.2,54.6,54.3,64.3,56.3,56.3,54.9,53.6,64.7,52.9,False,False,True,False
64.39,2,64.4,50.7,64.5,59.2,64.2,56.7,50.2,64.8,52.7,51.8,True,False,False,False
54.72,1,55.0,57.9,52.3,50.1,52.6,57.1,58.8,57.6,52.8,53.1,False,False,True,False
54.66,1,57.6,57.6,50.0,58.8,64.4,52.9,55.7,64.8,50.3,53.4,False,False,True,False
65.62,3,62.6,67.3,68.8,62.0,62.3,68.9,65.6,60.7,64.7,66.5,True,False,False,False
63.53,2,61.7,64.9,57.5,59.0,64.4,64.0,65.1,67.1,64.0,66.6,True,False,False,False
53.94,1,64.4,51.0,56.5,64.3,51.4,56.9,53.1,51.8,50.4,58.6,False,True,False,False
84.1,0,71.0,82.4,84.0,82.5,81.8,86.4,99.2,80.6,94.8,78.3,False,True,False,False
64.39,2,63.6,63.7,52.7,56.6,62.0,57.3,58.2,54.9,51.3,60.4,True,False,False,False
70.47,3,64.8,64.0,64.5,63.2,78.6,65.3,78.0,77.9,64.7,73.6,True,False,False,False
55.36,1,56.5,56.3,56.6,50.3,58.0,53.5,51.8,57.7,54.7,58.2,True,False,False,False
64.39,2,53.3,53.8,68.4,51.6,68.0,57.0,65.9,50.7,54.6,50.5,True,False,False,False
71.42,3,62.1,73.7,77.7,63.8,76.9,67.7,71.6,76.8,70.5,73.4,False,False,True,False
80.79,0,79.1,64.5,83.6,77.6,84.4,72.3,83.5,87.1,75.3,73.2,False,False,False,True
70.0,3,68.1,77.9,66.1,66.8,70.2,78.8,63.3,71.2,74.5,63.1,False,False,False,True
60.41,2,68.7,62.9,54.0,57.1,65.4,60.6,62.8,63.7,56.7,52.3,False,False,True,False
53.54,1,52.9,51.9,51.8,50.8,54.1,58.8,52.6,58.5,51.0,53.1,False,False,False,True
83.23,0,88.6,72.7,90.9,97.0,70.2,78.2,90.1,97.4,75.0,72.3,True,False,False,False
64.39,1,58.7,56.8,54.9,51.3,57.3,57.5,58.6,56.0,64.7,55.1,False,False,True,False
68.89,3,64.8,67.4,66.4,78.6,74.8,61.0,64.6,71.9,64.7,64.4,False,True,False,False
53.36,1,51.2,51.8,51.2,57.0,51.1,54.5,54.8,52.6,56.1,64.5,False,False,True,False
65.3,3,67.8,70.5,64.7,65.4,63.6,62.1,67.8,61.8,65.9,63.5,False,False,True,False
59.03,2,57.3,57.6,57.9,65.9,64.4,56.0,53.5,60.3,68.7,57.0,False,False,False,True
72.08,3,76.8,75.2,72.1,78.5,78.7,69.8,60.7,70.4,64.7,73.7,False,False,True,False
67.24,3,63.5,71.5,70.3,68.0,64.4,62.1,68.4,70.0,62.7,60.2,True,False,False,False
64.39,1,56.2,64.5,52.8,53.7,55.7,52.0,50.0,57.6,56.7,50.2,False,False,False,False
68.14,3,63.6,60.8,62.0,70.3,75.2,71.4,75.1,73.0,67.6,62.5,False,False,False,True
82.9,0,83.8,94.0,78.6,94.6,76.1,70.6,74.1,64.8,83.2,86.2,False,True,False,False
68.66,3,76.2,64.1,72.6,68.6,65.3,71.7,68.8,72.6,61.0,65.7,False,False,False,True
53.16,1,50.1,53.7,56.4,52.9,51.9,50.5,57.0,51.5,51.9,55.7,False,False,False,False
68.2,3,64.7,66.5,64.5,64.4,73.6,76.7,66.8,61.4,64.3,64.5,False,True,False,False
64.89,3,60.9,64.5,64.5,68.5,61.3,75.2,60.6,72.1,61.0,66.2,False,False,True,False
87.23,0,90.1,82.9,88.4,84.6,97.7,96.0,91.1,71.3,95.6,74.7,False,True,False,False
55.1,1,56.8,64.5,54.9,58.9,50.4,58.3,53.4,56.0,53.8,64.5,True,False,False,False
54.51,1,57.4,54.6,51.7,52.6,50.1,52.9,58.3,58.9,54.2,64.5,False,True,False,False
67.88,3,71.4,62.9,69.8,63.3,64.2,61.9,77.8,74.6,67.1,65.7,True,False,False,False
57.53,2,52.6,63.6,65.6,56.9,53.9,61.2,55.9,62.0,52.8,50.8,True,False,False,False
68.23,3,64.9,72.9,77.9,64.9,64.4,69.7,70.5,64.3,63.6,71.8,False,True,False,False
71.61,3,64.7,77.8,72.9,75.0,76.4,79.0,64.1,75.0,70.3,60.8,False,True,False,False
54.76,1,55.3,58.6,64.5,51.9,58.7,53.6,58.7,55.7,50.6,50.3,False,False,True,False
57.74,2,53.7,54.3,56.2,55.6,66.6,52.0,68.3,54.6,65.5,50.6,False,False,False,True
61.27,2,62.8,64.5,64.5,62.7,60.6,55.6,52.3,64.4,66.7,64.5,True,False,False,False
64.39,1,50.7,56.9,58.1,53.6,51.7,55.9,54.2,54.9,64.7,56.2,False,False,False,True
83.71,0,88.5,87.0,78.3,82.7,93.3,78.2,93.1,76.3,86.0,64.5,False,False,False,False
68.69,3,75.4,67.5,65.5,68.6,60.5,60.9,63.2,76.1,75.0,74.1,True,False,False,False
56.25,2,62.6,53.0,55.8,59.4,50.3,55.0,57.3,57.9,56.6,54.6,False,False,False,True
54.08,1,57.4,50.0,52.8,54.0,55.6,57.1,54.2,52.1,51.5,56.1,False,False,False,False
58.16,2,57.4,64.0,51.9,55.5,64.9,66.7,53.3,50.1,61.8,56.1,False,True,False,False
68.51,3,71.1,64.1,67.7,77.5,64.4,70.2,60.5,75.4,71.4,66.2,False,False,False,True
68.67,3,60.3,64.1,68.8,70.5,63.9,64.6,75.0,73.3,64.7,71.3,False,False,False,True
58.34,2,54.7,51.5,64.5,58.5,56.2,63.4,64.5,64.8,64.7,52.6,False,True,False,False
64.39,1,57.7,56.9,51.6,58.5,56.2,51.0,50.1,51.9,56.3,54.2,False,False,False,False
61.63,2,59.7,67.9,68.3,63.5,53.9,51.7,62.5,65.7,63.0,64.5,True,False,False,False
85.19,0,70.4,86.3,70.2,93.9,92.2,91.5,84.5,64.8,90.1,84.1,False,False,True,False
67.6,3,61.2,62.9,78.5,72.7,68.1,60.7,68.2,63.0,69.5,71.0,False,False,True,False
71.11,3,69.5,68.8,64.5,70.0,74.2,78.0,64.2,78.8,70.0,60.1,False,False,False,True
54.66,2,52.1,59.2,53.2,59.9,58.3,64.6,52.1,51.7,54.5,51.1,False,False,False,True
55.3,1,64.4,64.5,52.9,64.3,52.8,56.0,58.0,54.2,52.5,56.9,False,False,False,True
86.8,0,90.2,86.0,96.2,88.4,64.4,80.2,71.8,64.8,86.6,77.3,False,True,False,False
64.39,1,51.9,64.5,57.6,64.3,56.3,57.0,54.2,51.2,57.0,51.5,False,False,False,False
53.63,1,50.8,52.2,56.1,56.9,50.5,57.1,51.5,53.6,53.4,54.2,True,False,False,False
60.3,2,64.9,68.6,56.4,50.2,63.1,56.5,62.4,58.2,59.0,63.7,False,False,False,False
64.39,2,63.7,58.6,58.1,61.2,62.9,64.6,64.3,61.5,64.7,53.8,False,False,True,False
84.47,0,64.4,73.1,86.3,64.3,93.9,72.3,75.6,95.4,82.2,88.1,True,False,False,False
83.01,0,95.2,64.5,79.9,96.1,70.2,99.9,70.0,90.7,76.3,64.5,False,False,True,False
54.84,1,51.1,56.0,55.9,53.3,53.0,51.4,57.6,55.8,59.0,55.3,False,False,True,False
72.41,3,77.0,64.5,61.5,73.7,67.1,78.0,75.8,67.8,74.0,77.2,False,True,False,False
88.37,0,94.6,87.5,64.5,99.0,70.5,99.4,74.7,96.3,91.1,93.4,False,True,False,False
66.76,3,76.1,68.0,60.9,73.8,61.5,60.3,70.3,64.7,67.2,64.7,False,False,False,True
54.93,1,56.5,55.9,57.4,54.5,64.4,56.1,51.0,54.9,51.8,57.8,True,False,False,False
68.39,3,74.2,68.9,68.8,70.1,70.0,70.3,63.4,67.0,68.7,62.4,False,False,True,False
64.39,0,82.2,74.4,73.1,70.2,92.5,89.7,76.1,89.7,72.9,64.5,False,True,False,False
55.08,1,55.6,54.4,56.0,58.2,54.3,64.6,55.1,55.5,51.0,56.9,True,False,False,False
64.39,2,66.7,53.3,55.0,67.5,66.4,64.6,53.9,63.8,64.7,64.5,False,True,False,False
68.2,3,73.3,61.8,65.6,66.7,63.3,73.4,75.0,69.8,71.1,64.5,False,False,False,True
68.88,3,78.5,75.9,61.8,71.0,75.2,64.6,60.7,73.6,65.3,62.1,False,False,False,False
68.96,3,62.5,69.1,63.2,78.9,61.8,76.2,63.6,64.5,77.7,72.0,False,True,False,False
70.88,3,73.2,64.5,64.5,75.3,77.5,71.2,60.8,68.7,75.3,68.2,False,True,False,False
68.96,3,72.7,62.5,68.2,64.0,69.6,60.9,65.0,75.3,78.1,73.3,False,False,True,False
70.74,3,73.5,62.2,60.6,70.0,60.5,78.0,78.3,78.4,76.4,69.5,False,False,False,True
70.28,3,64.4,73.4,71.6,68.2,72.9,63.7,63.2,74.1,73.9,64.5,True,False,False,False
53.99,1,52.2,52.7,50.1,53.5,53.6,55.1,53.7,57.6,54.9,56.4,False,True,False,False
86.31,0,87.0,73.6,94.9,88.4,78.1,99.4,94.4,81.8,93.7,71.8,True,False,False,False
81.38,0,92.4,80.6,77.3,73.4,72.0,89.7,88.8,83.1,85.7,71.0,True,False,False,False
56.0,1,64.4,57.0,51.3,56.9,57.1,58.5,56.7,56.5,54.8,56.6,False,False,True,False
70.82,3,72.8,73.0,69.9,76.6,71.2,75.9,63.2,66.2,67.3,72.0,False,True,False,False
85.35,0,95.4,77.9,81.2,98.1,70.3,98.8,79.4,95.2,77.2,80.0,True,False,False,False
83.85,0,81.5,82.4,95.7,71.0,64.4,94.4,80.9,64.8,90.3,86.0,False,False,False,False
69.01,3,75.1,65.3,68.3,69.1,64.4,69.5,68.1,72.4,62.3,68.4,False,True,False,False
71.42,3,66.8,72.7,78.6,67.9,75.7,70.1,77.1,64.8,74.3,62.8,False,True,False,False
64.39,0,71.4,72.3,95.7,84.5,64.4,92.8,75.8,81.4,64.7,85.1,False,False,True,False
89.62,0,97.2,92.4,64.5,99.7,100.0,74.9,97.2,82.5,81.5,90.5,False,True,False,False
68.45,3,77.4,72.8,62.7,63.3,66.3,62.1,77.5,67.3,65.5,69.7,True,False,False,False
53.73,1,56.1,52.6,58.5,50.3,53.8,51.4,51.1,57.5,51.6,54.5,False,False,False,True
64.39,0,75.2,95.5,72.4,73.5,82.3,87.7,64.5,80.6,81.3,95.6,True,False,False,False
54.81,1,53.9,55.1,54.0,57.5,50.7,58.7,54.0,52.8,64.7,55.5,False,True,False,False
69.12,3,64.4,61.5,60.6,60.2,76.3,76.1,71.7,64.8,66.0,73.0,False,False,False,False
60.46,2,67.5,64.5,64.5,55.3,66.3,60.0,53.6,60.1,62.8,68.4,True,False,False,False
59.9,2,62.0,59.4,56.5,58.5,64.8,64.6,54.1,68.4,63.2,60.8,False,False,True,False
89.19,0,96.0,93.1,95.1,95.7,82.7,90.2,64.5,91.5,88.7,81.3,False,False,False,False
70.32,3,64.4,77.3,77.7,63.6,72.1,64.4,64.4,71.0,71.6,77.2,False,True,False,False
90.09,0,77.5,64.5,100.0,87.8,99.3,83.8,96.2,64.8,94.7,71.5,False,False,False,False
64.39,0,96.1,73.9,88.9,89.7,94.7,77.5,76.3,78.0,98.3,83.6,True,False,False,False
53.77,1,56.4,53.0,54.6,50.7,53.6,55.6,53.1,53.9,51.5,64.5,False,False,True,False
86.04,0,97.8,83.1,64.5,73.7,92.1,95.0,71.5,89.3,88.5,91.5,True,False,False,False
84.95,0,83.1,84.0,70.4,99.2,64.4,85.7,84.1,78.9,96.4,75.9,False,False,False,True
69.19,3,63.5,72.1,61.2,67.8,76.6,72.8,76.1,69.0,65.9,67.0,False,False,False,True
54.56,1,64.4,52.4,57.0,64.3,53.9,51.5,50.0,54.6,59.0,50.8,False,False,False,True
64.39,0,64.4,74.7,95.2,97.4,89.0,93.5,72.4,76.5,74.2,93.9,True,False,False,False
64.39,2,59.4,62.7,64.6,69.0,58.6,66.8,63.0,53.1,59.9,66.2,False,False,True,False
72.43,3,70.9,72.3,74.7,64.3,72.3,78.2,78.2,64.8,70.7,70.2,True,False,False,False
63.23,2,67.4,67.4,64.5,55.9,68.9,66.7,53.2,68.0,65.4,66.0,False,True,False,False
87.18,0,64.4,92.7,88.4,89.7,91.5,74.5,77.6,98.5,93.0,89.0,False,True,False,False
84.09,0,85.9,64.5,99.9,77.6,77.1,83.3,74.9,99.4,78.1,70.8,False,True,False,False
63.05,2,51.5,67.5,65.9,67.7,60.5,64.6,64.5,68.5,59.2,64.5,False,True,False,False
69.12,3,71.9,67.8,70.5,63.7,74.2,63.7,62.3,69.2,70.0,77.9,False,False,False,False
60.05,2,64.4,63.9,53.7,61.9,64.4,67.0,52.9,60.8,54.8,67.7,False,False,False,False
55.25,1,54.2,64.5,50.6,64.3,56.8,64.6,58.6,58.4,53.3,54.8,False,True,False,False
80.43,0,91.0,77.4,90.4,70.2,80.9,71.6,88.9,79.3,79.7,75.0,False,False,False,True
52.95,1,51.0,64.5,55.2,51.2,51.8,51.7,58.0,55.5,52.4,50.3,False,True,False,False
64.39,1,50.3,57.6,56.7,56.4,56.6,54.8,56.6,64.8,55.4,57.7,True,False,False,False
54.13,1,54.8,64.5,54.7,52.8,51.7,55.3,51.1,52.8,52.5,56.8,False,False,False,True
53.48,1,53.7,57.9,51.3,51.8,53.3,52.9,50.2,58.5,54.7,50.6,False,True,False,False
70.17,3,68.1,76.1,69.4,71.7,77.4,74.1,63.3,67.0,73.9,60.7,False,False,False,True
64.39,0,89.0,77.2,92.7,71.5,98.4,79.1,95.8,80.5,99.8,64.5,False,False,False,False
64.39,2,53.7,68.3,51.0,52.4,54.6,57.4,62.9,57.5,64.7,64.5,False,True,False,False
54.25,1,57.3,50.7,50.9,53.5,56.8,54.7,58.1,53.7,56.5,50.4,True,False,False,False
54.66,1,53.3,55.1,57.8,51.3,57.1,53.8,64.5,56.7,53.4,52.9,True,False,False,False
86.82,0,82.2,74.7,90.7,97.8,85.8,94.5,77.3,64.8,82.5,97.5,False,False,True,False
80.95,0,90.6,97.2,73.5,73.9,74.5,78.5,77.6,71.7,73.4,98.5,False,False,False,False
54.38,1,51.3,64.5,58.0,51.0,58.5,52.9,56.0,56.5,52.0,55.4,True,False,False,False
67.88,3,68.9,65.6,72.5,60.9,70.5,60.5,67.3,64.8,71.9,69.9,False,False,True,False
54.19,1,55.4,50.1,53.3,56.8,55.5,52.5,58.1,51.4,64.7,64.5,True,False,False,False
64.39,2,52.6,50.7,53.4,57.5,59.1,68.1,50.4,59.2,67.1,65.3,False,False,False,False
68.86,3,60.6,64.5,70.7,68.8,73.6,60.3,75.7,72.9,70.5,70.7,False,False,False,True
66.02,3,65.2,68.3,71.5,69.0,65.9,61.8,61.2,62.6,72.4,64.5,False,False,False,True
59.03,2,59.3,63.4,55.5,65.8,53.7,61.6,65.0,55.7,51.6,58.7,False,False,True,False
55.04,1,53.7,50.5,57.3,64.3,52.1,57.1,57.5,64.8,57.9,54.8,False,True,False,False
67.66,3,61.3,64.5,64.5,73.2,77.1,68.7,67.2,67.8,65.3,63.8,False,False,False,False
71.31,3,70.4,71.3,66.0,68.8,64.4,65.9,60.0,78.5,77.2,76.5,True,False,False,False
54.48,1,54.3,53.5,57.9,53.4,52.7,54.3,56.2,52.9,57.3,52.2,True,False,False,False
53.96,1,50.2,64.5,57.1,51.9,50.6,51.3,52.6,57.2,53.9,57.1,True,False,False,False
54.27,1,52.1,51.6,55.1,55.1,50.9,57.6,58.6,56.4,51.5,53.7,False,False,False,False
69.47,3,71.4,73.1,70.4,60.5,67.6,78.3,75.3,60.2,72.3,65.7,False,True,False,False
82.96,0,71.0,74.8,80.1,79.9,92.5,77.8,82.0,91.0,92.5,88.0,True,False,False,False
64.39,2,62.5,64.6,58.5,56.6,67.1,64.6,59.9,65.7,53.6,65.5,False,False,False,True
83.75,0,73.5,85.4,98.9,83.8,84.1,78.2,95.2,81.7,64.7,74.6,False,False,False,True
54.34,1,51.2,54.1,51.4,54.5,55.5,51.4,55.2,56.5,57.1,64.5,False,False,False,False
70.17,3,68.8,77.5,60.1,72.2,70.8,72.9,69.9,64.5,74.4,70.6,True,False,False,False
59.1,2,56.9,55.1,53.7,64.3,51.2,68.2,66.5,53.6,65.4,64.5,True,False,False,False
60.75,2,60.1,64.5,64.5,64.3,50.7,61.5,53.7,67.4,61.0,66.9,False,False,False,False
54.38,1,64.4,50.2,56.9,55.2,58.1,56.3,56.9,54.8,64.7,50.2,False,True,False,False
68.23,3,78.3,68.1,71.8,61.1,64.4,63.3,66.3,66.9,68.7,68.4,True,False,False,False
80.92,0,71.7,64.5,83.7,92.2,78.8,89.5,85.8,75.9,77.4,80.7,False,True,False,False
85.57,0,92.3,83.4,71.7,92.6,84.7,83.9,96.0,91.4,88.8,70.8,False,False,False,True
82.44,0,64.4,84.3,78.3,73.8,74.5,86.2,84.9,88.8,99.2,80.9,False,False,True,False
57.54,2,65.7,54.1,50.9,53.2,65.0,50.3,53.4,61.3,54.1,64.5,False,False,False,True
71.2,3,64.4,75.4,64.3,60.2,64.4,72.3,76.4,78.7,77.5,60.4,False,False,True,False
54.44,1,52.6,57.0,55.9,52.6,57.2,64.6,51.1,57.1,51.4,64.5,False,False,False,True
85.3,0,84.6,81.1,99.4,89.0,76.6,83.0,89.1,64.8,70.8,88.4,True,False,False,False
54.07,1,55.0,56.2,57.4,50.2,53.0,51.3,53.2,53.3,53.3,57.8,False,False,True,False
58.44,2,53.2,68.5,60.1,55.2,53.3,57.5,61.2,64.0,64.7,60.1,True,False,False,False
69.7,3,61.7,68.6,66.4,75.6,72.1,72.9,78.5,75.0,63.0,63.2,True,False,False,False
68.24,3,75.6,78.6,68.1,64.5,69.6,62.9,61.0,76.1,64.7,64.5,False,True,False,False
79.31,0,86.3,74.6,74.4,81.2,78.3,64.6,80.0,93.8,72.2,72.9,True,False,False,False
59.8,2,54.2,57.5,68.7,62.5,63.2,52.2,62.6,64.8,64.7,66.0,False,False,False,True
59.74,2,62.9,67.1,61.8,58.5,51.8,68.3,62.8,51.5,59.6,53.1,False,False,False,True
60.3,2,64.4,68.3,66.6,61.8,59.6,50.6,54.9,54.5,59.6,62.7,False,True,False,False
54.78,1,53.3,51.7,52.4,58.7,64.4,53.6,58.1,64.8,54.6,55.2,False,False,True,False
60.64,2,60.3,64.0,54.1,68.0,68.1,63.6,58.1,50.4,56.6,63.3,False,False,True,False
82.66,0,89.6,71.6,79.3,64.3,92.1,96.5,89.7,64.8,79.5,76.1,False,False,False,True
57.63,2,54.9,51.1,54.6,64.3,62.1,55.7,60.8,55.6,54.8,59.3,False,False,False,True
58.99,2,64.4,64.5,64.5,55.1,67.2,64.2,53.2,65.3,60.4,53.5,False,True,False,False
54.52,1,55.9,51.5,64.5,64.3,57.4,57.7,64.5,54.7,55.3,50.9,False,False,False,True
83.76,0,98.2,95.3,91.8,75.9,84.4,71.0,73.6,80.5,64.7,76.8,False,True,False,False
68.26,3,63.7,74.0,68.3,66.8,68.2,62.5,64.5,64.7,78.0,73.6,False,False,True,False
62.34,2,52.3,66.0,64.0,66.6,68.8,66.2,66.7,64.9,56.2,51.7,False,False,False,True
69.5,3,60.1,62.7,71.6,76.8,68.5,65.7,73.6,75.7,76.7,63.4,False,True,False,False
78.59,0,76.5,70.4,85.2,64.3,73.1,72.2,81.9,75.1,70.3,87.2,True,False,False,False
73.46,3,71.2,64.5,77.6,78.6,72.0,73.9,69.1,72.8,70.8,70.7,False,False,False,False
58.55,2,68.8,64.5,62.8,51.5,56.9,54.7,64.1,57.9,52.2,54.5,True,False,False,False
81.08,0,90.9,74.0,83.5,75.7,73.0,74.5,77.8,87.5,82.7,64.5,True,False,False,False
58.73,2,63.4,64.3,50.6,57.8,62.4,54.6,60.7,50.2,63.3,59.9,False,True,False,False
53.95,1,50.1,58.9,64.5,52.1,56.8,54.9,51.2,64.8,51.4,56.4,False,False,True,False
64.39,1,64.4,54.4,55.5,55.0,53.9,50.4,50.4,58.0,53.8,52.2,False,False,False,False
59.49,2,52.6,66.5,61.5,59.7,63.0,61.2,57.8,61.9,51.7,59.1,False,False,False,False
64.39,0,98.8,96.1,83.6,92.0,95.7,75.0,80.7,78.3,81.4,73.3,False,False,False,True
53.92,1,50.1,56.5,50.4,64.3,57.2,51.6,51.8,57.7,52.8,57.9,True,False,False,False
85.08,0,91.6,78.9,64.5,85.9,88.3,64.6,71.1,79.0,77.5,98.7,False,True,False,False
61.13,2,56.5,64.9,52.0,67.9,58.6,67.5,63.1,68.6,64.7,51.8,False,False,True,False
54.34,1,58.6,50.2,55.9,50.8,52.6,55.1,55.0,54.7,53.9,56.6,True,False,False,False
88.03,0,83.4,98.1,91.2,95.8,92.7,91.8,71.6,82.0,77.8,95.8,True,False,False,False
64.39,1,50.0,56.9,50.4,57.6,53.2,50.5,51.7,51.0,54.0,53.4,True,False,False,False
58.82,2,52.1,51.1,57.3,64.3,66.8,52.3,66.5,58.3,62.6,60.4,False,True,False,False
89.49,0,96.5,88.0,64.5,82.9,84.3,95.2,80.2,88.0,98.2,92.5,True,False,False,False
68.11,3,62.8,69.6,63.6,61.5,64.4,70.9,72.7,64.8,76.1,78.0,False,False,False,False
82.53,0,64.4,86.2,84.4,70.2,81.6,93.1,64.5,90.6,79.4,73.9,True,False,False,False
54.85,1,64.4,56.6,55.3,55.8,51.9,50.4,57.0,55.5,52.7,56.7,False,False,False,True
67.52,3,67.8,60.6,77.1,62.0,71.9,63.8,71.1,67.0,64.7,70.5,False,False,True,False
87.59,0,93.5,81.4,89.6,95.6,93.8,96.3,72.7,82.5,99.2,71.3,False,False,False,False
70.17,3,64.4,64.9,72.4,63.7,69.0,77.5,72.6,68.1,70.6,78.6,False,False,True,False
53.78,1,50.9,64.5,52.3,55.0,55.5,53.4,53.6,52.9,58.1,50.5,False,False,False,False
56.53,1,58.5,57.8,57.4,58.5,56.4,59.0,54.0,54.6,57.8,64.5,True,False,False,False
69.4,3,66.3,77.0,67.5,61.0,61.0,78.2,67.8,75.1,62.8,77.3,False,False,False,False
60.33,2,67.5,53.3,55.3,56.6,68.4,67.2,57.7,55.5,67.9,53.9,True,False,False,False
54.41,1,52.8,52.9,54.7,58.6,57.7,57.7,53.0,50.2,50.4,56.1,False,True,False,False
80.11,0,74.9,70.6,85.9,72.1,93.8,92.4,74.7,85.6,75.7,75.3,False,False,False,False
54.42,1,53.4,59.0,51.6,53.1,56.5,56.1,52.3,53.1,54.7,54.3,False,False,True,False
70.87,3,72.2,67.7,66.8,76.3,70.0,64.6,78.2,64.8,73.3,68.0,True,False,False,False
64.39,0,77.0,73.3,91.0,96.9,80.4,82.0,64.5,71.1,92.2,97.2,False,False,True,False
87.02,0,64.4,95.6,99.4,81.5,96.6,64.6,64.5,86.5,64.7,98.2,False,True,False,False
86.74,0,64.4,92.8,89.6,84.0,97.0,85.6,82.6,70.8,95.3,89.0,True,False,False,False
60.05,2,65.5,59.2,61.9,66.3,64.3,57.4,59.1,52.8,55.2,58.9,True,False,False,False
68.77,3,73.7,64.5,60.1,64.3,70.1,77.2,66.3,68.3,64.7,61.3,False,True,False,False
71.13,3,66.2,77.1,64.5,61.1,78.2,73.1,66.0,64.8,64.7,75.4,True,False,False,False
55.38,1,58.5,57.9,54.4,57.0,58.9,55.6,53.4,54.2,52.6,51.3,True,False,False,False
68.84,3,62.0,65.1,70.6,76.1,71.5,67.2,67.4,66.7,75.3,66.4,False,False,True,False
70.38,3,65.0,69.4,68.0,76.3,72.0,60.3,74.9,72.0,68.6,77.4,False,False,True,False
60.16,2,68.6,66.3,56.7,64.3,55.6,57.1,60.9,64.8,56.1,57.0,False,False,False,True
54.38,1,58.8,55.3,52.3,51.7,56.7,51.2,54.8,51.2,57.1,54.5,False,True,False,False
53.38,1,52.4,52.3,58.0,53.3,52.6,50.1,64.5,64.8,50.9,57.6,False,False,False,True
53.93,1,56.2,51.3,50.6,53.3,64.4,53.6,64.5,52.2,58.0,55.3,True,False,False,False
60.78,2,63.5,64.5,68.4,61.9,64.4,50.1,64.5,66.4,64.7,62.3,False,True,False,False
58.37,2,53.8,64.7,50.3,62.8,53.2,66.2,60.3,58.1,63.9,50.5,False,False,False,True
55.54,1,58.0,55.6,57.3,54.0,57.8,53.8,56.0,56.2,54.3,52.5,True,False,False,False
67.95,3,65.5,66.1,64.5,69.7,69.9,64.6,70.5,69.5,60.2,69.7,False,False,False,False
78.93,0,77.1,64.5,71.5,74.0,86.7,91.3,71.2,75.1,95.9,75.3,True,False,False,False
72.24,3,64.4,73.4,73.8,78.9,78.9,66.8,64.5,67.6,77.0,69.3,False,False,False,False
59.04,2,50.9,61.9,67.3,62.9,53.1,57.2,61.8,67.5,55.2,52.6,False,True,False,False
90.32,0,90.4,64.5,64.5,93.1,90.8,92.6,88.4,98.1,64.7,94.3,True,False,False,False
58.14,2,57.7,59.7,65.4,57.0,50.5,65.2,54.4,51.9,67.7,51.9,True,False,False,False
81.98,0,73.1,93.9,70.2,73.4,64.4,88.2,85.1,99.7,87.9,64.5,False,False,True,False
64.39,3,74.8,69.8,76.6,63.7,64.4,70.4,71.2,65.3,67.4,64.5,True,False,False,False
60.36,2,61.7,56.3,61.9,62.9,66.3,55.1,58.5,62.6,56.6,61.8,False,False,True,False
54.02,1,55.8,56.2,54.6,51.4,51.3,50.4,58.4,51.2,64.7,57.0,False,False,False,False
64.39,1,54.3,51.1,58.8,58.5,57.6,52.6,51.4,52.8,54.3,51.5,True,False,False,False
70.36,3,74.8,73.2,64.6,73.6,68.2,64.6,66.1,75.4,77.7,67.9,False,True,False,False
64.39,3,75.7,77.7,77.7,62.7,61.3,75.3,61.3,61.6,74.4,60.7,False,False,False,False
64.39,2,56.5,54.8,61.3,53.8,59.8,64.5,64.5,61.3,58.2,64.8,True,False,False,False
55.07,1,64.4,55.8,52.3,56.1,52.9,54.1,56.1,57.3,57.4,50.7,False,False,False,True
64.39,0,88.4,98.5,88.2,95.3,85.3,85.4,84.2,93.2,64.7,78.8,False,False,False,False
56.43,2,52.5,54.3,52.6,63.9,64.4,51.5,51.6,61.9,64.7,50.2,False,False,False,True
84.39,0,92.3,75.3,88.9,91.3,64.4,92.1,86.2,87.3,72.5,80.4,True,False,False,False
85.77,0,79.0,74.8,82.3,92.5,91.5,64.6,82.6,93.7,71.4,94.4,False,False,False,True
68.52,3,67.7,78.5,64.5,60.4,64.4,76.3,60.4,77.6,68.4,67.3,False,False,False,True
70.25,3,78.7,60.8,76.0,64.3,70.9,65.9,71.0,64.8,70.6,65.8,False,False,False,False
54.25,1,52.1,54.4,55.7,52.7,57.8,52.4,57.1,53.7,64.7,51.8,False,True,False,False
58.79,2,63.7,57.3,65.5,63.1,54.2,54.0,56.1,52.9,63.2,64.5,False,False,False,False
67.57,3,65.7,72.5,74.8,60.9,64.4,67.6,65.9,64.8,63.8,75.4,False,True,False,False
86.49,0,89.7,78.4,87.2,96.8,64.4,87.1,88.2,74.4,98.5,71.8,False,True,False,False
66.42,3,64.4,61.0,62.8,63.7,60.4,61.4,72.5,71.6,64.7,67.0,False,True,False,False
85.94,0,89.8,87.7,70.2,86.3,85.5,87.9,86.2,97.2,94.1,74.7,False,False,False,False
85.9,0,95.3,71.1,73.6,64.3,75.2,91.9,99.6,81.9,80.8,97.0,False,True,False,False
64.39,0,97.1,70.8,86.2,96.9,78.8,64.6,71.3,87.9,64.7,85.3,False,False,True,False
83.79,0,83.6,80.4,74.6,72.3,95.8,75.0,88.4,95.1,90.4,82.3,False,False,False,True
69.86,3,63.2,70.1,78.2,78.0,68.8,74.5,61.1,72.5,68.0,64.2,True,False,False,False
87.45,0,87.1,79.5,92.1,75.1,93.6,92.2,95.5,93.4,75.5,90.4,False,False,False,True
70.27,3,72.8,67.3,71.9,64.3,69.2,67.6,72.5,76.2,67.2,61.8,True,False,False,False
53.79,1,50.1,53.8,51.2,50.3,54.8,64.6,58.9,50.9,58.1,64.5,False,False,False,True
64.39,0,72.8,93.8,80.8,84.0,82.4,77.6,99.6,76.4,77.3,97.2,False,False,False,True
70.87,3,69.6,76.9,68.3,75.2,77.5,68.5,64.5,63.4,64.7,66.9,True,False,False,False
86.74,0,98.5,91.5,64.5,74.0,93.4,80.1,82.5,95.3,64.7,87.8,True,False,False,False
64.39,2,51.4,63.1,64.5,54.3,60.9,64.6,67.3,67.3,64.7,56.9,False,True,False,False
59.94,2,54.7,64.5,62.0,61.9,50.3,67.5,61.4,60.3,52.9,64.7,False,True,False,False
86.1,0,76.3,78.6,90.7,83.3,99.5,82.8,64.5,78.7,97.0,64.5,False,False,False,False
57.88,2,59.8,56.9,61.2,64.3,52.9,59.8,54.5,64.8,68.5,58.5,False,False,False,False
87.68,0,75.9,99.6,64.5,74.6,92.7,98.5,97.5,70.7,64.7,92.0,False,False,False,True
87.73,0,64.4,89.8,99.0,91.7,97.3,71.5,83.9,96.3,81.5,95.9,True,False,False,False
84.57,0,64.4,81.6,84.7,72.8,64.4,64.6,80.9,91.3,91.1,79.5,True,False,False,False
84.22,0,74.4,76.4,84.6,98.6,93.5,80.1,73.1,91.9,81.0,64.5,False,True,False,False
54.72,1,53.2,58.8,51.5,54.7,51.7,56.7,53.2,51.1,58.5,57.7,False,False,False,False
53.44,1,51.7,51.4,52.6,52.4,52.9,54.5,53.9,58.8,54.7,51.5,False,False,False,True
83.76,0,90.3,84.8,77.1,96.7,78.9,96.6,81.0,64.8,81.1,74.9,False,False,False,False
72.18,3,72.9,70.0,73.6,71.7,64.4,74.6,60.3,78.9,66.3,78.9,False,False,False,True
64.39,0,73.7,99.8,99.7,74.6,86.7,85.8,86.6,94.2,71.3,85.0,True,False,False,False
52.82,1,64.4,54.7,53.5,52.8,53.8,64.6,51.0,55.4,52.0,52.4,True,False,False,False
58.33,2,52.1,57.4,65.9,66.3,64.6,50.5,50.2,53.8,68.7,53.7,False,False,True,False
54.19,1,50.0,54.1,52.7,50.7,56.6,55.6,53.5,58.4,64.7,52.5,True,False,False,False
57.68,2,56.1,64.2,55.4,51.4,56.7,52.7,64.5,66.1,57.5,55.3,False,False,False,True
82.7,0,81.2,76.6,70.6,92.6,88.0,88.0,86.3,83.0,80.8,80.0,False,False,False,False
53.5,1,58.6,54.4,64.5,51.4,64.4,54.3,50.2,56.0,64.7,51.1,False,False,True,False
58.87,2,59.3,51.4,64.5,63.2,68.4,52.5,66.1,53.8,57.9,63.0,True,False,False,False
85.68,0,85.3,91.8,91.2,96.0,87.4,96.5,74.5,83.9,72.6,77.4,False,True,False,False
60.49,2,68.7,58.7,66.9,51.6,56.2,52.1,65.9,64.9,55.5,64.6,False,False,False,False
68.41,3,64.4,63.0,70.1,66.9,66.8,74.1,63.1,70.0,67.6,78.1,False,False,False,True
60.61,2,56.9,61.0,60.3,65.4,61.9,52.3,60.5,57.3,62.7,67.8,False,False,False,False
86.76,0,71.7,70.7,99.0,95.5,64.4,95.7,82.1,92.3,87.5,83.7,False,False,True,False
79.54,0,76.5,87.0,85.4,89.0,70.0,81.6,64.5,78.2,80.5,71.0,False,False,False,True
91.12,0,64.4,72.6,98.7,90.0,97.1,99.7,91.5,80.1,99.5,85.3,False,True,False,False
52.64,1,51.2,50.1,52.4,53.3,55.9,52.2,58.2,50.8,50.6,51.6,True,False,False,False
81.81,0,96.8,75.4,77.5,87.7,64.4,94.2,82.5,64.8,74.1,72.0,True,False,False,False
70.11,3,73.0,77.7,64.6,64.3,77.1,61.0,75.2,63.7,66.6,74.2,False,False,True,False
68.86,3,66.4,73.9,66.7,73.5,75.2,75.6,65.8,63.8,61.7,65.9,False,False,True,False
55.08,1,64.4,51.4,55.3,54.5,54.4,55.6,52.1,58.6,55.4,55.8,True,False,False,False
61.4,2,67.2,58.6,55.2,62.4,53.1,64.2,64.5,67.4,53.2,68.1,False,False,True,False
63.67,2,62.5,55.3,68.0,65.4,58.3,68.4,65.1,59.0,66.7,68.1,True,False,False,False
60.5,2,66.2,60.6,65.2,66.9,53.2,54.1,57.1,59.4,64.0,58.2,False,False,False,False
81.26,0,75.1,64.5,95.6,86.2,73.2,81.0,86.2,78.8,70.5,88.4,True,False,False,False
54.78,1,56.0,58.2,52.4,51.2,52.7,52.8,55.6,58.3,56.3,54.3,False,False,True,False
84.87,0,75.4,70.9,64.5,77.0,94.2,82.9,84.3,64.8,81.1,97.8,False,False,True,False
67.63,3,61.2,70.6,62.4,77.4,64.4,62.9,63.0,78.9,61.1,69.3,False,True,False,False
79.7,0,95.6,73.8,73.8,79.9,79.2,86.5,70.0,71.9,94.9,71.4,False,False,False,False
57.73,2,56.4,63.9,51.4,64.3,61.6,52.4,61.8,63.0,52.7,63.9,True,False,False,False
80.97,0,91.6,84.0,71.5,85.6,64.4,74.0,85.0,91.3,77.3,78.9,False,False,True,False
67.82,3,66.3,71.2,72.5,63.1,75.9,64.3,65.6,76.2,63.1,60.0,False,True,False,False
52.33,1,51.1,50.9,50.5,55.1,51.4,51.6,51.9,52.3,58.2,50.3,False,False,False,False
55.89,1,55.7,55.3,57.5,56.7,55.7,52.1,57.0,55.7,58.7,54.5,True,False,False,False
53.69,1,54.7,64.5,57.6,64.3,52.5,55.4,51.1,50.9,54.4,50.8,False,False,True,False
53.94,1,55.0,53.5,57.3,53.9,50.8,51.0,54.4,54.9,57.0,51.6,False,False,True,False
52.93,1,57.5,52.9,52.4,55.8,50.4,50.5,51.4,55.6,52.4,50.4,False,False,False,True
53.37,1,51.4,51.9,53.1,56.2,51.6,54.1,55.9,51.5,64.7,51.4,False,False,False,True
85.29,0,86.1,78.2,93.3,84.3,80.6,83.7,64.5,95.5,64.7,74.2,True,False,False,False
72.75,3,78.6,68.5,78.0,68.5,74.6,70.3,69.6,70.2,64.7,71.4,False,False,False,True
58.0,2,52.2,54.5,61.0,61.7,60.3,66.5,53.0,61.1,64.7,59.1,True,False,False,False
69.09,3,68.9,69.7,64.5,70.8,63.9,67.2,70.4,66.0,69.7,75.2,True,False,False,False
58.71,2,52.5,55.4,60.3,58.3,61.7,55.8,64.4,56.6,64.0,58.2,True,False,False,False
64.39,2,54.0,68.0,60.3,65.4,63.5,52.8,52.5,59.4,55.8,57.8,False,False,False,False
54.97,1,58.7,57.9,57.0,55.1,52.1,55.2,50.3,51.3,57.7,54.4,False,True,False,False
64.39,2,55.1,56.6,56.2,64.3,56.3,68.9,54.3,64.8,65.3,64.5,False,False,False,True
59.52,2,64.2,57.5,51.2,67.8,64.6,58.2,56.0,64.3,53.3,58.2,False,False,False,True
56.35,2,58.7,55.5,58.7,64.3,58.8,53.2,50.6,64.8,50.0,50.8,False,True,False,False
54.24,1,57.8,51.9,52.4,54.7,64.4,53.3,58.6,50.2,53.4,54.6,True,False,False,False
64.39,0,80.2,89.4,90.1,75.2,83.5,64.6,91.4,98.7,83.2,94.0,False,False,False,True
90.1,0,64.4,93.8,77.7,90.8,70.9,97.9,87.6,98.2,91.9,95.9,False,False,True,False
53.45,1,58.1,64.5,54.7,56.3,53.7,53.0,51.7,52.4,50.1,53.5,False,False,False,True
54.54,1,58.7,52.8,57.9,51.4,51.5,56.0,56.5,51.3,57.2,52.1,True,False,False,False
83.12,0,80.4,75.8,72.1,64.3,91.7,64.6,76.9,95.8,82.3,74.1,False,True,False,False
69.62,3,77.2,75.2,61.0,74.1,67.4,73.7,64.5,66.5,71.0,69.9,False,True,False,False
60.31,2,58.3,53.6,60.1,58.1,59.6,68.4,64.8,52.0,62.8,65.5,True,False,False,False
64.39,1,54.6,52.4,56.1,57.7,51.3,56.2,51.4,55.4,54.8,64.5,False,False,False,True
53.93,1,55.9,52.9,51.7,64.3,56.9,57.2,50.4,55.2,64.7,51.9,True,False,False,False
62.02,2,54.8,61.1,66.4,63.1,64.2,62.4,58.3,64.8,61.8,64.5,False,False,False,False
85.15,0,86.1,64.5,99.1,89.1,64.4,84.4,74.5,70.8,91.3,88.4,True,False,False,False
58.37,2,52.2,56.0,53.5,64.3,52.3,62.1,64.5,67.0,55.7,64.5,False,False,True,False
59.96,2,56.1,63.5,67.3,64.3,64.4,60.8,54.1,66.7,67.4,53.7,False,False,False,True
69.66,3,63.1,70.2,73.0,71.9,76.0,72.3,70.6,76.6,64.7,61.1,False,False,False,False
69.25,3,69.6,73.5,76.5,68.0,64.7,64.2,76.1,65.1,61.8,73.0,False,True,False,False
69.71,3,64.4,68.7,68.4,65.0,64.6,78.0,67.1,63.3,64.7,72.5,True,False,False,False
67.89,3,74.3,60.2,62.2,64.3,64.4,72.3,60.4,68.4,77.1,74.8,False,False,True,False
66.43,3,71.4,63.1,60.6,66.3,63.7,73.8,62.3,71.8,61.6,69.6,True,False,False,False
83.77,0,70.6,82.7,82.5,95.5,92.5,91.8,76.0,94.3,81.0,70.8,True,False,False,False
69.95,3,75.6,66.4,68.3,65.1,65.6,70.2,70.8,67.7,71.0,78.8,False,False,False,True
58.89,2,54.6,51.0,66.9,54.6,64.1,60.1,51.6,50.0,67.1,68.8,False,False,False,True
54.97,1,58.9,51.4,55.5,55.3,64.4,50.3,58.0,58.9,58.2,51.2,False,False,False,False
64.39,0,64.4,82.1,92.5,90.3,91.5,78.0,82.6,78.1,64.7,90.6,False,False,False,True
72.01,3,78.3,72.4,70.4,68.8,69.8,64.6,69.5,77.5,73.2,67.8,False,True,False,False
85.18,0,72.9,95.3,91.5,74.2,79.2,64.6,81.1,92.9,92.1,74.4,True,False,False,False
82.06,0,93.9,75.6,92.9,77.3,71.6,70.2,76.1,94.9,97.9,70.3,False,False,False,True
72.39,3,75.2,70.8,75.7,78.0,75.0,60.5,64.5,77.1,63.2,78.6,False,False,False,True
55.48,1,64.4,54.3,54.7,55.4,57.5,53.6,56.4,54.4,64.7,58.1,False,False,True,False
55.02,1,58.2,50.8,55.2,52.5,57.6,54.2,57.0,55.8,51.7,57.3,False,False,False,False
58.07,2,63.1,64.5,58.0,60.1,58.3,64.6,50.9,54.8,55.9,68.6,True,False,False,False
91.43,0,87.8,97.9,95.3,97.2,86.3,64.6,99.5,89.6,96.5,81.5,True,False,False,False
82.29,0,81.6,80.9,98.3,76.2,64.4,70.2,93.1,87.3,81.0,79.5,True,False,False,False
60.9,2,54.5,65.4,67.7,54.0,62.1,55.7,63.5,66.3,64.2,55.6,False,False,True,False
53.33,1,50.9,55.9,55.6,50.5,52.8,56.4,51.2,50.4,64.7,58.3,False,True,False,False
58.03,2,64.4,64.5,54.0,52.1,64.4,61.5,50.7,65.4,61.4,54.0,False,True,False,False
72.02,3,64.4,76.2,68.5,62.7,75.7,78.6,76.3,64.9,68.0,73.7,False,False,True,False
88.32,0,86.9,71.5,78.2,94.3,85.9,95.2,98.8,98.1,83.3,90.9,True,False,False,False
54.73,1,53.7,55.5,52.4,51.0,52.1,56.6,58.6,56.8,55.8,55.0,False,False,False,False
54.89,1,52.1,51.8,53.7,55.5,64.4,54.9,56.0,55.4,58.2,54.9,True,False,False,False
80.8,0,82.3,84.3,75.5,88.5,73.4,84.8,74.4,92.0,80.0,72.8,False,False,False,True
71.41,3,68.9,64.5,70.3,64.3,66.5,66.3,64.5,78.8,75.1,71.5,False,False,True,False
54.62,1,55.4,50.6,51.9,55.6,53.8,58.0,57.5,53.8,58.8,50.7,True,False,False,False
83.28,0,74.2,82.9,64.5,91.5,64.4,81.3,87.3,64.8,64.7,64.5,False,False,False,False
56.41,2,51.1,61.2,64.9,64.3,64.4,50.7,52.5,57.1,59.0,58.6,False,True,False,False
54.59,1,56.4,54.0,56.5,54.6,50.7,52.8,54.5,54.1,56.3,56.0,True,False,False,False
58.71,2,52.0,61.3,61.4,56.8,63.1,53.1,64.5,65.7,65.1,50.9,True,False,False,False
68.51,3,62.2,70.5,68.3,60.0,78.1,64.6,73.2,71.5,70.4,61.4,False,False,False,True
64.39,1,57.4,51.5,64.5,54.1,53.4,64.6,54.5,57.5,56.1,52.2,True,False,False,False
55.56,1,64.4,54.6,58.2,54.2,50.8,58.5,56.2,54.0,58.1,56.6,True,False,False,False
71.19,3,78.5,73.5,74.4,69.7,71.8,76.6,62.5,61.2,76.4,67.1,True,False,False,False
88.52,0,84.6,91.6,93.0,97.9,98.0,92.4,72.6,96.1,75.6,83.4,True,False,False,False
80.84,0,74.0,88.9,72.8,74.5,99.3,64.6,64.5,64.8,70.6,92.2,False,True,False,False
64.39,0,89.3,91.8,91.1,72.3,74.5,84.8,91.5,89.1,92.0,93.4,False,False,False,False
68.74,3,70.4,75.1,68.6,66.5,60.0,72.6,69.7,66.2,73.7,64.5,False,False,True,False
55.66,1,64.4,59.0,57.4,58.2,57.9,55.7,58.0,54.0,52.5,51.1,False,False,False,True
64.39,1,56.8,53.4,56.8,64.3,55.7,64.6,57.4,55.2,58.5,51.9,True,False,False,False
53.69,1,50.2,51.3,52.6,57.6,54.4,55.6,52.7,51.3,54.3,64.5,False,False,False,True
56.03,2,52.1,57.4,60.0,59.8,58.2,52.9,58.3,51.2,56.3,54.2,True,False,False,False
54.8,1,51.2,55.6,57.9,58.5,52.4,56.8,58.5,64.8,56.3,50.9,True,False,False,False
71.61,3,63.9,77.3,72.5,78.7,71.0,73.5,77.5,64.8,64.1,64.0,False,False,True,False
70.27,3,76.8,65.3,74.8,69.0,74.6,78.2,60.2,61.5,64.0,78.4,False,False,False,True
55.13,1,51.8,54.0,56.0,55.3,50.9,57.5,58.3,54.2,56.3,57.1,False,False,False,False
87.77,0,89.1,76.4,96.1,79.4,95.8,64.6,98.2,73.5,88.7,82.3,False,False,False,True
64.39,1,57.3,55.5,52.8,51.1,64.4,52.7,52.8,56.6,53.9,54.7,True,False,False,False
82.25,0,84.6,80.9,64.5,78.2,71.8,76.7,87.9,86.8,78.9,84.5,True,False,False,False
54.66,1,55.2,58.7,51.5,55.3,50.5,52.5,56.6,58.1,58.1,50.2,True,False,False,False
70.51,3,64.4,68.0,71.5,64.3,74.4,72.3,63.7,78.3,70.0,67.4,False,False,True,False
55.39,1,54.6,54.5,58.6,56.6,55.6,55.2,51.8,58.7,52.7,55.6,True,False,False,False
64.39,3,75.7,69.8,64.5,65.4,64.1,64.6,72.2,63.2,71.9,64.3,False,False,False,False
69.1,3,75.8,74.6,64.5,66.7,65.4,67.7,75.9,62.4,73.6,61.0,False,False,False,True
55.03,1,53.1,56.1,57.9,55.0,56.5,52.9,58.2,51.4,56.2,53.1,False,False,False,True
54.79,1,55.3,52.3,55.6,57.3,58.1,53.3,58.4,52.0,52.7,52.9,True,False,False,False
54.36,1,51.0,53.4,53.9,53.9,56.2,52.7,59.0,50.1,54.6,58.8,False,True,False,False
58.29,2,52.8,60.9,51.7,50.7,56.0,65.3,61.3,54.8,64.6,64.8,False,False,False,True
72.61,3,74.4,61.3,71.1,77.0,75.5,66.9,75.6,64.8,73.4,75.1,True,False,False,False
57.53,2,51.4,54.9,62.6,55.5,54.2,57.8,64.1,51.9,65.5,57.3,False,False,False,True
70.26,3,64.2,75.0,64.5,67.4,70.7,71.2,76.1,67.4,66.8,75.5,False,True,False,False
69.58,3,71.6,70.8,73.8,64.3,60.2,73.5,73.6,75.5,65.5,68.7,False,False,True,False
54.1,1,50.9,52.3,51.5,58.3,50.6,52.6,58.3,52.7,57.7,56.3,False,False,True,False
58.81,2,56.0,52.2,51.2,59.0,57.2,68.2,67.1,52.6,60.7,64.0,False,False,False,False
69.6,3,64.4,73.0,64.5,69.7,61.3,67.2,77.1,75.8,65.2,73.3,False,False,True,False
59.44,2,54.0,50.7,64.5,57.6,57.6,62.2,65.8,66.4,55.5,57.0,False,False,False,False
59.2,2,55.7,50.3,68.8,60.9,54.9,55.1,54.5,64.8,60.5,64.5,False,False,False,True
67.75,3,63.6,66.7,65.4,64.3,67.9,68.6,73.1,67.4,73.5,63.3,True,False,False,False
66.89,3,61.5,67.4,67.9,67.7,69.9,72.7,64.8,67.3,66.9,62.8,False,False,True,False
70.25,3,72.8,66.2,71.8,62.0,73.9,77.4,70.4,64.8,66.3,66.2,False,False,True,False
54.6,1,56.6,51.9,55.8,55.7,56.2,57.3,52.1,51.9,51.2,57.2,True,False,False,False
64.39,3,78.9,75.1,64.5,61.8,74.1,75.6,68.2,75.2,64.7,72.0,False,False,True,False
68.55,3,70.2,64.5,64.3,61.3,65.9,72.4,77.1,64.8,67.7,68.6,False,False,True,False
84.04,0,81.7,92.6,90.0,95.8,79.9,83.6,71.5,89.8,78.7,76.8,False,False,False,True
55.92,2,50.0,56.3,54.7,68.9,64.4,54.6,61.9,50.3,59.1,50.7,False,False,True,False
55.54,1,64.4,56.9,64.5,54.1,56.9,58.0,54.2,54.5,57.6,53.7,True,False,False,False
64.39,2,54.9,50.9,55.4,57.6,52.3,60.7,50.1,52.2,62.2,64.5,False,False,True,False
68.76,3,62.1,63.2,68.9,62.0,66.5,69.7,64.5,70.4,75.9,73.9,False,False,False,False
69.33,3,61.4,62.8,63.7,68.6,70.9,69.7,63.8,64.8,77.2,76.8,False,False,False,True
84.78,0,70.5,75.6,89.8,99.8,64.4,87.9,80.7,96.6,72.4,76.9,False,False,False,False
88.08,0,76.2,80.3,76.6,92.9,64.4,91.6,92.4,64.8,99.9,90.2,True,False,False,False
58.18,2,55.7,68.3,57.2,56.3,52.3,64.6,50.8,53.4,67.2,60.5,False,True,False,False
87.05,0,87.1,73.2,99.7,99.5,64.4,74.7,64.5,64.8,64.7,74.4,True,False,False,False
55.3,1,56.9,53.3,58.2,56.3,53.6,55.6,53.7,54.3,55.4,55.6,False,False,True,False
57.55,2,67.5,51.8,57.2,64.7,65.8,56.9,57.2,52.7,50.9,50.7,False,False,False,True
64.39,3,64.4,72.7,66.8,64.7,64.2,67.3,64.0,76.2,71.6,65.4,False,False,False,False
69.58,3,66.9,65.4,73.5,77.2,71.1,65.5,65.0,61.2,73.8,64.5,True,False,False,False
83.55,0,64.4,89.9,78.6,75.2,85.3,64.6,71.3,85.3,77.0,88.6,False,False,False,False
85.74,0,93.6,77.0,92.8,86.8,77.1,97.0,88.5,72.2,82.3,90.1,False,True,False,False
64.39,0,99.8,94.7,71.9,88.5,99.0,78.8,83.4,91.6,86.5,86.6,False,True,False,False
54.17,1,53.6,53.5,59.0,51.0,56.1,51.3,50.8,56.4,52.2,57.7,True,False,False,False
67.32,3,70.2,68.4,60.6,64.1,66.5,69.8,65.8,61.5,73.1,73.1,False,False,True,False
69.44,3,76.6,73.9,60.8,63.1,62.7,64.6,72.8,68.4,76.8,77.5,False,False,False,False
85.63,0,91.5,98.9,73.4,79.6,94.6,93.1,87.2,94.0,64.7,71.7,False,True,False,False
86.49,0,83.6,90.3,77.7,84.3,86.3,64.6,90.7,71.7,95.1,92.0,True,False,False,False
64.39,0,64.4,91.4,78.8,89.9,74.1,84.6,89.2,75.7,89.5,93.8,True,False,False,False
83.46,0,73.2,71.1,79.8,93.4,79.7,86.7,99.7,74.7,87.0,64.5,False,False,False,True
82.91,0,97.9,70.6,86.0,72.9,86.1,77.4,71.2,64.8,72.9,99.4,False,True,False,False
60.12,2,65.1,65.1,54.3,52.7,59.8,67.0,56.5,53.5,58.5,68.8,False,False,False,False
55.56,2,57.7,51.9,65.0,52.9,57.6,54.0,50.3,54.6,57.0,54.7,False,False,True,False
61.67,2,67.1,59.0,64.8,57.8,58.6,60.7,65.7,61.4,58.7,62.8,False,True,False,False
68.54,3,67.5,71.6,71.4,70.7,66.6,72.8,65.9,62.8,64.7,63.5,False,False,False,False
68.7,3,75.0,62.8,67.6,72.3,64.4,71.4,69.9,70.7,74.4,61.9,False,False,True,False
68.26,3,67.9,69.6,69.1,64.3,61.5,63.1,69.8,73.3,66.1,74.0,True,False,False,False
84.78,0,84.9,70.1,74.9,64.3,92.3,88.2,81.1,98.5,95.1,88.6,False,False,True,False
70.42,3,71.0,64.5,74.2,64.3,65.0,69.6,67.4,77.8,76.3,71.1,False,False,True,False
64.39,2,54.2,53.3,65.8,54.9,64.4,62.7,52.2,64.8,63.0,50.6,True,False,False,False
69.31,3,66.0,63.2,71.1,74.8,68.0,63.5,64.5,75.8,69.8,65.7,False,False,True,False
85.69,0,71.9,64.5,90.2,99.5,86.3,89.9,91.3,70.2,64.7,91.2,True,False,False,False
54.62,1,57.5,57.5,50.9,54.5,57.0,58.4,50.3,54.3,54.5,51.3,False,False,True,False
64.39,1,52.1,52.1,52.3,57.8,54.0,55.6,64.5,56.3,52.7,52.1,False,False,False,True
54.29,1,56.1,50.2,51.2,55.9,53.7,54.9,58.0,51.7,54.7,56.4,False,False,True,False
58.69,2,57.9,68.4,54.5,65.4,52.1,52.3,69.0,65.4,50.1,64.5,True,False,False,False
67.01,3,64.4,74.0,64.5,65.3,64.4,65.4,71.2,62.0,70.4,63.1,True,False,False,False
85.46,0,87.8,88.3,83.0,99.3,87.7,64.6,72.4,75.7,85.4,81.8,False,False,False,False
64.39,3,72.4,64.8,71.9,64.3,72.0,64.6,70.3,69.3,68.8,66.0,True,False,False,False
68.73,3,78.9,69.5,62.9,62.9,73.7,61.1,77.0,64.8,66.0,61.2,False,False,False,False
72.55,3,72.5,72.6,73.5,78.2,68.9,76.1,78.9,65.4,73.8,65.5,False,False,True,False
60.0,2,55.0,53.4,66.6,61.8,60.4,58.3,61.6,60.9,65.4,56.5,False,False,False,True
55.85,2,60.1,68.2,52.4,60.6,56.2,52.5,53.3,51.9,52.0,51.3,False,False,False,False
57.02,2,53.5,57.3,68.7,52.0,56.0,56.3,55.7,57.2,53.0,60.4,False,False,False,False
69.98,3,72.3,69.3,78.9,64.3,68.7,63.3,65.9,78.9,67.8,63.9,False,False,False,True
72.51,3,74.8,73.3,64.5,76.9,78.6,75.3,75.6,76.4,64.1,65.5,False,False,True,False
53.53,1,51.5,57.6,50.0,56.3,54.6,56.2,52.2,50.9,54.8,64.5,True,False,False,False
81.85,0,75.7,93.1,79.7,84.8,83.2,87.0,71.3,86.2,70.7,86.8,False,False,False,True
71.04,3,76.2,70.2,71.6,74.0,68.7,72.3,71.0,60.4,72.3,73.7,True,False,False,False
82.94,0,84.1,71.4,79.2,82.1,87.0,92.7,73.9,93.4,80.6,85.1,False,False,False,True
82.19,0,72.7,87.9,99.6,75.9,80.7,73.8,84.1,73.6,92.8,80.8,False,True,False,False
54.5,1,51.2,58.6,54.4,58.7,64.4,51.4,54.9,51.2,52.5,56.0,False,True,False,False
69.13,3,73.8,66.6,64.7,61.7,73.6,60.8,70.1,78.9,76.5,64.7,False,False,True,False
86.07,0,79.5,98.1,92.7,75.9,91.3,73.7,72.3,79.9,97.5,99.8,False,False,True,False
69.64,3,78.2,71.1,64.8,67.7,67.8,72.0,62.0,72.5,77.1,63.1,False,False,False,True
54.51,1,57.3,54.9,54.1,57.7,56.5,51.8,52.2,64.8,50.2,64.5,False,True,False,False
60.06,2,53.2,50.7,66.7,56.8,56.8,66.0,56.4,68.7,58.5,66.9,True,False,False,False
85.28,0,93.1,82.5,70.1,83.6,87.3,85.3,86.8,99.9,64.7,79.0,False,False,False,False
61.5,2,65.4,64.5,65.2,58.4,53.0,64.6,64.0,59.9,66.9,62.4,False,False,False,False
52.88,1,50.8,54.5,51.1,51.1,51.7,64.6,64.5,56.1,55.3,50.4,True,False,False,False
60.2,2,56.1,68.2,63.8,64.3,65.6,64.9,63.0,51.7,55.2,52.8,True,False,False,False
69.44,3,64.2,60.8,65.9,71.3,77.6,76.7,75.0,61.6,77.4,64.5,True,False,False,False
82.65,0,71.3,78.2,88.6,90.4,76.7,93.6,88.4,86.3,71.0,81.8,True,False,False,False
54.77,1,52.6,64.5,53.9,54.1,55.3,56.9,56.0,56.7,52.6,57.1,False,True,False,False
69.74,3,70.9,75.7,61.0,64.1,76.9,67.4,64.6,64.8,73.1,69.2,False,False,False,False
58.9,2,58.2,52.0,66.0,60.9,63.7,64.6,56.9,66.1,53.3,50.1,False,False,False,True
54.93,1,57.2,58.3,58.0,64.3,54.2,54.2,54.3,54.7,50.9,50.2,False,True,False,False
85.53,0,64.4,79.2,64.5,71.4,64.4,90.4,94.7,72.4,83.4,97.3,False,False,False,False
55.86,1,57.3,56.3,56.6,55.0,54.2,51.8,56.1,55.9,57.1,58.3,False,False,True,False
86.32,0,92.5,80.1,80.6,93.1,85.2,85.7,86.0,86.3,64.7,94.2,False,False,False,False
84.57,0,73.6,73.5,99.5,80.0,85.9,92.8,85.5,78.7,99.1,77.1,False,False,False,False
53.73,1,55.2,52.4,54.4,50.8,52.6,58.4,56.3,52.7,50.7,53.8,False,False,False,False
68.29,3,75.5,70.2,63.5,65.1,73.4,64.6,64.5,60.3,62.0,78.4,False,False,False,False
61.29,2,67.4,53.2,64.5,62.0,61.5,61.0,65.9,56.5,64.0,65.4,False,False,False,False
60.39,2,63.1,59.1,52.7,68.5,68.6,51.0,68.5,65.3,53.7,53.4,False,False,False,False
60.02,2,64.4,64.8,63.0,57.2,64.4,68.8,55.8,64.0,50.5,63.5,True,False,False,False
87.6,0,98.3,96.3,91.2,78.9,86.1,64.6,64.5,91.8,64.7,85.7,False,True,False,False
66.55,3,60.6,67.0,68.0,60.3,60.7,60.3,69.4,64.8,72.8,70.7,False,False,False,False
81.36,0,79.3,87.9,80.5,76.2,64.4,64.6,72.2,85.7,78.2,64.5,False,False,False,False
78.62,0,91.0,71.0,71.2,75.7,79.5,64.6,64.5,73.2,64.7,73.6,False,False,False,True
64.39,3,71.5,68.7,67.3,64.5,64.8,78.0,61.0,69.2,70.0,73.6,False,False,True,False
63.5,2,65.1,67.5,64.5,61.6,53.3,64.6,66.6,62.9,64.7,62.6,False,False,False,False
64.39,1,64.4,64.5,57.5,53.6,54.1,53.9,50.8,64.8,50.3,54.6,True,False,False,False
89.75,0,92.5,85.7,95.4,84.0,93.5,95.6,78.5,96.1,90.1,86.1,False,True,False,False
67.95,3,64.4,64.5,60.6,76.9,68.9,66.4,64.5,64.8,68.6,65.4,True,False,False,False
83.82,0,84.2,95.4,75.5,98.3,91.6,79.8,78.7,70.2,93.5,71.0,True,False,False,False
74.81,3,76.4,64.5,78.2,75.7,75.5,75.5,74.1,78.7,62.6,78.6,False,False,True,False
57.86,2,51.8,57.3,53.7,52.9,61.2,64.6,62.2,56.9,64.7,68.0,True,False,False,False
67.13,3,67.0,60.2,69.6,64.3,62.5,76.7,67.5,68.8,65.5,62.0,False,True,False,False
54.38,1,57.3,53.7,54.1,55.0,51.0,50.2,54.8,52.9,58.4,56.4,True,False,False,False
59.95,2,55.8,54.4,64.5,66.8,64.4,63.2,63.8,55.4,53.4,66.7,False,False,False,True
57.75,2,57.9,53.1,64.5,57.3,55.6,62.6,58.3,66.5,63.2,50.8,False,False,False,False
58.24,2,65.4,52.7,57.6,54.1,66.7,50.8,56.2,64.2,58.1,56.5,True,False,False,False
86.08,0,89.6,77.9,85.5,78.6,95.8,97.8,86.7,86.4,80.5,82.0,False,False,False,False
60.2,2,64.3,53.7,51.3,52.4,58.7,68.1,65.0,67.4,52.9,68.1,False,False,False,True
55.56,1,58.8,54.0,51.9,54.6,57.5,58.6,51.6,58.2,56.6,53.8,False,False,False,True
72.69,3,67.0,72.8,65.9,76.8,64.5,73.4,64.5,74.9,77.7,76.4,True,False,False,False
54.63,1,54.6,57.2,52.6,64.3,57.6,52.8,56.7,55.5,51.5,64.5,False,True,False,False
64.39,0,64.4,87.2,83.7,71.7,71.4,95.4,78.1,91.1,90.6,77.4,False,False,False,True
54.03,1,58.9,58.1,55.8,58.5,50.3,50.7,54.0,51.0,51.8,51.2,True,False,False,False
64.39,1,51.1,52.2,57.1,54.4,64.4,54.2,57.0,54.5,55.4,53.1,False,True,False,False
59.14,2,64.4,68.6,68.8,59.7,53.2,63.5,51.4,54.3,56.1,51.2,False,False,False,False
64.39,3,61.7,60.7,62.6,64.3,77.6,68.5,64.5,64.5,78.2,71.0,False,True,False,False
54.28,1,58.9,64.5,64.5,51.6,57.6,53.5,50.5,52.1,51.9,59.0,False,False,False,True
80.86,0,84.7,74.2,70.0,87.2,93.9,79.6,92.1,77.1,76.9,72.9,False,True,False,False
68.38,3,65.5,63.9,70.4,63.7,61.8,71.2,64.5,66.6,74.5,78.8,False,True,False,False
55.67,1,50.4,58.3,57.9,58.6,57.2,55.9,53.6,51.8,55.6,57.4,False,False,False,True
60.86,2,63.3,64.5,66.5,56.8,57.9,64.6,59.5,52.0,64.7,68.9,False,True,False,False
60.99,2,59.8,54.9,68.9,62.4,50.9,54.7,62.5,64.8,61.1,67.9,True,False,False,False
60.78,2,63.6,59.4,55.7,67.6,57.8,51.8,64.5,68.7,60.4,67.9,False,False,False,True
59.25,2,68.2,56.0,56.4,57.9,64.4,53.5,56.4,50.3,63.5,65.1,False,False,False,False
61.04,2,58.9,59.6,67.7,68.8,61.5,55.4,53.3,62.1,66.4,56.8,True,False,False,False
59.29,2,64.4,62.4,55.8,62.3,62.1,63.4,52.8,51.6,64.4,64.5,False,False,True,False
70.67,3,65.6,67.4,76.5,62.5,75.2,64.6,67.6,68.9,73.2,72.3,False,False,False,False
70.93,3,66.6,73.5,64.5,64.4,72.1,72.4,78.2,69.6,75.9,66.4,False,False,True,False
54.66,1,58.7,52.6,58.8,51.3,54.9,57.3,50.3,51.3,55.3,56.1,False,True,False,False
83.33,0,79.2,91.1,64.5,80.6,77.4,70.0,92.0,81.4,90.7,97.7,False,False,True,False
86.05,0,84.8,77.6,70.7,97.8,94.8,81.3,64.5,89.2,86.8,89.4,True,False,False,False
85.27,0,98.6,72.0,73.7,86.7,76.4,87.3,84.6,97.6,76.0,99.7,False,True,False,False
58.54,2,51.2,57.7,59.6,64.6,59.1,60.4,64.5,63.6,59.2,53.7,True,False,False,False
64.39,1,57.0,57.4,56.3,64.3,53.5,50.7,53.1,50.0,50.1,64.5,False,False,True,False
64.39,3,76.2,66.4,68.7,77.2,61.0,61.0,77.2,76.5,64.7,67.4,False,False,False,False
61.81,2,68.6,65.2,50.3,65.8,58.1,62.2,52.6,64.8,62.4,67.7,False,False,False,False
89.06,0,87.4,98.7,99.7,86.1,96.3,76.0,95.5,81.2,70.6,99.1,True,False,False,False
52.84,1,53.6,54.8,64.5,50.1,53.1,51.1,53.2,64.8,55.4,53.1,False,False,True,False
64.39,1,55.9,56.6,51.2,58.2,55.9,50.5,53.1,64.8,54.4,64.5,False,False,False,False
85.06,0,79.9,92.5,81.8,82.8,92.9,80.8,83.9,79.4,90.2,86.3,False,False,False,True
60.62,2,66.6,61.1,56.6,64.3,59.3,59.4,67.5,53.6,67.5,63.0,True,False,False,False
83.81,0,99.7,73.0,87.7,71.2,78.9,73.6,96.1,88.0,98.3,71.6,False,False,True,False
54.42,1,54.9,52.0,54.0,55.3,57.0,51.7,55.1,64.8,54.3,55.4,False,False,False,False
64.39,3,63.0,64.5,61.5,66.3,68.8,76.1,75.5,77.3,75.1,64.5,False,False,False,False
64.39,1,64.4,55.8,55.9,55.5,53.3,51.6,52.2,50.3,54.6,52.7,False,False,False,False
82.78,0,71.0,74.5,79.2,75.1,94.8,64.6,79.9,86.5,64.7,93.6,False,False,False,False
58.07,2,56.7,64.5,55.6,62.7,53.3,55.8,53.8,58.0,64.6,60.1,False,False,False,True
53.87,1,51.1,52.8,51.8,51.0,56.4,64.6,58.8,55.5,64.7,55.6,False,False,True,False
86.45,0,74.9,64.5,74.5,83.7,78.6,99.6,97.2,94.4,85.3,92.0,False,False,False,True
64.39,3,60.5,70.0,76.1,63.1,64.4,78.6,63.1,71.8,71.7,60.9,False,True,False,False
64.39,2,53.7,68.1,62.5,64.4,67.3,60.7,50.9,57.8,52.6,55.1,True,False,False,False
69.56,3,64.0,73.5,63.6,68.8,69.4,67.0,64.5,78.7,68.1,76.9,False,False,False,True
54.82,1,64.4,55.3,54.8,52.9,58.6,52.0,58.6,55.3,58.8,50.4,True,False,False,False
65.72,3,67.5,69.3,67.3,67.0,65.0,61.9,63.1,61.3,70.3,64.6,False,False,True,False
54.63,1,58.5,53.5,50.2,51.4,56.4,51.3,64.5,55.0,56.0,58.3,True,False,False,False
81.87,0,82.1,71.3,97.3,71.2,78.2,83.3,70.2,89.3,91.7,64.5,True,False,False,False
59.52,2,64.7,55.0,55.5,65.6,54.4,63.3,57.4,61.7,62.1,55.6,False,False,False,True
62.66,2,68.4,57.8,65.8,68.3,68.3,56.0,52.1,67.9,62.1,59.9,False,True,False,False
66.39,3,60.5,73.9,61.6,74.8,63.7,62.9,61.4,76.7,61.5,64.5,False,True,False,False
84.3,0,99.6,64.5,97.5,71.7,86.6,73.6,82.0,64.8,64.7,73.7,True,False,False,False
68.78,3,70.5,64.3,60.4,67.2,77.7,70.5,73.6,66.3,71.8,65.4,False,False,True,False
58.13,2,54.7,65.0,51.8,53.5,64.4,57.1,54.7,67.1,65.2,56.3,False,False,False,True
59.23,2,60.3,56.4,67.7,56.7,64.4,64.6,60.6,64.7,53.4,50.6,False,True,False,False
58.77,2,64.4,61.2,55.2,63.7,59.2,59.1,67.6,52.7,55.4,64.5,False,True,False,False
69.13,3,69.3,62.6,71.9,74.1,74.1,69.8,62.7,69.5,61.8,75.4,True,False,False,False
65.46,3,70.1,61.2,62.1,73.3,73.0,62.0,62.9,61.4,62.1,64.5,False,True,False,False
88.39,0,88.3,95.2,79.9,95.3,73.2,99.8,90.8,85.4,82.1,93.6,False,False,True,False
87.28,0,97.8,71.6,74.3,95.7,95.7,87.8,95.1,82.7,85.7,86.5,True,False,False,False
68.53,3,71.9,64.5,75.0,66.3,64.4,63.5,60.3,68.9,76.6,71.7,False,False,False,True
55.35,1,56.0,55.7,54.8,64.3,58.6,54.6,56.6,55.0,54.3,52.1,False,False,True,False
90.04,0,92.5,92.6,76.1,86.9,94.1,64.6,98.9,92.1,91.0,98.8,False,False,True,False
64.39,2,52.7,50.3,64.1,68.8,68.1,55.1,66.1,55.2,50.8,50.2,False,False,True,False
90.75,0,95.4,92.4,87.8,90.6,78.6,91.5,96.5,91.1,97.2,86.5,False,False,False,True
58.66,2,51.4,51.2,66.4,59.5,61.7,61.2,60.3,66.1,56.4,52.3,False,False,False,True
64.24,3,61.0,60.7,62.2,68.4,61.7,61.7,61.8,64.9,61.6,78.3,True,False,False,False
54.04,1,57.8,58.9,50.2,50.7,64.4,64.6,51.5,52.1,50.3,51.6,False,False,True,False
57.8,2,60.9,53.5,50.7,58.8,53.2,50.4,62.6,68.4,52.0,67.5,True,False,False,False
58.23,2,58.1,68.9,52.2,55.7,55.3,53.6,60.5,67.6,59.0,51.4,False,False,True,False
54.57,1,53.0,51.0,56.4,54.8,50.6,58.6,54.2,56.7,56.2,54.1,False,False,True,False
54.2,1,54.7,53.7,53.6,54.5,54.6,58.7,54.5,54.1,50.3,64.5,False,False,True,False
54.44,1,55.2,57.5,57.8,56.5,64.4,53.9,51.0,54.7,53.8,50.8,False,False,True,False
60.32,2,62.6,59.2,50.1,58.6,65.3,59.4,64.0,66.5,59.8,57.7,False,False,True,False
84.41,0,90.9,92.0,77.6,92.6,70.6,70.1,87.7,99.6,64.7,77.4,True,False,False,False
88.86,0,86.0,99.8,91.0,75.9,99.6,95.8,77.2,90.4,99.8,73.0,False,True,False,False
58.89,2,53.5,52.3,53.1,58.1,59.3,67.0,67.1,51.8,62.1,64.7,False,True,False,False
73.03,3,76.3,77.4,78.0,64.3,64.4,74.2,69.3,71.2,73.9,66.8,False,False,True,False
54.31,1,55.9,54.9,55.9,57.0,52.9,52.8,52.3,50.4,64.7,57.2,False,False,True,False
59.96,2,60.8,52.2,54.1,64.3,52.2,62.3,64.5,64.5,63.5,62.5,False,False,False,True
84.05,0,96.6,98.3,93.2,64.3,83.7,64.6,78.7,64.8,77.3,79.7,True,False,False,False
60.56,2,56.1,60.9,63.0,66.5,56.6,65.7,64.5,61.8,52.3,57.2,False,False,True,False
54.53,1,57.9,58.7,52.6,50.4,56.2,64.6,54.0,51.1,52.1,54.9,False,False,False,False
58.51,2,56.0,54.3,56.8,58.9,58.9,65.7,54.8,59.2,63.2,57.3,False,True,False,False
83.29,0,86.0,75.6,92.3,64.3,75.7,91.5,85.2,89.8,81.8,78.0,False,True,False,False
60.58,2,54.1,66.7,63.8,56.1,53.9,66.1,62.8,65.5,55.8,64.5,False,False,False,True
70.1,3,76.1,67.3,76.8,71.6,71.1,64.0,62.8,77.5,62.3,71.4,False,False,False,True
83.15,0,84.8,100.0,79.1,64.3,80.2,73.6,97.3,75.7,88.5,64.5,False,False,False,False
60.67,2,63.5,66.2,64.5,68.3,51.1,57.9,68.8,64.9,54.2,64.5,True,False,False,False
55.04,1,54.3,54.2,64.5,52.9,58.1,55.6,55.8,56.5,50.2,56.4,False,True,False,False
67.18,3,71.5,66.9,67.4,61.3,62.0,60.8,61.4,63.7,78.3,78.5,True,False,False,False
78.33,0,64.4,70.2,73.0,75.1,89.3,76.1,70.0,86.5,88.4,77.3,True,False,False,False
67.5,3,64.5,68.0,61.6,68.9,69.3,65.5,76.1,64.8,72.6,68.0,True,False,False,False
69.83,3,78.6,75.8,75.3,62.7,77.6,61.7,60.3,74.6,62.5,69.2,False,False,False,True
69.38,3,74.5,69.4,63.6,74.9,60.3,64.6,67.8,78.4,64.7,64.5,False,False,True,False
54.89,1,58.9,53.1,52.1,52.3,56.9,58.0,52.0,56.8,52.3,56.6,False,True,False,False
85.46,0,83.3,72.5,85.3,87.3,64.4,96.6,93.0,87.5,89.6,77.7,False,False,True,False
73.79,3,72.0,78.1,72.8,78.7,74.5,64.6,70.2,64.8,69.8,64.5,False,False,True,False
64.39,3,69.5,72.4,72.4,64.0,78.1,61.8,64.7,72.2,62.8,64.5,False,True,False,False
85.01,0,97.1,86.8,77.1,99.2,64.4,76.2,83.1,64.8,70.2,91.8,True,False,False,False
59.42,2,58.5,55.7,64.5,53.5,63.9,54.1,67.0,62.0,53.7,68.3,True,False,False,False
67.56,3,74.1,73.2,65.8,63.2,63.2,61.7,68.5,62.2,67.4,76.3,True,False,False,False
54.91,1,64.4,54.7,56.8,54.5,53.1,55.5,57.8,64.8,51.9,55.1,True,False,False,False
57.78,2,59.8,54.5,68.9,51.7,56.1,52.4,59.5,52.7,61.7,60.5,True,False,False,False
69.05,3,66.1,66.1,77.8,64.3,66.1,72.3,64.6,74.7,61.4,64.5,False,False,False,True
58.41,2,68.1,53.4,64.5,54.9,65.2,62.1,53.9,53.4,64.7,54.1,False,False,False,True
55.12,1,57.4,50.8,54.4,51.6,59.0,57.7,56.7,53.9,57.3,52.4,False,False,True,False
85.89,0,82.2,64.5,92.5,71.2,98.5,96.8,88.0,64.8,64.7,87.0,True,False,False,False
64.39,2,50.8,58.3,59.0,64.8,66.3,58.0,57.9,62.3,56.8,61.5,False,False,True,False
83.74,0,96.8,78.4,64.5,84.4,93.9,95.7,87.0,75.2,73.8,77.0,False,False,True,False
67.17,3,71.1,74.4,69.1,68.0,64.4,64.6,64.5,62.9,68.8,62.3,False,True,False,False
60.17,2,64.4,59.2,56.5,54.1,51.4,66.2,67.1,63.6,59.6,68.9,False,False,False,False
84.86,0,64.4,79.0,64.5,82.9,80.7,85.4,64.5,80.8,80.5,64.5,False,True,False,False
55.15,1,50.5,56.4,58.3,58.1,57.8,57.1,50.3,55.3,52.8,54.9,True,False,False,False
55.78,1,51.5,58.3,64.5,59.0,58.5,64.6,58.3,55.2,52.6,56.8,False,True,False,False
67.07,3,64.2,67.4,66.5,64.0,70.4,68.1,77.9,64.8,68.1,64.5,False,False,False,False
68.0,3,77.5,61.6,76.3,73.5,61.0,64.6,62.6,66.2,64.7,74.9,False,True,False,False
58.87,2,56.3,53.1,64.5,50.7,66.4,65.4,58.3,68.5,57.0,58.2,False,True,False,False
55.0,1,50.6,64.5,53.6,64.3,53.6,57.8,53.6,55.7,58.2,56.9,False,True,False,False
67.85,3,62.3,64.4,77.1,69.7,64.8,64.6,61.9,74.1,68.2,71.6,False,True,False,False
53.75,1,55.3,55.0,50.7,58.6,64.4,56.3,57.2,50.2,53.7,50.0,False,True,False,False
54.74,1,51.6,55.8,51.5,64.3,53.0,52.4,58.7,55.1,52.3,58.9,False,False,False,True
52.8,1,56.5,52.3,50.2,51.1,50.7,50.9,64.5,53.7,57.2,64.5,False,True,False,False
67.59,3,63.0,67.0,72.9,66.5,64.4,64.1,64.4,67.1,68.9,75.4,False,False,False,True
84.36,0,96.5,89.4,83.6,81.1,92.6,80.1,77.5,72.2,90.6,80.2,False,False,True,False
54.98,1,51.0,55.7,58.9,64.3,53.4,53.2,58.3,53.8,64.7,58.8,False,True,False,False
67.98,3,68.5,62.8,67.3,72.5,64.4,65.0,73.1,62.0,74.4,69.9,False,True,False,False
69.78,3,66.6,64.5,64.7,73.8,70.7,67.9,69.1,64.8,65.8,68.6,False,False,True,False
71.66,3,67.4,66.9,71.5,64.6,66.4,78.5,73.4,74.5,78.2,75.2,False,False,True,False
84.42,0,80.0,82.2,84.7,91.7,94.3,92.6,70.7,64.8,79.0,80.1,False,True,False,False
60.0,2,51.4,57.7,61.7,61.4,64.4,59.1,59.9,58.0,65.4,62.3,False,False,False,True
59.21,2,57.4,67.1,50.2,53.4,64.4,58.3,56.5,66.6,61.5,65.8,False,False,True,False
69.5,3,65.3,75.8,73.7,62.7,70.8,67.9,67.8,63.7,71.5,75.8,False,False,True,False
70.06,3,72.2,70.6,65.5,78.5,72.3,72.8,68.7,61.4,65.7,72.7,True,False,False,False
70.83,3,71.0,74.5,68.6,70.1,62.2,64.6,64.5,69.7,76.2,77.0,False,False,True,False
70.77,3,75.2,77.9,62.7,67.7,65.8,75.3,77.0,64.8,73.6,69.2,False,True,False,False
64.39,1,50.2,51.8,54.1,53.0,56.7,64.6,51.9,51.4,54.0,52.0,True,False,False,False
84.47,0,64.4,83.5,73.9,95.7,81.9,97.0,73.0,91.4,80.0,73.3,False,True,False,False
54.55,1,58.0,54.6,51.2,56.5,64.4,54.1,57.9,50.6,57.5,54.1,True,False,False,False
56.8,2,55.6,51.1,56.7,59.1,55.9,51.1,67.3,60.1,53.4,57.8,True,False,False,False
68.81,3,72.4,65.5,63.2,64.3,64.4,64.6,69.9,72.9,76.8,66.9,False,True,False,False
60.93,2,68.3,68.8,57.1,57.2,59.2,60.9,55.4,64.7,61.4,56.3,True,False,False,False
60.76,2,60.1,56.9,64.5,59.6,59.4,64.6,58.1,66.1,64.4,68.0,False,False,False,True
87.06,0,64.4,88.7,81.6,90.8,98.9,99.1,91.4,73.9,85.0,79.4,True,False,False,False
64.39,0,73.6,85.5,74.1,82.7,94.4,88.5,72.1,92.4,90.4,88.1,True,False,False,False
59.0,2,59.7,58.0,66.4,50.4,60.2,59.6,56.8,56.4,63.7,58.8,False,False,True,False
53.94,1,52.2,50.7,57.5,50.0,54.8,57.1,57.3,50.3,53.2,56.2,True,False,False,False
85.5,0,99.2,85.1,94.6,78.6,88.5,90.8,87.6,77.7,78.6,74.4,False,False,True,False
81.35,0,82.1,74.4,88.5,83.8,93.9,79.6,64.5,80.2,79.7,80.1,False,False,False,False
69.05,3,65.0,77.2,69.8,70.9,74.4,69.3,61.1,65.4,64.7,60.8,False,False,False,False
70.65,3,66.9,62.9,60.2,64.3,72.5,67.0,79.0,71.1,76.7,78.3,False,False,False,False
67.06,3,70.3,77.7,60.2,64.3,72.5,64.6,66.9,60.7,68.2,62.9,False,True,False,False
59.22,2,64.3,54.0,58.5,53.0,65.3,60.7,68.8,54.2,57.7,55.7,False,False,False,True
56.09,1,55.9,55.5,53.7,57.9,54.4,57.0,57.2,56.8,54.9,57.6,False,True,False,False
87.02,0,80.1,74.6,73.3,98.9,80.0,98.0,81.7,90.1,95.0,98.4,False,False,False,False
81.01,0,84.7,72.7,84.6,87.2,85.8,79.4,64.5,86.5,80.0,79.2,False,False,False,False
53.42,1,52.3,54.3,50.5,58.2,52.3,51.3,50.5,51.7,57.7,55.5,False,False,False,False
54.58,1,64.4,52.8,52.9,57.7,52.9,64.6,58.2,64.8,54.8,56.2,True,False,False,False
58.34,2,50.5,61.9,58.4,61.9,57.8,51.4,63.2,63.9,50.5,63.9,True,False,False,False
54.68,1,55.5,56.9,50.6,55.4,52.4,56.7,53.8,54.2,58.2,53.1,True,False,False,False
68.55,3,62.4,74.8,70.3,61.2,64.4,76.9,64.9,64.8,66.3,78.0,True,False,False,False
84.06,0,75.7,96.9,89.4,78.9,87.8,86.8,83.1,87.9,70.5,83.7,True,False,False,False
54.18,1,58.8,50.3,54.2,53.9,54.0,55.3,64.5,58.2,52.2,50.6,False,False,False,False
78.9,0,79.0,77.5,71.4,64.3,85.9,81.7,84.4,72.3,95.6,70.0,True,False,False,False
54.06,1,53.4,53.8,56.1,52.7,51.8,55.3,57.1,64.8,52.4,53.4,False,False,False,False
51.3,1,52.4,51.6,50.6,50.1,51.4,50.6,52.0,51.4,51.3,51.5,True,False,False,False
54.53,1,64.4,55.5,58.1,57.0,52.3,54.3,55.3,51.8,56.9,52.3,True,False,False,False
85.68,0,97.3,74.9,73.0,79.9,99.6,77.1,85.5,83.1,91.2,95.2,False,False,False,True
56.01,1,58.0,54.4,56.2,56.2,64.4,55.2,57.2,53.7,58.5,51.8,True,False,False,False
58.3,2,54.2,62.1,54.9,65.0,68.0,51.8,64.5,65.3,50.3,51.6,False,False,False,False
68.95,3,76.6,66.5,78.3,61.2,62.9,76.1,64.4,71.3,65.2,66.9,False,False,True,False
59.86,2,64.4,61.4,64.5,68.9,55.5,53.2,57.1,61.0,51.5,64.5,False,False,True,False
53.84,1,58.1,52.6,55.3,54.1,57.3,51.6,64.5,50.8,52.2,55.9,True,False,False,False
61.58,2,61.3,59.6,68.0,55.6,64.4,65.9,55.8,64.8,66.6,61.8,True,False,False,False
86.31,0,99.6,92.8,85.8,72.0,81.8,95.6,93.9,71.7,79.5,90.4,False,False,False,False
54.28,1,50.5,53.8,58.9,56.1,55.3,54.2,53.7,54.0,50.3,55.9,False,True,False,False
88.3,0,97.3,95.4,73.6,75.6,95.7,85.7,88.5,96.5,93.8,81.0,True,False,False,False
54.66,1,51.2,52.5,64.5,55.8,58.0,56.5,64.5,50.6,58.7,53.0,False,False,False,True
72.4,3,71.0,78.8,66.9,64.3,72.1,78.9,68.3,70.7,72.0,77.5,False,False,False,False
85.59,0,74.9,79.2,90.9,97.2,64.4,94.1,90.0,70.1,89.8,86.3,False,True,False,False
85.45,0,87.7,92.5,70.6,89.2,91.9,84.4,96.3,72.0,70.7,99.3,True,False,False,False
68.1,3,61.3,74.3,64.6,66.3,72.7,64.6,64.5,73.6,72.2,65.5,False,False,False,True
69.66,3,65.9,74.3,74.5,74.4,68.9,74.1,65.0,69.2,64.7,64.5,False,False,True,False
55.04,1,51.3,52.2,58.5,53.8,50.9,64.6,56.8,58.6,57.8,57.8,False,False,False,False
55.13,1,54.6,57.6,64.5,53.3,57.8,52.3,50.3,58.3,58.3,55.7,False,False,True,False
68.67,3,69.6,62.9,62.1,67.7,66.2,71.3,64.5,65.2,76.9,72.0,False,False,False,False
58.1,2,60.8,50.2,51.1,59.8,68.5,60.8,59.1,64.8,52.8,67.2,False,False,True,False
59.73,2,64.4,58.1,59.2,51.2,68.4,51.8,64.5,55.1,62.9,62.3,False,False,False,False
53.41,1,56.9,56.5,52.2,54.5,52.3,54.0,64.5,50.2,54.2,50.2,False,False,True,False
70.03,3,72.3,64.0,66.8,76.0,64.3,67.4,68.5,65.1,77.5,64.5,True,False,False,False
53.87,1,55.5,55.2,52.0,50.2,57.6,53.7,51.3,51.2,53.5,58.5,True,False,False,False
56.43,1,56.1,64.5,54.0,58.1,64.4,52.9,56.9,53.6,57.8,58.2,False,True,False,False
68.71,3,60.1,70.7,64.5,60.5,75.5,73.8,72.1,64.8,62.1,78.6,False,False,False,True
81.86,0,79.1,75.8,73.7,73.3,71.2,77.1,86.3,97.0,99.2,85.9,False,False,False,True
83.71,0,71.9,77.8,93.0,64.3,89.6,84.2,85.8,72.4,71.1,96.9,False,True,False,False
66.9,3,65.9,60.1,65.3,64.3,73.1,64.9,64.5,62.7,61.9,72.7,False,False,False,False
80.4,0,82.1,75.0,64.5,98.4,74.8,64.6,77.3,90.6,81.1,72.8,False,False,False,False
85.37,0,93.1,80.6,64.5,97.4,87.4,87.0,64.5,64.8,71.3,76.6,False,False,True,False
61.91,2,68.7,64.8,58.9,61.5,54.0,66.1,63.0,68.2,60.8,53.1,False,False,False,True
64.39,1,52.8,55.7,64.5,52.5,55.9,57.9,57.4,52.8,51.7,58.9,False,True,False,False
59.97,2,66.7,64.5,64.5,56.0,64.3,67.0,58.7,66.0,60.5,51.2,False,False,False,True
59.91,2,54.6,64.5,52.0,60.0,67.3,51.1,64.0,54.5,64.7,64.5,True,False,False,False
61.16,2,64.4,68.0,66.3,53.4,65.5,67.3,58.2,52.6,63.8,64.5,False,True,False,False
54.4,1,57.9,64.5,51.8,53.5,52.2,58.3,56.8,58.6,64.7,51.1,True,False,False,False
52.82,1,52.7,55.0,51.9,55.4,50.2,64.6,50.7,54.3,53.5,50.0,True,False,False,False
80.88,0,75.7,74.6,81.3,87.3,75.2,76.7,64.5,75.7,84.8,93.1,False,False,False,True
61.11,2,59.4,64.5,57.8,63.2,63.5,64.6,67.6,64.8,68.3,57.5,False,False,True,False
64.39,0,72.3,80.0,92.9,94.2,70.3,81.9,80.3,95.1,96.4,87.7,True,False,False,False
56.26,1,57.2,57.2,55.5,56.6,58.2,57.9,52.1,56.7,53.1,58.0,False,False,False,False
58.62,2,52.4,54.9,64.3,63.4,64.4,58.4,56.1,64.5,67.2,52.0,False,False,False,False
71.76,3,66.6,74.5,66.2,73.7,75.0,70.2,72.8,77.8,62.4,78.3,False,False,False,True
68.8,3,70.9,70.0,75.2,77.3,61.4,64.8,69.4,64.8,63.2,61.4,False,False,False,False
67.96,3,64.4,76.7,77.8,67.4,68.0,68.2,61.2,66.4,60.7,72.8,True,False,False,False
71.4,3,68.9,73.6,75.2,62.3,78.4,73.4,69.5,72.5,64.7,63.8,True,False,False,False
64.39,2,64.0,56.2,57.1,53.4,63.0,52.6,52.6,67.1,57.7,52.1,False,False,True,False
64.39,3,74.8,73.2,64.5,64.3,69.5,64.0,77.7,70.6,62.7,64.5,True,False,False,False
64.39,0,64.4,94.6,93.1,98.4,87.2,70.4,73.5,64.8,77.0,96.6,False,False,True,False
66.59,3,64.4,63.9,77.3,69.6,70.1,60.4,67.6,70.7,62.6,63.4,False,False,True,False
55.59,1,52.1,58.2,57.5,55.7,58.5,54.5,56.7,52.0,54.3,56.5,False,False,False,True
59.43,2,53.0,65.8,64.5,65.9,54.0,50.1,64.5,63.4,53.9,61.8,False,False,False,True
86.71,0,82.5,79.0,83.1,85.0,96.0,84.3,95.7,64.8,64.7,82.2,True,False,False,False
54.29,1,51.8,52.0,57.1,55.8,51.4,57.9,53.7,53.2,56.8,64.5,True,False,False,False
54.92,1,54.8,57.0,56.1,50.3,53.7,56.8,57.1,53.3,58.3,51.8,False,False,True,False
58.43,2,50.9,64.5,66.6,55.8,64.4,67.7,57.0,52.6,61.7,54.6,False,True,False,False
53.6,1,58.1,50.3,55.5,55.7,50.6,52.6,57.1,64.8,52.4,52.1,False,False,False,False
60.38,2,61.4,61.2,61.5,51.0,67.1,64.6,57.9,64.8,60.9,67.6,False,False,True,False
86.86,0,92.6,96.8,99.3,79.7,79.3,88.5,84.2,86.0,71.1,91.1,False,True,False,False
60.69,2,60.1,65.3,63.4,55.5,55.1,55.5,66.5,64.8,50.4,66.8,False,False,False,False
54.94,1,56.7,51.6,58.4,55.4,51.9,64.6,51.5,57.1,54.8,53.0,False,False,True,False
57.14,2,52.8,61.8,50.6,55.7,62.1,50.5,60.5,57.9,64.7,56.3,False,True,False,False
55.91,1,50.9,64.5,64.5,58.0,53.7,58.3,54.8,64.8,58.8,57.7,False,True,False,False
55.8,2,50.1,62.8,53.8,58.8,54.4,53.8,60.4,51.2,53.5,59.2,True,False,False,False
54.02,1,56.7,52.8,53.1,56.0,54.9,64.6,57.0,50.5,51.9,52.5,True,False,False,False
56.95,2,55.5,61.2,64.5,52.8,64.4,66.6,57.8,51.3,53.2,64.5,False,False,True,False
53.39,1,64.4,64.5,53.8,53.4,51.7,50.4,51.2,50.4,64.7,55.4,False,True,False,False
54.05,1,53.0,50.8,52.7,53.1,57.8,53.8,59.0,51.0,54.9,54.4,False,False,False,True
58.39,2,57.1,51.7,63.1,56.8,54.7,54.5,63.6,64.8,59.4,64.5,False,False,False,True
53.87,1,64.4,55.2,52.1,50.6,52.3,57.6,58.4,51.1,51.4,55.9,False,False,False,False
81.37,0,83.9,75.7,86.7,90.1,80.5,91.7,84.4,71.2,77.9,71.6,False,False,False,True
68.68,3,74.3,72.0,78.9,62.4,62.5,65.2,60.0,64.8,64.7,70.5,True,False,False,False
56.01,1,57.3,64.5,54.6,56.1,64.4,56.7,64.5,51.3,58.6,58.2,False,True,False,False
56.55,1,54.1,58.6,57.1,57.4,54.6,58.8,56.9,52.3,64.7,58.2,False,True,False,False
64.39,0,91.1,82.1,83.7,77.9,79.3,72.4,87.7,92.1,64.7,89.9,False,True,False,False
64.39,1,64.4,50.3,64.5,57.7,64.4,64.6,56.1,51.9,55.5,53.3,False,False,False,True
86.59,0,64.4,89.1,92.5,90.2,90.6,84.0,82.8,84.4,75.3,64.5,True,False,False,False
61.24,2,64.4,65.9,52.1,59.2,52.6,64.6,66.9,67.5,59.8,58.5,True,False,False,False
56.62,1,57.6,56.7,57.9,56.6,56.4,58.1,55.1,58.3,53.3,56.2,True,False,False,False
69.16,3,72.1,64.5,60.8,66.2,68.2,64.6,76.5,77.1,68.8,71.9,True,False,False,False
85.17,0,77.9,78.4,98.7,89.8,72.5,96.0,97.2,82.4,80.0,78.8,False,False,False,False
59.32,2,61.9,56.5,59.8,63.1,52.8,56.2,63.7,66.6,55.1,57.6,False,False,True,False
53.87,1,54.3,53.7,58.8,50.5,51.4,55.1,51.9,53.7,55.8,53.5,False,False,False,False
53.43,1,58.1,51.5,50.8,57.5,53.3,52.7,53.9,52.5,53.7,50.4,False,False,False,True
67.15,3,76.9,60.1,60.8,64.3,64.7,67.6,79.0,71.5,60.1,66.0,False,False,False,False
70.6,3,68.5,76.7,69.6,63.1,61.2,72.6,73.8,64.8,77.5,64.6,True,False,False,False
53.61,1,64.4,54.3,56.0,52.9,57.5,54.7,53.4,53.3,50.3,52.2,False,False,False,True
55.03,1,56.8,53.3,56.8,54.5,50.1,54.4,52.0,64.8,55.8,58.8,True,False,False,False
79.03,0,84.2,83.0,75.0,72.6,76.5,64.6,88.0,64.8,71.3,64.5,True,False,False,False
61.17,2,51.7,67.3,63.6,58.8,51.7,68.9,61.5,58.3,67.7,64.5,False,False,False,True
53.55,1,58.8,64.5,53.2,50.3,55.4,54.4,50.0,55.4,52.2,50.6,True,False,False,False
54.02,1,55.0,55.3,56.8,59.0,54.1,53.1,50.7,64.8,53.4,64.5,False,False,True,False
55.4,1,64.4,54.2,57.6,52.0,51.6,58.3,58.3,53.9,52.9,58.4,False,False,False,True
83.52,0,85.8,81.4,83.0,64.3,76.6,64.6,85.3,77.6,97.3,93.1,True,False,False,False
64.39,3,77.9,78.6,78.1,64.3,69.7,76.7,64.5,73.8,63.0,72.9,False,False,False,True
86.96,0,64.4,80.8,84.1,93.8,98.8,98.7,79.6,64.8,95.6,71.7,False,True,False,False
70.92,3,75.8,67.0,75.4,70.7,72.3,62.0,75.8,68.4,68.5,73.4,False,True,False,False
83.36,0,87.9,72.4,74.0,81.3,92.2,74.4,85.2,71.0,97.1,98.1,False,False,True,False
56.62,2,50.1,60.2,59.0,61.5,57.5,53.9,52.7,61.9,58.7,50.8,True,False,False,False
64.39,3,74.7,78.6,70.4,77.7,71.8,70.8,69.8,64.9,64.7,72.0,False,False,False,False
60.48,2,63.1,64.2,56.5,60.4,61.7,63.8,64.5,51.7,60.4,65.8,True,False,False,False
80.08,0,82.0,71.0,75.6,93.6,73.3,90.0,70.4,83.9,90.8,70.2,True,False,False,False
84.32,0,99.7,76.5,93.9,84.2,81.1,77.5,76.0,72.0,98.1,84.2,False,False,False,True
54.74,2,64.4,64.5,52.8,59.3,56.2,53.6,50.1,56.6,61.9,52.2,False,False,False,False
85.25,0,70.2,82.5,79.5,80.7,64.4,91.6,96.6,96.7,99.5,85.2,False,False,False,True
54.63,1,52.8,54.2,57.1,51.0,54.0,54.8,55.6,52.5,56.5,58.0,False,False,False,True
61.39,2,59.9,52.2,65.1,68.6,53.8,65.2,63.6,53.7,64.7,65.4,True,False,False,False
69.46,3,77.0,65.5,63.3,67.7,64.9,67.0,78.7,70.9,69.6,69.9,False,False,True,False
54.88,1,55.1,54.3,58.1,52.0,55.9,55.5,55.1,52.8,53.9,56.2,False,True,False,False
70.96,3,61.3,77.7,78.9,62.8,67.8,71.8,68.7,78.1,76.3,66.1,True,False,False,False
54.53,1,53.5,53.3,56.7,54.9,55.9,54.1,54.1,56.4,54.3,52.1,False,False,False,True
55.07,1,50.4,64.5,55.6,56.7,54.1,58.6,58.8,57.9,53.5,54.5,False,True,False,False
54.46,1,56.7,50.5,55.4,54.4,55.2,51.4,56.8,53.2,57.7,53.3,True,False,False,False
53.91,1,50.3,64.5,59.0,56.9,56.1,54.0,54.6,51.6,51.4,53.1,False,False,True,False
64.39,1,51.9,64.5,64.5,58.8,54.3,53.8,52.3,52.6,57.9,64.5,False,False,False,False
85.52,0,95.5,88.4,81.4,64.3,64.4,93.0,93.7,64.8,76.9,93.1,True,False,False,False
71.03,3,67.4,64.5,64.5,72.4,71.8,77.7,73.0,66.7,73.1,62.4,True,False,False,False
88.71,0,94.1,95.0,64.5,98.7,78.7,87.5,77.4,96.6,88.8,75.8,True,False,False,False
71.72,3,73.3,74.2,66.2,76.9,70.8,77.9,78.2,75.7,64.7,63.7,False,False,True,False
69.75,3,61.3,78.0,69.7,72.9,77.9,60.5,69.3,72.1,73.9,61.9,False,False,False,True
64.39,0,88.9,97.1,64.5,92.5,97.1,74.5,94.0,98.1,72.4,81.4,False,True,False,False
61.38,2,65.0,66.6,57.9,67.9,64.4,62.8,63.9,53.4,64.7,59.1,False,False,True,False
82.41,0,74.6,86.6,75.9,97.6,87.8,83.2,88.2,79.2,77.2,74.0,False,True,False,False
68.81,3,66.0,76.1,64.5,72.1,65.2,60.2,60.8,77.7,61.0,75.4,False,False,False,False
58.81,2,58.8,52.4,56.5,62.9,64.4,68.4,51.0,52.7,64.7,56.4,False,False,False,True
84.29,0,84.8,77.6,97.0,82.0,95.4,79.7,93.9,74.4,76.3,81.7,False,False,False,False
67.09,3,78.8,64.5,64.5,71.7,61.4,69.0,62.4,67.9,67.5,63.9,False,False,False,False
87.83,0,92.7,88.4,87.1,92.6,95.9,88.3,92.2,83.8,86.9,70.4,False,True,False,False
59.93,2,68.9,64.0,59.9,68.6,50.8,57.2,51.3,59.1,59.4,60.1,True,False,False,False
64.39,3,71.9,65.5,78.4,74.7,71.6,74.8,71.2,64.7,68.7,64.5,False,False,True,False
67.6,3,64.7,61.4,73.7,77.8,64.4,75.3,62.5,73.2,61.3,65.7,False,False,True,False
55.21,1,64.4,57.0,54.1,55.4,51.7,51.6,57.3,64.8,56.2,64.5,False,False,False,False
69.0,3,63.6,64.5,78.7,69.2,77.5,63.3,63.6,76.5,61.6,67.3,True,False,False,False
68.11,3,68.6,74.0,68.5,60.1,73.5,64.6,63.4,73.1,74.3,64.7,False,False,False,False
64.39,3,71.9,65.4,75.8,70.0,71.3,64.6,67.7,67.4,75.5,61.4,False,False,False,True
55.37,1,51.3,56.9,53.1,64.3,55.7,57.8,58.8,53.0,56.8,53.3,False,False,False,False
56.06,1,64.4,55.7,54.4,64.3,55.7,57.0,55.5,56.7,58.3,56.8,False,True,False,False
55.48,1,64.4,50.7,56.9,50.7,64.4,52.9,58.1,55.5,58.4,58.5,False,False,False,False
60.18,2,62.0,52.0,68.7,61.5,64.4,53.7,62.7,61.2,62.8,59.8,False,True,False,False
58.55,2,68.8,53.6,64.5,56.2,53.0,64.6,64.5,51.6,56.4,62.5,True,False,False,False
59.31,2,57.7,66.0,62.3,56.6,53.7,67.0,56.4,52.1,62.3,58.9,False,False,True,False
64.39,0,99.8,78.4,99.6,64.3,80.7,95.2,81.4,79.9,95.1,75.0,False,False,False,False
55.38,2,56.4,51.3,64.5,53.8,52.2,56.5,63.5,50.9,60.8,57.7,False,True,False,False
57.7,2,64.4,54.3,64.5,53.9,60.5,52.0,57.0,53.9,65.9,53.8,False,True,False,False
54.47,1,57.1,57.6,53.4,53.3,56.8,55.9,50.4,54.4,64.7,53.2,True,False,False,False
59.1,2,50.1,53.1,54.7,54.0,52.3,67.4,61.0,67.1,67.0,64.2,False,False,True,False
69.29,3,72.8,79.0,60.9,63.0,66.0,67.5,71.2,63.5,73.7,75.4,True,False,False,False
59.33,2,68.2,64.5,54.7,64.3,52.5,53.4,55.8,65.2,57.8,61.3,False,False,True,False
90.6,0,99.4,97.6,98.0,64.3,90.8,64.6,83.9,84.2,84.3,93.9,False,False,True,False
61.94,2,51.7,58.6,68.7,64.3,61.5,66.0,65.3,64.8,52.8,63.6,False,False,False,False
62.49,2,66.5,64.0,63.3,58.2,64.4,64.5,62.9,61.4,65.1,68.9,False,True,False,False
70.38,3,75.5,69.7,67.1,69.3,77.5,60.7,67.7,69.5,75.8,70.9,False,False,False,False
84.23,0,85.1,97.7,64.5,75.3,98.0,74.0,76.9,73.8,90.1,88.6,False,True,False,False
84.99,0,74.5,64.5,71.6,98.0,75.9,99.8,88.2,88.1,75.5,84.1,False,True,False,False
89.24,0,87.6,98.1,64.5,98.9,93.8,88.1,64.5,72.0,98.4,90.6,False,False,False,True
53.7,1,58.3,51.2,50.7,56.2,55.3,54.9,50.8,52.2,55.8,51.7,False,False,False,False
67.58,3,73.3,67.1,63.7,69.6,62.5,65.3,63.9,78.8,63.3,68.4,False,False,False,True
71.22,3,76.2,73.6,70.5,64.0,76.5,66.4,66.6,68.9,77.0,72.4,True,False,False,False
60.77,2,55.5,63.7,51.5,55.7,59.3,61.9,68.4,64.4,60.0,67.2,True,False,False,False
70.12,3,69.9,75.8,69.7,71.3,68.7,68.4,65.3,64.8,74.6,63.4,False,False,False,True
62.02,2,64.4,61.5,60.3,62.6,53.9,54.8,64.9,64.8,64.7,65.8,False,False,False,False
64.39,1,57.2,56.9,50.6,52.4,64.4,56.4,58.4,64.8,57.9,64.5,True,False,False,False
71.29,3,72.8,64.5,65.5,71.8,77.6,66.9,73.2,77.6,68.1,72.7,True,False,False,False
54.71,1,50.2,57.9,50.3,54.3,64.4,56.7,51.4,58.3,57.3,58.0,True,False,False,False
54.87,1,52.3,58.3,57.6,53.3,64.4,53.9,57.7,53.0,51.3,54.7,False,False,True,False
63.71,2,61.1,65.6,61.7,67.4,68.0,64.4,64.5,64.8,53.1,67.3,True,False,False,False
54.15,1,64.4,64.5,54.3,51.8,55.6,57.3,51.7,55.0,55.2,58.8,False,True,False,False
67.08,3,64.3,67.0,66.5,67.3,64.4,62.4,64.5,73.1,69.4,74.8,False,True,False,False
89.2,0,71.5,94.7,96.7,64.3,64.4,82.6,89.4,82.3,99.0,78.3,False,False,True,False
53.72,1,55.8,51.8,53.5,50.7,53.4,56.4,56.3,64.8,51.7,53.1,False,False,True,False
84.55,0,80.5,75.4,85.6,91.8,84.6,96.1,70.9,89.0,71.6,64.5,False,False,False,True
64.39,0,82.4,91.8,88.9,86.0,96.9,64.6,84.8,86.0,100.0,90.9,True,False,False,False
55.58,1,57.2,56.9,56.2,53.1,55.4,51.2,54.4,57.6,54.8,59.0,False,False,True,False
58.67,2,62.2,52.6,56.8,55.6,51.4,64.9,66.4,61.7,63.0,52.1,False,True,False,False
54.41,1,64.4,54.9,57.8,54.5,53.8,64.6,56.1,53.3,53.9,52.5,False,True,False,False
54.01,1,55.6,54.8,51.5,53.6,56.1,51.0,54.1,55.9,51.9,55.5,False,False,False,True
54.05,1,51.3,56.9,55.2,52.7,56.7,56.6,52.1,53.6,51.7,53.7,False,True,False,False
59.75,2,51.1,68.0,68.8,66.6,53.5,51.7,65.0,62.6,53.0,57.4,False,False,True,False
53.63,1,56.2,55.9,56.0,64.3,53.1,50.5,53.9,50.2,50.5,51.9,False,False,False,False
69.88,3,63.2,67.3,65.9,64.3,73.6,69.6,76.3,74.9,63.2,70.8,True,False,False,False
58.26,2,67.4,68.0,67.0,64.3,53.0,54.1,51.1,56.1,50.8,64.5,False,True,False,False
59.11,2,50.0,52.4,52.3,67.5,68.4,55.8,54.8,68.3,67.2,54.3,False,False,False,True
64.39,1,51.2,56.9,57.7,54.4,55.0,54.2,64.5,64.8,52.3,53.9,False,True,False,False
83.84,0,92.9,64.5,99.7,87.1,74.5,73.7,87.6,91.8,73.2,71.7,True,False,False,False
72.02,3,69.6,73.0,73.7,62.3,75.0,63.0,78.3,75.3,75.6,74.4,False,False,False,True
55.29,1,57.3,52.8,52.2,57.9,53.4,55.7,56.8,57.1,50.8,58.9,False,False,True,False
66.45,3,60.3,61.1,64.3,72.1,60.4,70.6,71.9,76.7,66.2,61.0,True,False,False,False
61.47,2,63.0,66.7,64.5,55.6,64.3,61.4,58.2,64.8,66.4,58.9,False,False,False,True
64.39,0,83.7,97.5,97.2,70.1,91.1,91.8,76.9,86.6,91.0,94.5,False,False,True,False
54.53,1,56.3,56.7,64.5,57.9,64.4,58.4,50.2,52.7,52.4,58.2,False,False,False,True
56.17,2,66.2,51.1,55.0,53.1,50.4,64.6,63.4,54.6,63.7,53.5,False,False,False,True
54.37,1,53.6,57.5,58.1,51.0,50.3,58.3,64.5,50.6,53.9,56.7,False,False,False,False
58.29,2,56.7,62.5,64.0,54.0,54.7,57.5,51.0,58.0,60.1,64.3,True,False,False,False
70.16,3,72.9,64.5,75.9,60.6,62.3,74.2,74.5,71.5,77.9,68.3,False,False,False,True
64.53,3,67.7,64.5,67.1,64.3,65.1,65.3,64.5,65.3,60.2,64.5,False,True,False,False
53.86,1,55.1,58.3,52.1,50.1,54.0,52.4,56.0,64.8,51.5,51.5,False,False,True,False
59.98,2,60.5,64.5,64.5,51.4,53.4,60.7,56.0,64.9,60.8,59.9,False,False,False,True
54.18,1,56.6,53.3,57.7,55.4,52.6,54.3,56.8,51.6,50.8,52.6,False,False,False,False
87.27,0,80.3,83.0,81.0,78.5,82.1,96.9,96.5,95.4,80.2,98.8,False,False,False,True
69.15,3,69.2,73.3,70.6,63.5,67.9,72.6,72.5,74.2,64.9,62.9,True,False,False,False
60.58,2,59.2,64.5,68.0,58.9,68.6,53.3,59.0,62.1,59.4,60.4,True,False,False,False
72.81,3,68.0,78.3,74.4,78.3,62.2,69.2,77.8,64.8,78.8,63.8,True,False,False,False
82.54,0,81.4,64.5,88.0,72.9,77.0,70.2,75.0,97.6,71.2,64.5,True,False,False,False
71.9,3,75.3,68.9,74.8,78.2,72.3,73.9,75.6,64.8,61.0,76.8,False,False,True,False
65.89,3,64.2,60.8,63.4,71.0,67.1,70.4,64.4,61.2,64.9,71.5,False,False,False,False
55.46,1,57.5,51.2,51.6,51.8,57.8,58.4,58.4,55.8,57.2,54.8,False,True,False,False
58.85,2,66.7,61.6,55.9,51.0,56.4,58.6,68.3,52.5,54.2,64.5,True,False,False,False
54.31,1,51.3,64.5,58.4,55.9,51.9,64.6,50.9,55.9,54.2,64.5,False,False,False,False
53.75,1,64.4,52.0,50.1,50.3,53.3,56.1,57.6,56.7,55.4,55.5,True,False,False,False
66.99,3,62.9,66.9,61.0,64.3,60.2,70.0,62.2,76.5,60.9,75.9,False,True,False,False
55.2,1,58.0,54.8,58.2,56.5,58.1,56.2,54.3,50.9,64.7,53.9,False,False,False,True
69.08,3,74.5,74.7,62.1,71.0,72.4,74.1,60.8,61.3,69.0,70.8,False,False,False,False
61.04,2,57.6,66.0,60.5,63.3,52.7,63.0,58.4,60.5,59.8,68.4,True,False,False,False
54.78,1,58.1,53.9,52.3,53.2,58.5,51.7,56.6,64.8,54.9,57.9,True,False,False,False
71.5,3,67.7,78.3,72.9,72.5,64.4,63.0,60.2,77.1,76.5,74.6,True,False,False,False
69.41,3,77.6,60.8,74.6,66.6,72.2,74.3,71.4,70.9,64.7,62.9,False,False,False,False
59.58,2,52.3,62.0,58.3,54.0,56.1,64.6,67.6,61.5,68.5,59.6,True,False,False,False
56.05,1,64.4,53.5,58.1,64.3,57.6,53.1,58.3,57.6,57.1,56.9,False,True,False,False
55.45,1,58.2,57.9,51.1,56.9,57.1,52.4,56.8,55.2,57.1,51.7,False,False,False,False
86.62,0,64.4,94.9,71.9,64.3,90.1,79.4,88.6,96.3,76.0,77.1,True,False,False,False
71.12,3,67.9,72.2,65.1,77.3,76.2,78.9,72.2,63.8,64.7,61.0,False,False,False,False
58.22,2,59.5,64.5,52.8,58.1,59.4,54.0,54.1,52.4,60.3,64.5,False,True,False,False
60.36,2,55.5,54.3,58.8,68.3,59.7,60.1,60.3,65.7,52.1,68.7,False,False,False,False
60.66,2,66.0,63.8,51.0,64.3,64.4,58.2,64.5,61.2,66.7,61.2,False,False,True,False
59.28,2,59.8,50.1,63.9,65.8,64.4,52.2,65.9,62.5,51.1,66.2,False,False,False,True
54.09,1,50.2,57.5,54.2,54.3,56.0,55.2,51.2,53.1,54.7,54.4,False,True,False,False
70.69,3,65.5,70.7,65.0,64.3,68.5,76.7,75.6,76.5,78.4,65.9,True,False,False,False
83.34,0,81.5,91.7,70.1,86.3,98.3,79.7,64.5,96.0,71.7,71.1,False,False,False,False
64.39,2,60.1,58.3,56.5,64.3,60.4,64.6,64.5,56.0,67.9,50.1,False,False,False,False
60.56,2,62.0,64.4,56.7,64.3,64.4,60.1,61.2,59.1,68.4,57.0,False,True,False,False
58.53,2,66.1,51.9,54.5,56.0,57.2,51.3,61.2,65.3,68.4,53.3,False,True,False,False
89.56,0,93.4,96.4,89.0,90.9,73.6,88.9,98.0,94.1,64.7,76.1,True,False,False,False
70.19,3,75.0,62.2,68.0,78.9,65.3,64.6,75.0,70.5,66.4,64.5,True,False,False,False
61.3,2,63.6,65.2,59.2,51.6,62.3,65.3,62.7,67.3,50.2,64.5,False,True,False,False
68.6,3,62.7,60.5,77.0,67.8,67.2,73.2,63.2,67.7,72.2,74.6,False,False,True,False
87.49,0,82.1,87.3,94.9,96.0,74.6,70.7,97.2,97.0,75.8,99.3,True,False,False,False
64.39,3,64.5,69.4,62.0,72.8,61.2,64.4,65.3,77.4,64.7,67.5,False,False,False,False
59.29,2,67.4,62.5,64.5,56.2,53.9,64.6,54.0,64.1,53.9,50.3,False,True,False,False
72.06,3,72.3,77.5,74.6,64.3,68.7,69.3,69.8,60.3,72.1,78.7,False,False,False,True
83.5,0,92.6,77.6,77.1,78.7,89.7,93.3,81.2,73.1,95.2,76.4,True,False,False,False
64.39,3,75.0,62.5,61.6,72.2,73.7,78.0,74.3,68.8,65.4,60.8,False,False,False,False
82.42,0,71.9,90.9,77.0,88.1,70.7,97.8,70.7,98.4,80.9,64.5,False,True,False,False
61.3,2,62.7,53.6,57.8,66.8,59.6,67.8,65.2,64.8,59.6,54.4,False,False,False,True
57.94,2,55.4,50.7,65.3,57.8,65.7,53.7,58.4,60.3,56.4,55.7,False,True,False,False
61.41,2,67.6,59.2,65.8,63.4,57.6,52.8,62.5,64.7,54.5,64.5,False,False,True,False
59.73,2,56.1,60.2,67.7,55.4,61.1,60.2,64.5,63.4,57.0,60.5,False,False,False,False
91.7,0,95.2,93.6,98.4,74.1,92.9,64.6,95.1,99.5,85.2,92.1,False,False,True,False
64.39,2,51.4,59.7,58.8,64.3,62.5,57.2,60.2,66.7,52.2,64.6,False,False,False,True
68.87,3,75.9,73.0,60.2,70.1,69.1,72.9,69.6,74.1,60.2,63.7,True,False,False,False
83.62,0,97.9,73.1,64.5,70.1,75.4,84.4,78.9,88.6,64.7,98.9,True,False,False,False
64.39,0,86.7,95.6,95.6,64.3,79.4,84.6,92.4,89.8,75.9,86.2,False,False,False,True
67.81,3,76.8,71.7,63.0,66.2,76.1,65.5,60.9,64.8,64.7,72.7,True,False,False,False
70.16,3,77.7,66.8,71.7,63.6,70.9,64.6,76.4,69.9,78.9,64.5,False,False,False,True
68.35,3,64.9,78.4,66.1,71.2,74.3,66.9,69.5,67.7,63.4,61.2,True,False,False,False
64.39,0,84.4,97.7,83.5,84.9,98.8,99.0,96.6,64.8,96.4,95.8,True,False,False,False
62.6,2,65.9,62.4,59.4,54.5,68.6,64.9,61.0,67.7,68.0,53.7,False,False,False,True
69.71,3,68.6,61.7,78.0,63.9,68.2,64.6,75.1,62.3,64.7,74.7,False,False,False,False
54.21,1,58.3,64.5,51.6,54.2,51.4,56.3,55.5,50.1,50.0,56.4,True,False,False,False
64.39,1,52.3,51.6,56.6,52.3,64.4,54.5,57.8,50.3,52.2,64.5,False,False,True,False
60.36,2,67.5,54.0,60.5,64.9,51.4,56.1,66.4,56.4,60.6,65.7,False,False,False,True
64.39,0,73.1,64.5,96.4,94.5,84.3,80.9,97.3,78.9,98.0,64.5,True,False,False,False
58.09,2,60.4,64.5,53.5,50.5,64.4,61.1,67.0,62.5,52.9,64.5,True,False,False,False
55.35,1,55.0,50.9,54.7,55.0,53.1,58.3,64.5,55.3,56.4,57.6,False,False,False,True
73.05,3,77.8,64.2,77.2,78.7,76.5,77.6,77.6,70.7,63.0,67.2,False,True,False,False
67.92,3,70.0,69.9,70.3,63.3,61.8,72.5,65.3,71.1,61.4,73.6,False,False,True,False
86.06,0,97.9,88.7,93.0,87.0,74.7,71.2,80.9,89.7,96.8,64.5,False,False,False,True
84.22,0,97.6,70.4,88.8,84.9,97.5,71.4,64.5,91.4,70.1,64.5,True,False,False,False
70.18,3,60.8,73.6,76.5,78.1,73.1,77.6,64.6,64.0,70.5,62.8,False,False,False,True
61.09,2,60.9,55.4,54.2,64.9,68.5,54.3,67.2,65.8,64.6,54.9,True,False,False,False
83.14,0,79.3,72.5,64.5,79.3,80.4,85.2,80.2,64.8,89.8,92.5,False,False,False,True
83.77,0,99.8,72.5,79.3,64.3,76.3,85.4,75.2,95.8,98.2,64.5,False,False,True,False
68.37,3,64.4,77.1,66.7,70.8,65.7,61.9,63.0,63.3,68.5,72.8,True,False,False,False
70.68,3,74.4,67.9,75.1,62.3,64.2,75.3,72.3,72.9,78.4,64.2,False,True,False,False
83.49,0,84.0,76.8,86.8,85.5,93.0,64.6,73.1,64.8,92.5,75.2,False,False,False,False
67.63,3,77.8,64.5,61.8,62.7,61.7,68.7,60.8,63.1,77.8,64.5,False,False,False,True
60.45,2,63.9,65.2,52.1,64.2,66.5,68.5,51.6,67.1,52.5,53.0,False,False,False,True
54.13,1,50.0,64.5,55.1,55.2,51.7,64.6,51.9,55.5,56.9,52.6,True,False,False,False
88.78,0,96.9,85.1,64.5,83.7,87.7,92.9,64.5,89.9,87.0,87.6,False,False,False,False
64.39,1,57.7,51.7,55.6,54.7,52.8,54.7,58.6,50.1,52.8,58.4,True,False,False,False
60.42,2,64.5,54.1,58.5,64.3,59.9,65.9,62.9,61.5,64.6,57.9,True,False,False,False
58.66,2,62.9,61.6,62.4,61.0,55.0,61.7,63.8,53.3,51.4,53.5,False,False,False,False
87.36,0,93.2,99.3,85.9,99.3,98.7,72.4,77.6,98.1,70.0,79.0,True,False,False,False
64.39,1,58.6,55.5,57.8,52.8,53.6,64.6,52.5,54.6,53.3,55.4,True,False,False,False
71.76,3,79.0,75.1,78.7,75.0,60.3,68.6,75.3,68.3,63.2,74.0,True,False,False,False
68.67,3,70.3,76.1,65.2,76.0,64.4,60.4,64.5,64.6,60.4,75.1,True,False,False,False
69.51,3,61.1,66.0,70.4,72.6,70.8,73.7,60.2,78.0,73.7,68.6,False,False,False,False
83.57,0,76.3,64.5,71.6,89.6,95.0,88.5,92.4,93.6,74.3,75.7,False,False,False,False
72.57,3,77.2,76.6,63.9,67.7,76.3,72.9,76.5,76.0,61.6,77.0,False,False,True,False
61.42,2,65.1,64.5,58.3,55.1,62.7,54.8,65.3,66.6,68.8,64.5,False,True,False,False
83.41,0,84.6,64.5,81.1,78.3,90.8,64.6,88.8,71.9,91.3,83.1,True,False,False,False
64.39,2,59.2,52.2,50.8,60.2,56.6,65.2,65.9,56.5,64.7,65.7,False,False,False,True
64.39,3,62.3,78.4,64.5,67.6,62.8,60.3,67.6,63.5,61.7,76.5,False,False,False,True
69.5,3,68.3,71.5,64.5,61.5,72.4,64.6,73.6,64.1,78.7,69.5,False,False,False,True
84.24,0,74.1,82.9,76.7,96.0,77.6,75.0,98.2,84.5,88.5,64.5,False,False,False,False
53.57,1,53.7,64.5,51.0,54.0,56.1,53.1,56.9,52.1,50.6,52.9,False,True,False,False
64.39,1,57.9,55.2,64.5,51.2,58.6,52.7,58.3,55.8,52.9,51.8,False,False,False,False
53.68,1,50.3,58.0,50.2,55.8,64.4,55.2,55.0,54.5,50.5,50.5,False,True,False,False
66.16,3,62.1,66.1,64.7,62.3,68.9,62.4,64.5,73.7,73.4,64.5,False,False,False,True
56.03,1,58.5,57.7,56.4,54.5,51.3,56.3,54.3,59.0,58.5,53.7,False,False,False,True
64.39,3,75.0,69.3,77.5,64.3,61.8,64.6,64.5,75.7,65.0,64.5,False,False,False,False
55.18,1,55.3,57.2,53.6,51.7,58.0,58.0,55.4,57.0,51.7,53.8,False,False,False,False
69.16,3,75.8,74.9,62.8,68.6,66.9,64.2,62.0,79.0,64.7,73.5,True,False,False,False
83.48,0,70.2,82.5,81.9,91.3,85.9,71.2,97.7,80.4,94.3,79.3,False,False,False,True
71.46,3,72.9,65.8,64.5,60.8,77.7,73.6,76.6,76.9,76.3,64.5,False,False,True,False
52.81,1,55.7,52.4,56.6,50.7,64.4,52.2,50.2,54.6,50.6,53.1,True,False,False,False
55.73,1,51.5,58.9,56.7,52.9,57.3,57.9,55.6,55.7,54.2,64.5,False,False,False,True
60.78,2,66.2,57.1,56.0,64.3,55.1,59.9,68.0,55.0,59.3,65.3,False,False,True,False
64.39,3,77.3,77.1,76.0,68.3,61.3,65.1,77.9,67.0,74.0,62.9,False,False,False,False
52.52,1,64.4,53.7,52.2,54.8,51.8,53.4,52.3,52.1,51.3,51.4,True,False,False,False
64.39,2,53.3,61.3,58.3,68.9,62.6,64.6,54.2,67.6,52.7,56.2,False,False,False,True
54.77,1,56.1,53.0,51.2,55.5,53.4,57.0,64.5,54.2,64.7,56.2,False,False,True,False
64.39,3,67.2,71.7,63.9,62.6,65.0,65.8,73.8,76.3,66.9,68.4,False,False,True,False
86.96,0,89.3,99.4,84.6,85.1,90.5,77.3,71.3,92.9,86.1,93.0,True,False,False,False
83.19,0,84.4,71.0,94.0,84.1,74.7,74.7,96.1,91.6,90.9,70.4,True,False,False,False
70.22,3,68.2,70.2,61.6,78.4,71.2,70.9,78.9,68.2,64.7,70.7,False,False,False,False
84.64,0,77.7,91.2,80.1,83.5,80.6,83.2,87.6,84.3,85.0,93.3,False,False,False,False
64.39,0,64.4,95.5,98.0,87.3,83.4,98.3,92.0,87.3,84.4,82.2,False,False,False,False
54.27,1,50.9,53.1,54.1,64.3,64.4,56.3,52.7,55.0,54.6,54.3,False,True,False,False
52.93,1,58.3,52.4,54.6,52.1,52.2,64.6,50.3,56.1,53.1,50.0,True,False,False,False
84.69,0,73.8,97.4,79.8,100.0,85.6,90.4,88.2,79.8,71.5,80.3,False,False,False,False
80.96,0,82.5,64.5,70.3,75.5,83.3,78.0,91.1,74.2,82.7,89.7,False,False,False,True
69.39,3,78.0,78.0,61.1,77.6,70.9,71.3,71.3,62.9,62.7,60.1,False,True,False,False
54.68,1,52.5,58.5,54.1,55.1,51.6,57.1,54.7,57.2,55.5,50.6,True,False,False,False
55.08,1,58.9,55.6,56.3,64.3,57.8,58.8,53.5,52.4,53.7,53.0,True,False,False,False
67.89,3,64.6,64.5,61.3,75.0,70.9,64.6,77.9,62.3,64.7,76.2,False,False,True,False
82.46,0,64.4,92.3,64.5,71.1,64.4,78.4,81.3,70.3,80.0,87.7,True,False,False,False
68.74,3,70.5,73.6,64.5,64.5,77.4,71.9,63.8,65.3,64.7,60.4,True,False,False,False
54.83,1,56.4,51.5,53.8,64.3,64.4,64.6,53.5,58.8,56.1,52.0,True,False,False,False
55.15,1,56.6,58.3,54.6,56.9,53.0,55.0,50.5,58.4,64.7,50.1,False,False,False,True
84.86,0,64.4,97.4,82.7,64.3,90.8,98.8,71.0,81.5,73.4,97.6,True,False,False,False
85.96,0,89.6,73.8,85.5,91.9,95.4,82.4,75.2,87.9,78.1,99.9,False,True,False,False
69.81,3,77.1,73.8,74.9,75.1,64.8,66.8,71.0,63.6,64.7,66.7,False,True,False,False
54.27,1,53.6,51.9,55.1,56.1,51.4,64.6,50.6,57.1,64.7,51.1,True,False,False,False
83.3,0,94.9,76.9,64.5,77.4,76.4,86.6,97.9,99.1,73.2,74.9,False,False,False,False
54.06,1,57.2,52.4,53.7,64.3,56.9,53.0,52.9,53.3,54.9,51.8,False,False,False,False
80.94,0,80.6,64.5,74.2,92.5,64.4,72.0,94.1,73.6,74.5,87.9,False,True,False,False
83.86,0,82.2,86.5,91.8,84.2,80.8,64.6,70.7,77.2,82.9,89.5,False,False,False,False
66.6,3,65.6,66.4,66.0,63.6,70.8,62.9,64.5,61.2,76.5,69.9,False,False,False,True
71.42,3,69.4,64.5,73.4,64.6,73.5,68.2,77.3,72.7,69.9,71.7,True,False,False,False
53.53,1,55.2,53.3,64.5,55.5,50.1,52.1,58.7,54.8,52.1,51.6,False,True,False,False
55.1,1,53.0,56.3,56.5,56.2,54.7,55.2,55.6,58.4,64.7,53.0,True,False,False,False
81.12,0,81.7,80.7,77.7,74.0,77.6,74.6,73.8,82.3,64.7,97.6,False,False,False,False
60.5,2,64.6,52.5,65.3,55.5,56.9,66.9,56.0,65.5,64.7,61.8,True,False,False,False
69.68,3,69.4,67.5,61.4,61.4,72.9,77.9,63.9,71.0,78.8,72.8,False,False,True,False
54.11,1,51.7,54.5,53.6,64.3,52.3,56.1,52.1,55.4,56.8,58.1,False,False,False,True
68.09,3,69.8,68.6,75.8,66.1,69.5,73.2,61.1,61.8,66.4,68.5,False,False,True,False
54.06,1,53.9,53.8,50.2,55.3,64.4,56.3,52.4,56.8,57.1,50.2,False,False,False,False
69.67,3,76.6,74.2,72.5,67.3,74.4,66.0,62.4,66.7,63.7,73.1,False,False,False,False
76.15,0,71.7,73.4,71.0,82.4,76.0,82.2,84.1,74.2,73.3,64.5,True,False,False,False
79.8,0,79.0,72.9,92.8,83.7,83.2,81.3,82.4,73.4,71.4,78.0,True,False,False,False
83.22,0,84.2,64.5,77.0,95.8,94.2,70.2,99.6,76.1,73.2,76.6,False,True,False,False
55.32,1,56.2,52.7,64.5,51.1,54.4,57.2,58.3,55.0,54.4,55.3,False,False,False,False
57.59,2,61.3,53.1,60.2,52.7,62.9,50.4,56.9,66.1,56.4,64.5,False,True,False,False
70.4,3,61.9,65.4,66.0,72.6,60.9,64.6,78.2,75.6,71.9,76.5,True,False,False,False
70.98,3,64.4,75.3,72.7,72.8,68.3,61.4,77.7,66.8,74.0,75.2,False,True,False,False
91.08,0,64.4,99.4,99.4,83.8,64.4,97.6,97.3,88.6,82.1,75.0,True,False,False,False
56.57,2,58.5,57.8,58.6,52.3,50.9,64.6,57.7,64.8,65.1,53.7,True,False,False,False
71.49,3,76.1,77.2,61.2,64.3,62.5,76.1,64.5,72.9,71.4,75.9,False,False,True,False
83.61,0,89.2,88.0,82.8,64.3,90.6,64.6,64.5,86.3,73.5,71.1,True,False,False,False
69.32,3,64.4,77.1,73.2,66.7,69.7,66.8,76.2,60.2,63.1,62.0,True,False,False,False
60.27,2,65.6,63.0,54.4,67.2,64.4,52.3,68.2,57.3,58.0,52.9,False,False,False,True
60.27,2,64.4,65.7,60.3,66.4,51.7,57.0,59.1,64.6,54.7,57.5,True,False,False,False
82.31,0,81.2,84.4,71.1,97.5,79.7,82.7,79.3,80.9,72.6,93.8,False,False,False,True
71.84,3,77.9,77.7,69.0,74.0,67.3,64.6,71.0,73.4,76.4,64.9,False,True,False,False
59.23,2,55.6,66.2,64.5,57.8,62.7,61.2,58.3,65.0,62.1,64.5,True,False,False,False
61.21,2,61.6,56.0,64.5,62.5,64.4,69.0,68.6,56.8,64.7,68.2,False,False,False,True
68.78,3,64.4,72.3,65.9,61.8,74.8,61.5,77.3,78.9,63.9,67.6,False,False,True,False
60.06,2,61.2,53.4,60.8,67.9,64.4,67.0,66.4,50.3,62.4,60.5,True,False,False,False
68.15,3,63.5,68.1,75.5,63.7,60.6,64.6,72.1,68.6,71.8,71.6,False,True,False,False
83.32,0,70.5,81.6,78.5,99.3,92.4,85.8,64.5,86.8,64.7,77.9,True,False,False,False
64.39,1,58.3,55.3,53.8,58.0,64.4,52.3,52.0,64.8,55.6,50.1,False,False,True,False
83.99,0,88.1,85.9,79.5,76.2,86.7,84.3,78.2,79.1,85.6,96.3,False,True,False,False
59.79,2,63.0,63.3,57.9,66.9,55.3,68.3,59.7,50.9,52.9,59.5,False,True,False,False
60.36,2,65.4,62.3,51.9,65.7,58.2,56.5,54.2,67.0,53.9,68.5,True,False,False,False
70.29,3,76.8,71.3,67.4,76.9,75.9,69.6,62.3,71.6,64.7,68.4,False,False,False,True
54.62,1,56.5,52.6,53.7,57.6,54.7,54.6,51.6,58.1,55.2,51.6,False,False,True,False
69.96,3,64.0,76.8,75.3,72.3,78.0,76.9,64.5,64.9,65.3,60.0,False,False,False,True
55.02,1,56.7,64.5,56.6,53.6,64.4,64.6,58.6,51.8,57.5,51.3,True,False,False,False
59.77,2,59.8,57.5,60.5,59.9,69.0,53.9,67.4,52.1,53.7,64.0,False,False,True,False
64.39,2,66.5,63.6,66.7,67.5,59.4,56.4,65.2,51.0,68.4,60.5,False,False,False,True
80.41,0,87.9,72.5,84.7,85.0,72.8,73.1,85.8,79.4,89.0,73.8,False,False,False,False
85.07,0,98.5,79.9,98.2,77.2,84.2,86.6,77.1,73.1,64.7,92.4,True,False,False,False
58.35,2,64.4,55.3,62.4,64.0,66.6,64.6,68.0,54.2,52.2,51.9,False,False,False,True
71.41,3,62.7,65.9,73.0,78.5,63.8,78.0,68.6,70.2,78.1,75.4,False,False,False,True
83.08,0,82.0,84.5,73.7,96.7,72.0,75.5,64.5,97.8,88.6,71.9,False,False,False,False
54.5,1,55.6,54.9,57.4,64.3,52.2,54.1,50.6,58.5,58.8,64.5,False,False,False,False
54.58,1,64.4,64.5,57.5,51.0,64.4,55.4,51.0,57.3,64.7,56.9,True,False,False,False
72.06,3,77.7,64.6,76.1,64.3,76.9,71.2,63.7,78.7,68.1,75.7,False,False,True,False
81.59,0,64.4,74.0,64.5,99.0,95.5,64.6,64.5,71.9,74.4,76.0,False,False,False,False
70.31,3,63.9,63.6,75.2,73.9,73.2,64.6,64.5,78.8,65.7,64.6,True,False,False,False
53.62,1,64.4,50.8,57.0,51.1,58.0,52.3,64.5,52.2,52.4,54.4,False,False,True,False
59.94,2,55.2,54.8,54.4,61.5,64.7,64.6,65.9,56.7,66.1,60.2,False,False,False,False
64.57,2,68.7,57.9,66.7,64.3,66.8,67.7,60.4,67.7,66.1,64.1,False,False,False,False
83.47,0,72.1,92.8,86.6,96.4,78.7,71.1,84.6,81.0,78.2,64.5,False,True,False,False
71.37,3,71.7,66.1,64.5,76.7,76.7,78.9,66.1,63.6,69.2,77.5,False,False,False,True
86.91,0,92.8,92.0,75.4,83.3,97.1,95.9,81.0,77.4,74.4,99.9,False,False,False,False
54.02,1,58.1,56.1,52.2,54.6,50.5,55.0,50.4,55.8,56.9,50.6,False,False,False,False
84.34,0,94.8,80.0,86.6,84.5,79.7,98.8,81.0,77.7,71.3,89.1,False,False,False,False
82.59,0,96.7,97.1,79.4,64.3,76.4,93.4,75.1,72.1,74.1,82.3,False,False,True,False
53.24,1,50.2,52.8,53.4,51.1,57.2,64.6,55.7,52.2,56.3,51.9,False,False,True,False
88.67,0,64.4,64.5,84.5,86.5,73.2,94.1,85.4,88.0,86.2,98.5,True,False,False,False
53.16,1,51.6,55.2,51.3,50.1,52.4,57.0,52.9,52.4,53.1,55.7,True,False,False,False
84.41,0,75.9,96.7,85.2,91.0,90.1,85.7,83.6,88.5,73.7,73.8,False,False,False,True
61.32,2,53.3,63.1,67.1,57.0,68.8,57.8,58.6,62.7,55.9,64.5,False,False,False,True
64.39,1,53.0,54.1,58.3,57.8,55.8,55.4,51.5,64.8,56.2,52.7,False,False,False,False
64.39,0,70.7,80.8,75.1,97.7,97.3,70.5,64.5,72.5,71.5,75.1,False,False,False,True
54.2,1,56.5,52.1,64.5,64.3,51.5,56.1,50.3,50.1,50.6,58.2,False,False,False,True
53.85,1,54.1,64.5,50.1,57.4,58.1,64.6,54.9,51.7,64.7,53.6,False,True,False,False
57.64,2,59.5,62.3,61.7,64.3,50.1,65.6,54.8,56.7,54.5,58.7,False,False,False,True
53.13,1,51.9,51.8,56.9,51.1,54.2,52.0,55.6,52.8,53.0,52.0,True,False,False,False
67.56,3,62.1,66.4,74.6,64.4,66.9,75.8,60.4,64.9,65.9,74.2,True,False,False,False
69.19,3,64.4,73.7,70.7,73.9,73.5,61.3,62.0,66.2,72.7,64.5,False,True,False,False
53.56,1,55.9,50.2,58.9,64.3,54.9,64.6,64.5,50.1,50.8,57.1,False,True,False,False
54.29,1,64.4,53.8,55.5,51.8,64.4,57.9,64.5,51.7,53.2,50.7,False,True,False,False
58.09,2,63.5,53.4,56.9,62.5,64.4,54.8,54.2,62.2,55.1,65.5,False,True,False,False
54.1,1,57.2,64.5,58.3,53.9,52.6,52.9,64.5,51.0,64.7,54.0,False,False,False,True
82.45,0,85.4,91.6,72.3,72.3,98.8,64.6,92.0,92.7,73.9,74.4,False,False,False,False
59.12,2,58.6,66.7,51.1,64.3,65.1,50.8,64.5,68.2,62.2,52.5,False,True,False,False
55.53,1,58.9,56.3,58.6,64.3,53.3,53.8,50.7,57.9,53.3,54.5,False,True,False,False
64.39,0,84.5,87.4,96.9,71.5,87.5,87.9,99.8,93.1,79.5,94.2,False,False,False,False
72.57,3,75.9,75.6,67.1,75.2,75.7,65.5,74.8,73.5,74.7,64.5,False,False,False,True
81.73,0,75.3,87.9,87.1,94.6,99.9,72.6,73.0,74.6,79.6,72.8,False,False,True,False
67.54,3,68.7,71.8,60.9,66.9,63.3,69.7,64.5,64.8,70.2,62.5,False,True,False,False
82.36,0,86.8,76.6,93.7,93.1,72.4,81.0,70.1,85.6,93.2,71.2,False,False,False,True
60.3,2,64.9,53.8,64.2,56.3,55.2,56.3,68.1,64.2,55.1,64.9,True,False,False,False
83.47,0,70.1,98.8,73.2,75.7,94.8,95.6,77.5,86.5,80.8,81.7,True,False,False,False
55.02,1,54.9,58.1,50.9,59.0,51.3,52.4,55.3,58.1,53.2,57.0,False,False,False,False
60.39,2,66.5,68.3,64.5,53.7,50.8,60.2,54.4,65.0,58.6,68.6,True,False,False,False
70.61,3,64.4,78.8,62.9,66.5,76.7,64.6,75.9,74.4,67.4,69.7,False,True,False,False
70.23,3,70.4,77.2,61.3,67.6,70.0,69.0,70.1,78.1,77.1,61.5,True,False,False,False
66.39,3,61.6,61.5,60.5,62.2,64.4,69.7,75.2,65.4,64.7,70.8,False,False,False,False
55.07,1,54.7,64.5,52.8,55.3,53.3,55.1,52.7,54.4,58.5,57.8,False,False,False,False
71.01,3,76.6,65.0,70.1,76.5,63.6,77.2,63.2,68.0,77.0,72.9,False,False,True,False
53.63,1,51.3,64.5,57.7,56.0,54.9,53.4,50.8,50.1,52.2,55.3,False,True,False,False
53.61,1,50.3,64.5,56.5,50.8,64.4,53.5,56.6,52.7,51.3,52.2,False,False,False,False
58.56,2,54.1,63.5,53.7,53.7,66.2,63.3,51.3,61.1,60.5,58.2,True,False,False,False
54.08,1,55.6,50.2,50.1,56.6,52.3,64.6,54.8,55.8,64.7,53.1,False,False,True,False
64.39,2,59.8,54.2,57.6,50.6,67.9,57.6,60.2,59.0,50.2,58.3,True,False,False,False
54.44,1,64.4,54.6,50.1,54.4,54.4,53.7,58.4,57.5,52.4,50.5,False,True,False,False
55.88,1,57.9,56.2,50.2,64.3,56.5,54.5,55.2,58.6,54.1,58.8,False,False,False,True
71.57,3,76.4,63.6,65.1,76.7,69.0,72.0,78.1,76.9,74.5,63.3,False,False,False,True
64.39,2,53.4,55.2,60.3,66.4,61.9,67.7,62.0,57.0,51.3,65.9,False,False,False,True
64.39,0,91.1,93.0,76.9,75.7,87.5,85.0,85.8,91.2,85.0,64.5,False,False,True,False
56.73,2,54.6,65.3,68.5,50.4,58.0,52.8,50.0,51.0,53.0,63.7,False,False,False,False
88.4,0,84.0,80.8,76.5,99.0,88.6,87.3,64.5,82.8,92.1,95.6,False,True,False,False
70.03,3,64.8,77.9,63.1,61.9,71.6,78.8,72.3,73.9,64.7,71.3,False,False,True,False
55.09,1,52.1,54.5,53.1,58.8,50.7,58.1,51.2,57.0,58.5,56.9,True,False,False,False
71.54,3,74.4,74.3,74.9,69.7,73.3,76.9,60.3,70.2,69.5,71.9,False,False,False,True
60.69,2,60.2,57.3,65.0,56.8,54.0,68.3,68.1,68.1,58.1,51.1,False,False,True,False
60.61,2,58.3,64.5,65.3,65.7,62.5,64.9,55.5,56.9,53.2,66.2,True,False,False,False
60.66,2,68.2,62.9,52.1,54.4,65.0,57.5,67.5,53.8,64.7,63.3,True,False,False,False
59.62,2,53.2,64.2,54.7,67.0,58.0,57.7,67.4,50.6,55.2,68.2,True,False,False,False
61.03,2,53.1,53.8,62.1,64.3,56.9,64.6,67.8,52.3,68.9,68.3,False,True,False,False
70.2,3,67.4,70.7,66.3,77.9,72.4,65.1,64.5,68.8,73.1,77.1,True,False,False,False
68.58,3,68.7,78.5,64.2,60.3,60.8,69.3,75.3,63.2,74.2,71.3,True,False,False,False
72.27,3,69.9,77.2,74.2,74.7,63.5,65.1,72.9,76.1,75.5,73.7,False,False,False,False
87.17,0,80.4,64.5,86.6,98.3,96.0,93.3,86.7,79.8,78.7,73.5,False,False,True,False
71.88,3,73.8,70.5,76.7,71.5,61.8,75.1,78.3,71.8,63.6,75.7,True,False,False,False
64.39,0,90.3,95.8,94.0,86.1,96.5,85.2,89.1,86.3,80.0,77.0,False,False,False,True
67.84,3,61.1,64.5,64.5,71.3,74.2,74.2,63.5,64.6,66.6,72.3,False,True,False,False
54.09,1,54.9,56.3,57.5,51.4,51.3,50.5,50.0,57.7,64.7,64.5,False,False,True,False
64.39,1,51.8,64.5,51.7,51.6,58.9,54.7,56.6,54.4,53.2,52.8,False,False,False,False
54.26,1,52.1,52.5,64.5,53.1,51.9,54.0,53.4,57.9,56.9,64.5,False,False,True,False
54.35,2,61.9,53.4,51.2,58.8,55.1,54.2,51.9,64.8,56.3,50.6,True,False,False,False
60.66,2,57.1,58.3,60.3,53.2,64.4,64.6,68.3,64.8,54.3,62.7,False,True,False,False
53.02,1,56.0,50.3,58.9,50.4,54.2,52.0,50.2,64.8,52.6,53.0,False,False,True,False
87.05,0,94.7,94.4,71.0,96.2,87.4,77.6,83.3,89.3,79.5,97.3,False,False,False,False
68.82,3,76.1,64.5,63.4,66.5,68.5,64.8,76.1,64.8,73.6,65.1,False,False,False,True
68.68,3,69.9,64.5,60.1,77.6,64.3,61.9,70.5,75.5,71.5,64.5,False,False,False,True
68.09,3,62.0,61.7,72.3,72.2,60.2,74.1,73.1,64.8,77.7,64.5,False,False,True,False
55.56,1,53.1,64.5,55.1,55.4,55.2,57.2,57.4,57.4,57.2,51.3,False,False,True,False
68.61,3,77.9,76.4,68.3,74.9,61.5,62.3,67.7,68.5,61.6,67.2,False,True,False,False
61.45,2,62.0,61.3,62.2,67.8,55.1,57.6,67.0,57.8,61.5,62.3,False,False,True,False
60.93,2,67.4,57.2,55.2,63.5,57.9,55.2,56.9,65.6,62.0,68.3,False,False,True,False
67.58,3,65.0,65.9,73.4,71.6,66.8,67.8,64.5,64.8,70.2,64.2,True,False,False,False
55.65,1,58.5,57.7,58.0,57.3,54.0,55.8,57.2,50.4,53.7,54.1,True,False,False,False
59.83,2,59.4,68.8,58.0,62.0,66.6,53.0,59.8,58.2,60.6,51.8,False,False,False,False
72.09,3,78.2,62.5,64.5,75.0,71.3,68.6,64.6,74.9,73.7,74.7,True,False,False,False
54.08,1,64.4,51.7,51.3,64.3,52.8,54.6,64.5,57.1,52.8,57.0,False,False,True,False
86.83,0,96.9,89.2,71.7,97.0,83.2,64.6,64.5,90.8,82.4,81.6,False,False,False,False
82.81,0,78.8,90.7,79.9,93.5,79.7,83.3,92.1,83.1,71.7,75.2,False,False,False,True
69.86,3,72.0,65.2,64.5,76.6,64.1,76.8,64.5,70.1,69.6,78.0,False,False,False,True
65.99,3,60.4,72.5,61.1,61.2,68.3,61.9,67.0,69.2,70.2,68.2,False,False,False,False
55.3,1,55.6,55.1,57.5,64.3,57.4,57.6,64.5,56.7,53.4,55.0,False,False,False,False
54.31,1,64.4,54.7,50.2,55.3,51.1,54.8,55.8,64.8,56.9,64.5,False,False,True,False
67.08,3,64.9,70.2,66.5,74.0,63.6,65.4,61.5,65.4,60.5,78.8,False,False,True,False
64.39,2,60.7,64.5,59.4,64.3,68.2,62.9,66.8,55.2,66.8,50.7,False,False,True,False
67.56,3,66.9,67.9,72.9,60.3,64.4,67.3,71.2,64.8,78.6,67.8,False,True,False,False
56.81,2,54.5,64.5,52.2,50.8,66.0,53.9,51.5,61.1,58.5,67.3,True,False,False,False
64.39,3,66.1,65.1,64.3,66.1,63.3,78.5,67.2,66.6,72.1,71.2,False,False,False,False
55.18,1,58.2,64.5,57.2,50.4,58.2,57.3,52.4,55.5,53.2,54.2,False,False,True,False
83.33,0,76.5,90.0,88.8,93.0,93.8,77.8,76.1,73.8,85.8,64.5,True,False,False,False
55.34,1,55.6,54.8,51.2,55.9,54.2,58.1,58.3,64.8,55.9,51.3,False,False,False,True
69.91,3,66.0,70.4,73.2,77.0,64.4,67.1,60.2,67.4,69.8,73.3,True,False,False,False
55.39,1,56.1,54.7,53.1,54.1,58.3,53.4,55.7,57.5,55.3,55.7,True,False,False,False
86.93,0,92.6,94.0,85.5,88.0,96.8,82.8,70.4,75.2,96.2,87.9,False,False,False,False
64.39,3,67.1,65.9,69.7,74.8,64.4,76.6,64.4,71.0,68.3,71.5,False,False,False,True
83.75,0,96.7,70.2,89.3,86.1,81.6,86.0,82.8,81.6,74.9,88.3,False,False,True,False
68.66,3,67.3,64.5,76.4,71.9,64.4,64.3,74.8,64.1,68.0,61.3,True,False,False,False
67.23,3,68.8,66.9,63.2,63.5,70.4,63.5,68.6,65.7,77.8,63.9,False,False,True,False
54.16,1,55.6,51.6,54.7,58.2,57.1,64.6,64.5,51.5,52.9,53.6,False,False,False,False
83.11,0,76.4,74.3,84.0,89.9,64.4,76.2,99.1,92.2,79.0,71.8,True,False,False,False
63.65,2,64.4,60.1,65.2,65.2,67.7,67.2,64.5,59.1,64.1,66.0,False,False,False,False
81.14,0,91.1,79.7,76.1,73.1,74.9,82.7,84.4,82.8,82.4,84.3,False,False,False,False
82.35,0,64.4,77.3,75.6,75.7,99.3,87.6,81.5,64.8,79.2,80.1,False,True,False,False
68.22,3,73.1,62.4,64.5,61.0,64.4,64.3,68.0,69.0,72.2,67.1,False,True,False,False
55.22,1,54.3,56.7,57.9,55.8,50.6,64.6,55.4,56.4,58.3,53.3,False,False,True,False
70.82,3,67.6,67.1,78.4,67.9,67.6,75.3,70.3,74.3,64.2,64.5,False,True,False,False
61.33,2,64.4,64.5,66.4,59.9,64.4,68.7,59.3,61.5,56.9,50.7,False,False,False,False
82.6,0,71.4,87.9,75.3,71.1,64.4,64.6,78.6,79.7,78.7,64.5,True,False,False,False
69.04,3,64.6,69.0,73.5,64.3,60.4,64.6,75.7,71.6,64.7,74.8,False,True,False,False
67.4,3,65.9,73.0,65.3,62.0,64.8,65.7,72.4,66.1,70.2,68.6,False,False,False,True
59.9,2,52.9,59.7,67.4,60.2,68.2,61.7,53.2,51.0,64.7,59.5,True,False,False,False
83.52,0,78.3,81.5,85.8,89.3,73.7,75.9,64.5,76.5,89.7,86.1,False,False,False,True
64.39,0,90.1,91.7,72.5,81.6,72.7,93.1,93.6,83.2,97.4,64.5,False,False,False,False
67.92,3,60.0,70.2,70.7,71.5,72.7,63.4,71.6,71.9,61.7,65.5,False,False,True,False
68.25,3,64.9,70.5,61.1,77.7,72.8,60.1,68.7,71.8,66.9,68.0,False,False,False,False
69.08,3,76.4,63.3,73.8,68.5,64.4,73.8,77.9,63.4,67.7,61.4,False,False,True,False
57.14,2,64.4,58.3,53.3,51.5,53.6,63.7,60.9,61.1,68.2,50.9,True,False,False,False
70.77,3,76.0,64.5,77.1,64.3,68.8,74.2,75.5,78.1,68.9,63.3,True,False,False,False
69.5,3,63.3,71.9,77.9,69.2,77.8,60.9,64.5,64.8,60.2,64.5,False,False,False,False
67.57,3,75.6,61.0,63.2,74.8,75.3,62.3,60.9,67.6,73.8,61.3,False,False,True,False
64.39,3,78.2,64.5,70.4,64.8,76.4,70.8,74.0,70.1,78.0,67.5,True,False,False,False
58.95,2,53.8,55.8,64.5,51.3,55.8,60.9,59.5,59.1,65.9,62.0,False,False,True,False
57.65,2,55.9,63.3,57.9,51.6,59.6,61.9,50.1,59.9,51.8,64.6,False,True,False,False
83.17,0,80.5,74.5,99.1,92.8,74.1,88.5,89.6,64.8,70.1,89.1,False,False,True,False
64.39,3,67.9,61.2,72.4,73.7,69.7,64.6,65.6,69.4,72.3,77.1,False,False,False,False
82.95,0,76.2,78.7,83.8,80.5,98.1,92.9,78.7,88.6,76.7,64.5,False,False,True,False
69.53,3,64.4,67.7,61.5,78.7,77.5,64.6,69.0,64.8,74.8,70.9,False,True,False,False
86.55,0,89.3,88.7,97.1,97.5,78.7,95.5,77.3,94.3,75.0,72.1,False,False,False,True
87.81,0,81.7,64.5,78.4,84.8,79.8,99.2,85.7,93.7,81.4,97.2,False,False,True,False
55.0,1,54.0,58.2,58.5,50.5,64.4,54.5,54.4,64.8,52.2,58.7,False,False,True,False
53.98,1,57.2,50.9,64.5,64.3,55.6,55.7,53.4,53.2,53.9,51.3,True,False,False,False
61.4,2,62.4,61.5,63.2,63.3,58.5,64.8,64.5,56.0,59.8,68.4,False,False,False,True
69.81,3,78.9,69.7,77.6,64.3,64.2,64.6,69.1,65.9,70.9,77.1,False,True,False,False
70.5,3,73.9,71.3,77.2,68.3,75.5,62.3,66.9,72.6,73.6,63.4,False,False,False,True
59.64,2,52.5,54.7,58.6,61.1,57.7,65.1,51.6,66.1,63.9,65.1,True,False,False,False
83.58,0,80.7,71.8,80.1,86.2,89.0,64.6,76.3,82.9,82.5,87.1,True,False,False,False
83.38,0,79.2,85.5,74.9,99.3,81.8,70.8,71.3,75.2,64.7,99.8,True,False,False,False
62.26,2,66.9,50.8,54.9,60.6,62.7,68.4,57.8,65.9,66.2,68.4,False,False,False,False
54.49,1,52.8,52.2,52.8,50.5,55.0,64.6,56.4,64.8,58.2,56.4,False,False,True,False
87.26,0,95.4,64.5,84.1,78.9,91.6,82.8,89.1,77.5,97.3,79.6,False,False,False,False
84.35,0,97.1,92.0,86.5,64.3,72.0,78.7,79.2,78.7,94.2,72.4,False,False,False,True
83.14,0,75.9,93.3,92.7,82.0,72.6,81.8,97.2,79.1,81.0,75.9,True,False,False,False
71.02,3,61.3,64.5,72.1,71.2,75.8,70.8,62.9,64.0,76.3,78.8,True,False,False,False
55.04,1,52.4,55.6,64.5,51.4,64.4,57.3,56.8,54.5,57.9,55.2,True,False,False,False
60.43,2,58.8,57.1,64.2,68.7,62.7,53.4,66.8,68.8,50.8,53.1,False,True,False,False
85.4,0,83.9,89.6,80.7,82.2,81.9,79.3,71.4,64.8,92.3,99.1,True,False,False,False
86.33,0,64.4,64.5,83.0,96.0,98.3,93.7,85.9,95.3,85.3,75.9,True,False,False,False
78.98,0,76.6,64.5,94.4,88.6,76.2,71.9,70.2,73.0,79.9,78.7,False,False,True,False
85.94,0,85.3,77.8,75.1,92.9,95.7,92.1,91.3,72.2,92.0,85.0,True,False,False,False
70.63,3,77.4,64.5,73.3,75.4,76.4,60.0,65.4,71.3,78.5,67.1,False,False,True,False
60.5,2,61.4,65.3,51.8,57.8,50.2,58.0,63.6,68.0,63.1,64.5,False,False,True,False
53.68,1,56.7,50.5,52.2,51.0,50.4,55.9,56.4,55.2,54.4,54.1,False,False,True,False
82.96,0,72.0,88.5,75.7,97.5,75.0,64.6,71.1,86.3,78.7,92.6,False,True,False,False
81.14,0,76.7,77.6,93.8,81.9,75.4,93.3,74.1,93.1,72.1,73.2,False,False,True,False
87.52,0,99.0,98.5,72.5,92.4,83.5,94.1,82.4,93.3,83.4,76.2,False,False,False,True
64.39,3,70.7,60.3,60.5,78.8,68.8,64.1,72.0,64.8,77.3,64.5,False,False,True,False
64.39,3,69.6,64.3,76.5,65.0,63.9,78.6,66.4,76.4,78.5,77.9,True,False,False,False
55.58,1,57.6,58.7,55.4,55.0,64.4,54.6,58.5,53.4,50.3,56.4,True,False,False,False
53.58,1,54.9,56.3,58.6,52.4,50.6,51.7,52.0,52.7,51.1,55.5,False,False,True,False
70.05,3,67.8,62.9,69.5,78.0,64.6,74.5,71.9,69.7,66.9,64.5,False,False,True,False
86.04,0,90.5,87.4,94.1,76.9,84.8,64.6,70.7,86.5,93.6,99.5,False,False,False,True
64.39,0,87.5,93.7,64.5,85.9,89.5,76.2,74.0,81.7,83.8,70.1,True,False,False,False
68.77,3,62.3,69.0,78.6,60.1,75.8,71.6,64.5,65.0,68.9,61.8,True,False,False,False
53.63,1,53.6,55.0,52.9,55.7,56.0,55.9,50.9,50.3,64.7,51.4,True,False,False,False
54.31,1,64.4,55.1,52.3,53.5,55.1,54.7,55.0,64.8,55.5,57.6,False,True,False,False
70.3,3,74.2,74.5,74.5,62.5,78.5,65.9,74.6,64.8,64.7,74.2,False,False,False,True
70.11,3,69.0,64.5,78.6,75.9,64.0,65.9,60.1,66.5,77.7,66.6,False,False,True,False
54.26,1,51.0,53.7,55.9,54.5,55.9,64.6,58.7,50.6,64.7,56.1,True,False,False,False
87.6,0,83.8,73.0,76.4,98.5,84.7,64.6,98.7,91.9,86.3,85.7,True,False,False,False
64.39,3,64.2,61.2,61.3,77.0,60.6,64.6,64.5,76.3,73.5,66.5,False,True,False,False
55.11,1,58.7,51.7,51.1,55.7,58.9,57.5,55.9,51.4,55.7,64.5,False,False,False,False
83.95,0,93.4,75.8,80.9,83.7,84.1,72.8,78.0,94.4,80.9,95.3,False,False,False,True
81.89,0,80.2,70.7,83.0,71.5,92.7,74.3,81.8,95.2,92.0,77.5,True,False,False,False
74.13,3,64.3,75.7,77.3,72.8,72.8,64.6,78.6,78.6,78.4,78.1,False,False,False,True
67.71,3,66.3,67.9,73.2,76.3,68.6,62.7,64.5,70.6,60.5,64.1,False,False,True,False
58.14,2,60.8,67.2,59.6,55.2,50.8,60.3,52.0,65.5,52.5,57.5,False,False,True,False
68.45,3,63.8,61.6,77.6,60.7,64.6,64.6,77.4,75.8,64.7,63.2,True,False,False,False
87.0,0,95.9,93.6,88.4,80.6,94.6,76.8,78.5,89.6,94.2,77.8,False,False,False,False
80.26,0,72.7,79.5,86.3,82.9,85.0,83.3,76.7,73.0,92.7,70.4,False,True,False,False
62.27,2,68.0,56.3,66.1,50.3,67.4,66.5,62.1,65.9,57.9,62.3,True,False,False,False
82.95,0,72.7,82.0,64.5,72.1,72.1,82.1,64.5,90.6,64.7,81.9,False,True,False,False
69.41,3,70.3,61.2,77.1,69.7,78.9,64.6,61.7,67.7,64.7,70.4,True,False,False,False
82.81,0,79.4,78.1,94.0,97.4,84.7,71.8,95.7,81.1,70.5,75.5,True,False,False,False
54.52,1,51.3,58.9,58.5,64.3,55.2,51.0,64.5,50.7,50.9,57.6,False,False,False,False
54.05,1,54.1,55.6,53.9,51.2,57.6,55.6,55.3,51.1,52.5,64.5,False,False,False,True
87.13,0,94.0,98.4,90.2,87.6,72.6,86.2,86.4,92.2,85.9,77.7,False,False,False,False
63.39,2,60.9,66.0,68.1,67.4,64.8,51.9,62.6,65.7,62.3,64.4,False,False,False,True
80.6,0,81.4,77.0,70.7,82.8,74.1,86.4,64.5,97.6,64.7,77.6,True,False,False,False
71.87,3,77.7,73.4,77.7,62.7,76.4,66.7,74.3,69.9,78.8,61.1,False,False,False,False
58.73,2,65.0,53.9,53.0,64.3,67.3,66.2,50.8,58.1,50.3,61.5,False,False,False,True
68.82,3,65.2,74.8,64.5,64.0,66.1,61.7,74.3,70.5,76.9,62.2,False,False,False,False
68.82,3,73.0,63.9,71.4,69.2,67.5,76.9,61.9,74.7,64.7,64.7,False,True,False,False
52.99,1,51.2,53.4,53.0,50.4,52.3,56.4,51.8,64.8,64.7,52.6,False,False,False,True
86.03,0,83.8,96.2,72.7,89.3,88.2,95.8,78.6,89.1,75.4,91.1,True,False,False,False
83.53,0,79.7,72.5,86.9,98.5,96.9,92.4,82.4,74.8,73.2,78.0,False,True,False,False
72.46,3,64.4,74.2,61.6,77.7,64.4,76.6,62.1,72.0,77.5,72.6,False,False,False,True
83.28,0,86.6,82.9,86.5,86.8,92.7,70.4,94.2,80.5,75.1,77.2,True,False,False,False
70.5,3,67.5,64.3,67.7,77.5,73.6,64.6,68.7,74.4,71.6,72.7,False,False,True,False
53.7,1,55.8,51.4,52.3,56.8,58.2,52.4,52.7,55.8,50.9,50.7,True,False,False,False
67.16,3,63.7,62.7,69.9,64.6,72.2,65.1,70.2,62.6,63.8,76.9,False,False,True,False
64.39,1,54.4,54.1,53.4,53.3,50.6,58.2,56.3,55.8,53.3,50.8,True,False,False,False
64.39,3,64.2,65.3,72.6,76.4,66.9,61.9,66.5,70.7,66.7,77.9,False,False,False,True
64.39,3,64.8,71.0,75.3,75.0,75.4,75.6,78.9,75.5,78.5,64.5,False,True,False,False
54.14,1,57.0,56.6,50.4,56.5,57.1,51.5,64.5,51.1,51.9,56.5,True,False,False,False
53.41,1,51.1,52.5,57.1,52.3,55.4,53.9,51.8,54.2,50.0,55.7,False,False,True,False
54.98,1,53.6,55.6,52.8,53.7,57.5,57.9,58.5,64.8,64.7,55.8,False,False,False,False
55.18,1,58.8,55.3,53.1,64.3,52.0,58.7,57.2,55.0,57.6,53.7,True,False,False,False
71.22,3,75.4,67.0,74.0,75.3,79.0,70.0,70.6,63.1,73.5,64.4,True,False,False,False
71.26,3,70.5,66.3,72.7,78.4,77.4,66.6,75.8,73.3,68.5,63.1,False,False,True,False
69.13,3,65.4,65.9,61.2,71.3,76.3,71.0,62.2,69.2,75.7,64.5,False,True,False,False
82.29,0,82.4,64.5,64.5,93.2,87.8,74.1,75.1,93.9,64.7,84.7,False,True,False,False
57.03,2,51.5,50.2,57.3,64.3,52.3,58.1,59.5,57.9,67.0,60.4,False,True,False,False
81.41,0,73.4,78.0,79.3,72.6,77.6,70.8,89.6,96.9,91.4,84.3,False,False,False,False
55.55,1,50.3,64.5,57.9,55.0,58.9,52.4,55.7,54.4,58.8,64.5,False,True,False,False
60.52,2,67.0,66.5,55.4,65.8,61.0,54.2,60.0,58.7,53.6,62.9,False,False,False,True
70.83,3,64.9,74.4,69.3,78.6,73.1,76.2,67.1,64.8,63.2,76.7,False,False,False,True
61.88,2,67.8,60.1,64.8,54.4,64.4,58.2,61.0,59.4,61.4,67.4,True,False,False,False
68.53,3,61.5,60.5,64.5,71.5,78.0,67.8,68.4,77.1,67.5,68.4,False,True,False,False
64.39,2,63.1,67.4,54.2,57.8,64.8,67.3,66.8,56.0,52.6,65.6,False,False,True,False
86.29,0,76.6,95.0,84.7,97.8,71.6,89.3,93.2,91.7,83.8,79.1,True,False,False,False
58.91,2,51.1,64.5,54.4,57.9,53.0,68.0,64.4,64.9,63.3,54.5,True,False,False,False
54.09,1,51.0,57.3,52.2,54.9,52.9,53.3,52.9,64.8,54.3,56.7,False,False,False,False
55.11,1,54.4,53.2,53.1,53.5,56.3,57.6,51.7,57.6,57.9,55.8,True,False,False,False
55.04,1,56.9,50.9,54.4,54.7,51.7,57.2,58.5,51.5,58.9,55.6,False,False,True,False
57.49,2,65.5,66.8,51.2,52.3,52.9,58.5,57.5,57.6,58.7,53.8,False,False,False,False
64.39,2,56.2,66.3,51.8,57.6,61.5,63.9,50.2,64.8,58.6,61.2,True,False,False,False
55.72,1,64.4,58.7,58.8,54.7,55.7,58.3,52.3,52.2,57.6,50.6,False,True,False,False
88.16,0,97.7,88.0,79.2,96.3,72.6,73.9,93.8,92.0,96.2,92.0,True,False,False,False
61.08,2,59.2,67.7,64.0,57.7,63.1,59.2,55.2,63.1,66.3,55.2,True,False,False,False
70.66,3,64.4,60.3,69.8,75.2,71.8,72.1,75.0,67.9,72.7,78.0,False,True,False,False
82.36,0,97.9,99.5,72.8,84.0,73.9,71.7,86.5,64.8,64.7,89.3,False,True,False,False
53.09,1,54.2,52.0,50.7,53.4,50.5,52.0,52.9,54.3,57.2,53.8,False,False,False,True
89.38,0,73.6,83.4,92.6,87.9,64.4,99.2,94.9,94.6,74.2,64.5,False,False,False,True
60.76,2,59.5,66.2,51.9,52.4,67.7,67.2,64.3,60.6,52.7,65.1,True,False,False,False
59.38,2,56.0,60.8,56.4,55.4,64.4,64.3,54.9,68.0,56.0,63.0,False,False,False,True
68.8,3,65.8,64.5,77.0,74.8,71.3,63.5,60.2,67.0,61.8,75.3,False,True,False,False
58.13,2,60.0,53.2,65.3,53.9,54.0,67.9,68.0,51.8,51.4,55.8,True,False,False,False
70.3,3,63.7,73.1,64.5,61.8,75.9,72.9,74.7,76.6,67.5,73.3,False,False,False,False
69.69,3,64.2,64.1,63.8,70.2,75.5,70.0,76.8,69.3,75.2,67.9,False,False,True,False
69.23,3,61.7,76.5,62.3,72.4,76.3,68.5,64.0,73.1,73.4,64.3,False,False,False,True
53.82,1,53.5,56.2,58.4,51.5,58.2,52.3,57.1,50.1,50.2,64.5,False,False,False,False
67.28,3,68.1,62.5,68.5,68.9,64.4,61.2,72.4,69.1,78.2,63.6,False,False,False,True
86.53,0,74.2,84.6,81.7,97.3,97.6,88.7,97.4,64.8,79.9,88.8,False,False,False,True
70.04,3,63.8,67.4,73.8,76.0,66.5,74.8,76.0,62.6,60.7,78.8,False,False,True,False
70.01,3,67.2,67.7,65.3,69.6,62.0,64.6,75.0,76.5,68.5,72.2,True,False,False,False
58.64,2,64.1,59.1,52.1,50.5,64.4,64.6,57.6,59.8,54.8,60.3,False,False,True,False
84.54,0,93.8,81.1,75.9,87.3,81.1,84.8,88.2,85.5,86.1,81.6,False,False,False,True
86.45,0,79.3,99.1,88.9,78.6,72.5,86.4,99.9,97.5,91.1,71.2,False,False,False,False
54.11,1,52.1,52.3,64.5,56.6,52.6,53.9,52.6,54.5,58.0,52.6,True,False,False,False
55.16,1,51.1,52.6,56.7,56.4,57.1,52.9,58.1,51.8,57.0,58.0,True,False,False,False
53.92,1,52.5,56.4,58.2,51.3,50.8,54.6,53.0,53.5,58.7,50.2,True,False,False,False
86.94,0,99.5,81.3,79.6,93.8,77.8,90.2,82.6,95.7,80.2,88.5,True,False,False,False
58.46,2,65.4,54.4,60.3,51.0,54.6,66.9,53.1,64.8,67.2,58.8,True,False,False,False
55.04,2,52.2,55.9,61.1,50.4,58.0,58.2,64.5,54.5,57.2,51.5,False,True,False,False
53.64,1,51.4,58.0,50.6,64.3,55.9,54.4,50.7,53.2,64.7,55.4,False,False,True,False
64.39,2,62.0,68.5,63.0,56.2,59.3,66.9,68.7,63.7,67.5,64.5,True,False,False,False
86.67,0,99.0,93.0,70.1,99.6,95.8,97.1,90.7,72.0,64.7,79.4,True,False,False,False
80.1,0,81.8,97.2,64.5,91.1,71.9,70.2,79.7,73.1,90.1,64.5,False,False,False,False
70.22,3,62.7,76.1,77.9,72.8,62.6,71.6,76.5,62.6,77.4,62.1,True,False,False,False
88.27,0,64.4,76.9,99.7,95.9,90.7,98.8,64.5,85.0,73.3,84.2,True,False,False,False
60.36,2,56.0,60.5,59.7,51.0,58.2,64.6,63.8,59.3,60.6,65.6,True,False,False,False
56.79,2,54.7,50.9,59.8,64.3,64.4,50.2,64.7,52.8,64.9,52.4,False,False,False,True
89.96,0,99.8,93.1,79.0,91.9,64.4,64.6,98.0,88.5,94.0,91.7,False,False,False,False
84.89,0,83.8,73.9,64.5,89.8,64.4,85.0,72.8,72.2,92.6,91.4,False,False,False,False
71.51,3,70.0,73.6,75.2,73.2,72.3,66.6,63.5,71.1,76.0,73.6,False,False,True,False
68.69,3,76.8,65.9,76.0,64.3,71.2,67.6,61.6,77.8,60.9,67.2,False,False,False,True
70.68,3,75.7,72.7,72.3,68.5,67.3,68.5,73.4,71.2,65.6,71.7,True,False,False,False
54.14,1,64.4,51.1,54.8,57.1,64.4,53.4,64.5,53.7,64.7,55.1,False,False,True,False
59.03,2,57.7,65.2,64.5,67.2,51.2,53.3,58.2,61.7,61.3,51.6,False,False,False,True
54.08,1,55.2,51.9,64.5,64.3,57.8,52.2,51.5,55.6,64.7,51.2,False,True,False,False
54.53,1,55.0,55.3,50.7,52.1,56.2,64.6,56.3,57.9,58.4,52.1,True,False,False,False
60.65,2,56.1,64.5,63.1,64.3,63.9,54.1,63.3,53.0,64.7,65.9,False,False,False,False
53.39,1,52.1,57.7,57.5,50.4,50.2,64.6,51.0,52.4,55.5,53.6,False,False,False,False
83.86,0,76.4,78.6,75.4,92.9,81.5,86.7,78.5,85.4,95.9,87.3,True,False,False,False
55.0,1,54.7,54.4,51.4,64.3,58.2,56.5,57.3,50.1,64.7,57.0,True,False,False,False
68.59,3,68.1,75.1,65.5,68.9,77.4,61.2,67.6,63.0,78.1,61.3,False,False,False,False
71.88,3,73.4,74.9,78.8,74.3,69.4,78.7,66.4,64.0,72.2,66.5,False,False,False,True
55.26,1,64.4,54.5,52.2,57.3,50.0,57.1,52.3,58.8,57.7,64.5,False,True,False,False
54.53,1,54.8,55.0,53.1,52.9,52.0,53.2,55.7,58.8,52.0,57.8,False,False,False,False
67.3,3,65.2,65.5,65.7,74.3,62.2,75.7,61.1,70.2,71.5,61.7,False,False,False,False
73.15,3,78.1,69.8,71.2,76.0,72.1,73.9,64.8,74.3,76.6,74.7,False,True,False,False
85.76,0,99.8,79.5,78.4,88.9,87.0,86.3,70.9,97.2,73.6,96.0,False,False,True,False
70.96,3,65.7,76.8,71.9,72.6,62.2,64.6,67.2,72.8,70.6,71.6,False,False,True,False
68.26,3,72.8,73.3,64.6,62.8,64.4,67.9,78.0,64.7,61.2,61.6,False,False,True,False
56.37,2,51.3,50.1,52.8,65.9,57.9,53.8,52.2,56.9,53.9,68.9,False,False,False,False
64.39,1,54.1,64.5,64.5,53.5,51.7,55.3,53.7,51.5,58.6,50.1,False,True,False,False
81.9,0,75.6,78.1,93.1,94.2,84.7,64.6,64.5,74.3,64.7,89.2,False,False,False,False
54.19,1,58.6,58.3,58.6,52.2,52.7,64.6,52.0,52.3,51.6,52.4,False,False,False,True
91.77,0,90.1,87.4,91.3,64.3,89.1,95.3,95.5,98.1,84.8,94.7,False,True,False,False
88.62,0,79.1,91.0,64.5,88.8,92.7,88.1,93.6,81.4,99.6,83.1,False,True,False,False
84.61,0,88.6,88.4,88.7,85.2,82.5,99.0,72.8,99.2,64.7,71.2,True,False,False,False
61.12,2,54.9,63.5,61.1,59.6,65.0,60.6,68.9,59.1,63.9,54.6,False,False,True,False
59.4,2,62.6,60.6,53.2,64.5,66.1,54.0,57.0,67.5,56.3,52.3,True,False,False,False
64.39,0,80.6,80.7,76.3,71.6,93.4,81.8,64.5,82.4,83.7,84.9,True,False,False,False
59.99,2,54.7,62.1,66.8,58.4,64.4,57.2,52.0,65.0,65.7,56.2,False,False,False,False
58.98,2,53.2,58.3,64.5,63.3,53.2,66.0,57.8,58.2,56.2,62.5,True,False,False,False
85.26,0,75.9,64.5,78.8,80.4,85.4,94.2,94.1,79.3,96.3,71.7,False,False,True,False
55.51,1,53.4,64.5,64.5,57.0,58.4,57.3,64.5,58.1,56.1,53.2,True,False,False,False
54.87,1,55.9,52.1,55.6,54.3,53.8,56.5,64.5,55.7,53.0,58.1,True,False,False,False
55.33,1,54.6,57.5,54.9,56.3,56.8,55.2,53.4,54.3,57.8,64.5,True,False,False,False
54.19,1,54.5,56.7,58.9,56.0,52.3,64.6,52.6,52.2,58.1,50.1,False,False,False,True
54.88,1,51.7,64.5,55.5,56.8,58.1,55.5,58.1,64.8,53.2,55.5,True,False,False,False
81.13,0,73.6,64.5,74.2,77.0,78.1,64.6,72.8,92.3,92.6,78.8,False,False,False,True
54.74,1,56.5,52.2,50.4,58.6,64.4,53.1,54.9,58.1,58.7,54.6,False,False,True,False
60.01,2,51.8,67.9,56.1,61.4,53.8,55.9,53.6,68.7,65.1,65.8,False,False,False,False
53.32,1,50.3,55.0,52.5,50.6,58.2,50.8,53.9,57.3,50.5,54.2,True,False,False,False
85.47,0,75.4,93.7,87.6,81.3,75.4,96.7,70.7,97.5,64.7,77.0,False,False,True,False
88.22,0,97.1,92.6,96.9,72.1,95.6,64.6,82.8,85.8,92.8,79.9,False,True,False,False
64.39,2,53.5,53.8,64.5,64.3,58.8,62.5,66.1,64.6,52.5,57.2,True,False,False,False
55.28,1,54.8,57.2,64.5,64.3,57.1,54.1,64.5,53.9,58.6,52.6,True,False,False,False
67.98,3,69.9,63.4,60.1,74.2,62.1,72.5,61.7,64.8,78.3,73.6,False,False,False,True
61.21,2,53.4,54.9,65.9,62.5,60.7,59.5,68.4,61.2,61.2,64.4,False,False,True,False
68.33,3,76.6,70.0,67.9,61.6,64.6,76.0,66.9,60.8,70.2,68.7,False,False,False,True
64.39,1,64.4,57.3,54.4,58.6,51.1,54.8,56.7,52.4,55.2,64.5,False,False,False,True
68.12,3,69.9,70.2,64.5,64.3,72.2,64.0,76.8,66.1,61.9,66.1,False,False,False,True
70.53,3,60.2,69.8,74.2,67.8,65.7,70.8,75.8,73.6,69.0,78.5,True,False,False,False
83.63,0,77.8,96.8,80.2,64.3,64.4,71.8,96.7,72.2,82.6,64.5,True,False,False,False
57.87,2,50.6,57.9,50.7,64.3,50.8,60.2,60.0,61.8,64.7,57.2,False,False,False,False
56.21,2,64.4,65.1,60.8,56.5,64.4,51.9,62.4,53.3,53.7,53.4,False,False,True,False
59.07,2,54.4,52.4,59.1,58.8,59.5,63.2,60.8,64.8,64.0,64.5,True,False,False,False
66.6,3,75.5,64.3,64.0,70.7,62.8,62.3,67.1,69.1,69.8,60.3,False,False,True,False
67.64,3,60.5,67.7,64.5,70.2,66.2,68.6,73.4,71.6,62.5,69.0,False,False,False,True
69.84,3,76.1,68.5,78.7,73.0,61.2,62.1,71.0,63.1,69.7,75.0,False,False,False,True
71.12,3,72.2,70.1,63.7,64.3,64.4,77.7,75.2,70.1,74.6,61.1,False,False,False,False
88.2,0,80.1,91.9,97.4,81.1,99.0,81.3,64.5,83.8,75.2,64.5,False,False,True,False
53.39,1,52.1,50.3,57.9,53.2,55.5,52.5,52.8,54.5,64.7,64.5,True,False,False,False
85.43,0,78.2,77.7,88.0,99.1,99.0,71.2,93.2,94.7,75.6,77.7,False,False,True,False
85.65,0,70.6,81.3,71.1,89.7,89.6,96.4,94.8,99.9,83.6,79.7,False,True,False,False
68.69,3,62.7,71.2,69.8,62.9,66.1,73.4,68.4,75.2,77.0,60.1,False,False,False,True
70.11,3,73.4,64.5,78.8,68.5,65.4,64.9,69.4,72.3,62.2,69.7,False,False,False,True
71.14,3,69.0,66.6,68.8,73.4,76.8,73.4,72.9,64.8,78.5,69.4,False,False,False,True
86.42,0,71.7,99.5,82.0,64.3,89.0,73.4,98.6,72.6,88.2,90.3,False,False,True,False
58.3,2,60.9,50.2,62.3,59.2,64.4,64.9,53.8,58.6,54.6,58.1,False,False,False,True
69.07,3,71.6,64.7,72.7,65.7,66.2,72.9,62.8,67.5,64.7,73.3,True,False,False,False
55.28,1,57.7,55.4,50.8,58.7,58.6,50.1,56.5,54.7,52.7,57.7,False,False,True,False
60.03,2,58.1,68.4,50.9,59.3,60.7,68.2,61.3,63.5,55.2,54.7,False,False,False,False
88.51,0,64.4,85.5,88.6,86.2,99.9,64.6,89.3,93.5,78.6,95.5,False,True,False,False
83.74,0,79.8,85.1,83.2,77.0,89.0,85.0,72.5,89.6,89.6,86.5,False,True,False,False
83.85,0,84.5,91.1,64.5,75.9,75.8,85.8,75.9,84.5,88.6,82.5,False,True,False,False
64.39,0,97.5,79.6,93.8,89.2,97.0,73.6,84.7,88.0,81.2,77.3,True,False,False,False
64.39,3,71.5,64.1,77.3,69.6,78.0,70.1,69.9,63.2,73.7,60.7,True,False,False,False
58.57,2,61.5,53.6,60.9,68.3,55.2,60.2,54.8,64.8,59.9,51.9,False,False,False,False
84.17,0,94.0,97.8,64.5,74.8,89.8,99.2,70.6,84.0,71.2,64.5,False,False,False,False
53.36,1,52.6,64.5,52.0,56.2,55.0,50.1,51.5,58.7,50.6,54.0,True,False,False,False
57.91,2,57.5,64.5,65.3,53.5,55.6,65.0,51.9,59.2,59.8,64.5,False,False,False,True
53.63,1,55.4,51.4,54.0,64.3,50.2,56.8,50.5,55.4,50.9,56.5,False,False,False,False
60.41,2,68.8,62.3,58.6,61.7,63.7,58.5,56.6,50.7,64.3,59.0,False,False,False,True
67.45,3,72.1,62.3,62.1,61.1,74.4,66.8,69.0,65.3,72.5,68.7,True,False,False,False
54.64,1,54.6,50.6,54.9,58.3,56.9,53.3,55.1,53.9,52.6,56.2,False,True,False,False
88.86,0,79.6,78.5,98.3,64.3,87.8,93.5,97.7,64.8,78.3,99.0,False,False,False,False
83.95,0,93.9,77.7,78.1,82.9,82.5,96.4,91.4,83.6,76.3,76.8,False,False,False,False
60.01,2,64.4,62.5,55.8,63.3,61.2,64.6,64.5,56.1,58.5,52.3,True,False,False,False
67.74,3,69.3,74.6,64.5,64.3,62.8,60.2,72.5,60.3,75.8,66.6,True,False,False,False
67.73,3,75.6,66.5,64.5,60.4,62.2,64.6,63.9,61.4,78.9,67.1,False,False,False,False
53.02,1,64.4,58.7,57.0,51.9,50.9,50.3,64.5,64.8,51.3,52.0,False,True,False,False
61.64,2,68.3,61.2,63.8,65.3,68.2,56.4,55.8,51.4,64.8,61.1,False,True,False,False
70.75,3,73.1,67.6,71.3,65.6,71.9,70.0,66.4,70.3,73.4,77.9,True,False,False,False
86.44,0,82.8,79.8,87.7,89.7,94.6,96.6,72.1,82.4,85.2,93.5,False,False,True,False
82.72,0,72.3,75.3,99.6,78.6,75.6,94.6,77.9,79.2,64.7,82.1,True,False,False,False
71.99,3,75.3,68.4,74.7,71.1,77.9,68.4,61.5,64.8,76.6,64.5,True,False,False,False
59.56,2,60.9,62.0,66.9,54.8,53.6,62.0,57.5,55.7,67.4,64.5,False,True,False,False
64.39,3,65.1,60.1,73.2,68.1,64.4,64.6,72.5,61.5,68.8,61.2,False,False,False,True
53.52,1,53.0,51.3,54.0,55.3,51.2,50.9,57.6,51.1,64.7,64.5,False,False,False,True
53.65,1,51.9,52.7,64.5,54.3,57.2,52.2,53.0,58.5,64.7,51.6,False,False,False,False
54.3,1,57.4,64.5,50.6,53.7,56.4,54.6,51.8,57.9,56.1,52.3,False,False,False,False
54.31,1,58.5,51.4,51.4,52.1,57.4,58.7,64.5,52.9,51.8,64.5,False,False,False,True
67.36,3,73.4,64.5,64.5,71.8,60.8,75.5,64.1,76.4,62.0,66.1,False,True,False,False
86.06,0,87.5,79.3,84.3,93.1,98.6,88.6,80.2,85.7,86.7,76.5,False,False,True,False
69.86,3,75.7,78.3,66.3,64.3,63.4,67.2,65.8,75.8,64.7,76.5,True,False,False,False
58.82,2,61.7,60.7,51.9,64.3,59.8,66.2,64.5,53.3,51.6,67.0,False,False,False,True
70.39,3,65.2,67.8,69.9,75.9,66.5,76.8,75.6,67.8,68.3,70.0,False,False,False,True
59.33,2,64.8,55.4,67.1,53.5,55.5,65.5,54.7,56.6,52.5,67.7,True,False,False,False
64.39,3,78.9,78.0,67.7,66.4,64.3,62.0,75.5,66.1,74.7,77.6,False,False,False,True
64.39,1,54.6,50.8,56.8,51.3,55.6,56.1,50.6,64.8,54.1,53.4,False,False,False,False
55.22,1,53.1,64.5,57.0,53.2,55.2,58.4,58.7,56.6,52.9,64.5,False,False,True,False
60.2,2,62.0,55.2,65.9,66.0,57.6,56.3,62.5,53.7,66.7,56.1,True,False,False,False
70.66,3,66.0,66.2,69.7,68.4,64.4,72.7,72.3,77.1,62.6,77.1,False,False,False,False
61.01,2,67.1,57.6,58.5,58.8,62.9,54.6,64.5,62.0,55.0,68.4,True,False,False,False
71.44,3,75.8,78.4,75.2,75.4,70.6,64.6,65.5,70.2,67.8,64.0,False,True,False,False
64.39,1,58.9,51.0,51.6,52.5,58.3,54.8,50.2,51.8,56.7,57.0,False,False,False,True
69.84,3,73.7,75.0,76.7,63.4,69.5,62.7,70.2,70.0,60.1,77.0,False,True,False,False
68.6,3,61.7,64.5,69.7,67.7,64.4,77.5,60.7,64.8,70.6,67.9,True,False,False,False
85.1,0,87.0,73.6,88.4,96.6,90.1,84.1,78.3,70.7,97.7,84.6,False,False,False,True
54.43,1,51.1,55.8,51.0,53.8,52.2,52.0,55.8,58.2,58.6,55.8,False,True,False,False
69.41,3,73.2,78.5,60.3,71.2,67.8,69.6,64.5,71.3,65.2,64.9,False,False,False,False
71.76,3,71.6,75.9,74.1,63.1,70.3,74.4,78.0,65.3,78.7,66.1,False,False,False,False
79.73,0,73.4,74.5,76.8,76.8,91.6,72.1,79.0,76.9,87.4,64.5,True,False,False,False
58.86,2,56.9,68.2,57.0,54.3,50.8,68.7,51.2,53.1,64.7,63.5,False,False,False,False
81.73,0,87.2,79.7,64.5,93.3,64.4,72.0,77.9,89.6,90.9,70.1,True,False,False,False
58.81,2,55.2,59.9,63.5,51.3,58.0,60.3,56.5,63.9,50.9,68.6,False,False,True,False
64.39,1,58.9,51.0,56.1,58.3,58.6,53.8,56.6,55.4,54.3,64.5,False,True,False,False
66.41,3,62.4,74.7,66.8,63.4,60.6,64.6,64.5,63.8,64.7,60.5,True,False,False,False
62.78,2,66.6,61.1,64.5,64.3,64.4,55.7,68.1,55.0,68.2,61.2,False,False,False,True
60.43,2,57.2,52.3,54.3,62.6,63.1,58.4,61.5,67.0,67.0,60.9,True,False,False,False
81.89,0,71.2,75.6,70.3,88.1,86.3,95.2,91.3,81.5,71.6,87.9,False,False,False,False
67.47,3,63.0,70.0,63.8,77.8,66.0,66.8,65.4,62.1,62.1,77.6,False,True,False,False
88.32,0,92.5,75.2,64.5,85.6,64.4,91.1,96.0,90.5,83.6,94.1,False,False,False,False
61.95,2,62.1,59.4,68.9,59.8,66.1,59.5,67.9,64.8,53.6,67.0,False,False,False,True
71.37,3,76.8,60.0,69.9,64.1,73.9,74.1,75.2,74.2,76.3,69.3,True,False,False,False
87.88,0,82.5,89.8,89.0,92.8,64.4,64.6,72.3,81.2,64.7,91.1,False,True,False,False
53.31,1,55.5,51.8,50.1,52.5,57.2,64.6,50.1,54.4,54.1,50.0,False,True,False,False
89.1,0,85.9,99.8,89.4,79.5,93.3,99.4,83.7,64.8,73.2,95.1,True,False,False,False
86.06,0,92.0,71.9,64.5,88.5,91.5,89.5,93.7,83.2,90.7,77.5,False,False,False,True
54.19,1,57.8,55.4,57.5,50.9,53.2,64.6,51.1,51.6,52.0,55.8,False,False,False,False
54.0,1,52.8,50.0,52.8,51.9,58.1,56.9,56.3,52.3,58.6,50.1,False,False,False,True
69.27,3,71.8,69.9,78.9,60.2,70.6,78.6,60.8,66.7,68.5,66.8,True,False,False,False
53.84,1,64.4,51.2,54.4,53.2,51.5,50.5,58.7,54.9,64.7,54.1,False,False,False,True
64.39,1,53.5,50.9,52.6,52.2,64.4,50.3,64.5,54.4,56.6,51.5,False,False,True,False
55.72,1,56.2,54.4,57.4,58.6,52.7,52.4,54.7,59.0,54.0,58.0,False,False,False,True
62.18,2,61.2,62.1,66.5,67.0,53.2,64.6,60.1,62.3,62.6,64.5,False,False,True,False
53.96,1,53.3,51.0,54.7,64.3,55.1,55.0,64.5,51.1,57.6,51.7,False,False,True,False
58.39,2,65.1,53.0,66.0,55.5,59.3,55.2,64.5,55.6,66.1,50.4,False,True,False,False
60.83,2,64.8,60.0,61.5,59.4,66.0,57.1,65.2,64.8,64.7,54.9,False,False,False,False
58.07,2,59.4,64.8,60.4,59.3,51.1,51.3,58.7,55.4,58.8,61.4,True,False,False,False
85.77,0,94.4,76.5,99.2,88.7,91.1,86.7,77.2,95.9,74.2,73.7,False,True,False,False
59.05,2,64.4,55.9,64.0,67.9,57.2,51.6,61.8,55.9,67.8,52.7,False,False,True,False
71.11,3,70.1,77.4,63.7,76.1,64.4,77.4,69.9,64.8,74.9,62.3,False,True,False,False
59.6,2,64.0,60.3,58.6,55.6,56.2,50.5,58.3,61.8,66.3,64.6,False,False,True,False
82.21,0,91.0,89.4,95.3,90.0,81.9,76.1,70.0,74.6,83.2,64.5,False,False,False,False
54.21,1,64.4,52.8,55.9,57.5,50.5,58.0,53.7,54.8,50.3,57.0,False,True,False,False
83.74,0,75.8,70.3,90.1,70.3,86.6,99.2,72.4,95.7,85.6,91.3,False,False,True,False
64.39,3,75.0,66.4,71.7,75.0,61.3,77.7,64.5,74.9,78.3,66.4,False,True,False,False
55.42,1,64.4,52.9,55.3,57.7,64.4,58.0,57.0,52.7,58.2,57.9,False,False,False,True
54.27,1,53.3,50.7,54.0,52.7,64.4,55.2,50.2,55.4,57.6,56.2,False,False,True,False
53.22,1,52.5,52.4,53.3,52.0,53.6,64.6,53.0,56.0,50.2,54.4,False,False,False,True
59.51,2,55.8,64.3,64.2,63.9,56.9,50.6,57.8,60.8,59.4,61.6,False,False,False,True
68.0,3,67.6,61.9,74.2,60.5,70.7,78.9,64.7,74.7,66.5,64.5,False,False,False,True
68.4,3,64.4,70.8,67.2,71.4,62.8,76.9,71.0,64.8,66.2,65.0,False,False,False,True
90.62,0,85.9,96.4,87.0,64.3,94.7,94.8,71.6,64.8,88.7,91.9,False,False,False,True
71.22,3,77.1,77.9,64.5,68.1,60.7,71.6,76.6,77.5,62.3,62.9,False,False,True,False
82.63,0,92.0,86.9,87.1,64.3,81.2,64.6,97.3,77.3,80.6,72.4,False,False,False,False
89.09,0,89.7,64.5,89.4,76.7,64.4,64.6,84.2,64.8,94.8,64.5,False,False,False,False
60.71,2,65.3,64.5,64.5,67.6,64.0,62.5,54.5,50.6,62.7,68.5,True,False,False,False
69.47,3,68.0,63.4,76.4,72.3,71.7,71.7,62.9,71.0,75.3,62.0,False,False,False,True
86.24,0,78.9,81.6,70.2,83.0,94.1,90.3,87.0,90.9,96.6,89.9,False,False,True,False
59.4,2,64.4,58.2,51.4,56.5,65.1,60.4,59.4,51.6,66.5,69.0,False,False,False,False
59.7,2,63.5,57.7,64.5,53.5,56.0,66.6,60.8,68.7,51.1,56.5,False,False,False,True
85.14,0,90.6,64.5,89.5,73.5,70.6,98.0,79.8,77.8,84.5,97.1,False,False,False,True
54.17,1,56.2,54.6,51.5,52.2,51.2,64.6,56.8,53.6,51.8,56.3,False,False,False,True
83.57,0,84.6,81.4,95.3,99.8,64.4,72.4,64.5,82.8,84.7,75.6,True,False,False,False
58.64,2,52.0,58.4,66.4,51.2,60.6,67.2,54.8,52.3,62.8,64.5,False,False,True,False
68.7,3,73.3,77.4,65.9,74.8,60.5,64.6,60.9,64.8,62.3,64.5,False,False,False,True
68.77,3,77.5,60.4,60.8,72.0,62.9,71.9,74.7,60.8,78.2,68.4,False,False,False,True
89.6,0,96.5,84.6,70.8,84.0,85.9,96.5,95.2,64.8,96.6,91.1,True,False,False,False
69.53,3,71.5,73.3,78.1,71.4,64.4,64.6,70.9,63.2,61.1,61.9,False,True,False,False
55.16,1,55.3,53.5,53.7,55.6,53.8,54.9,58.4,56.7,50.8,58.8,True,False,False,False
67.97,3,64.4,64.5,60.0,70.3,60.7,64.6,74.3,78.5,61.9,74.5,False,False,False,True
54.31,1,50.0,50.5,58.0,58.9,64.4,59.0,54.9,56.1,51.6,52.8,False,True,False,False
58.63,2,62.1,55.8,68.8,56.5,53.4,53.8,58.9,64.7,50.6,61.5,False,False,False,True
57.49,2,61.5,62.5,53.1,55.7,59.2,61.1,56.7,53.4,52.1,59.6,False,True,False,False
64.39,2,54.4,50.8,60.1,64.7,59.4,60.4,53.5,67.0,53.5,50.8,False,True,False,False
67.04,3,69.6,65.4,71.3,64.5,61.1,66.8,60.5,64.8,61.9,75.0,False,True,False,False
60.99,2,67.6,54.4,62.0,64.7,57.6,54.3,58.1,59.0,64.5,67.7,False,True,False,False
69.16,3,73.4,69.9,65.0,72.3,77.1,77.8,68.3,60.4,66.8,60.5,True,False,False,False
54.16,1,52.7,54.6,50.6,55.7,55.9,52.5,50.7,56.8,58.9,53.3,False,False,True,False
82.28,0,81.2,72.2,79.3,73.7,99.1,94.4,70.4,86.0,92.3,74.1,False,False,False,True
67.47,3,62.0,60.1,64.2,64.3,72.3,78.6,64.5,64.7,63.1,62.6,False,True,False,False
69.41,3,61.4,74.2,67.0,69.3,77.6,74.4,60.8,76.9,64.7,61.9,True,False,False,False
69.7,3,74.2,60.2,64.5,60.4,70.0,70.6,72.5,76.2,68.3,75.9,True,False,False,False
54.81,1,52.8,55.2,58.1,57.0,50.7,53.3,56.3,55.7,51.6,57.4,False,False,False,True
69.89,3,78.0,65.3,70.4,64.3,64.4,60.5,76.6,73.3,66.9,63.4,True,False,False,False
60.65,2,64.4,53.1,65.3,65.6,61.7,65.5,59.2,54.6,65.6,64.5,True,False,False,False
86.68,0,90.8,98.6,82.2,74.5,88.8,85.1,64.5,83.1,92.5,71.3,False,False,False,False
80.23,0,64.4,73.4,74.1,99.0,87.3,84.4,70.7,76.4,76.2,77.8,True,False,False,False
54.83,1,50.4,51.9,54.4,57.9,64.4,55.8,53.6,58.8,58.2,50.6,False,True,False,False
57.24,2,64.3,54.4,59.4,60.6,53.6,59.7,53.3,55.5,51.6,64.5,False,True,False,False
58.83,2,64.4,51.8,61.5,59.0,61.1,57.3,54.4,64.8,58.6,64.5,True,False,False,False
54.92,1,55.7,55.2,53.5,57.0,51.3,57.2,64.5,52.9,57.2,56.9,False,False,True,False
56.18,2,64.4,61.9,60.4,51.2,50.4,56.1,56.6,52.4,53.7,52.9,True,False,False,False
64.39,3,78.6,65.0,68.2,76.3,76.1,67.5,76.9,63.1,78.7,64.6,False,False,False,False
84.13,0,80.3,91.4,87.1,94.9,71.0,74.9,94.7,77.5,64.7,91.2,False,False,False,False
83.1,0,75.0,64.5,64.5,64.3,98.1,73.5,77.7,99.1,93.9,88.4,True,False,False,False
53.75,1,52.6,50.9,50.0,50.3,52.7,58.1,53.1,54.3,57.6,57.9,False,False,True,False
65.84,3,66.0,60.6,63.9,71.7,66.0,67.3,64.5,66.8,64.7,70.0,False,True,False,False
53.35,1,55.1,54.0,51.6,51.7,52.8,50.6,58.8,50.8,56.0,52.1,False,True,False,False
70.19,3,60.4,64.5,77.1,72.8,76.0,66.3,75.5,64.4,72.8,64.5,False,False,False,False
86.92,0,95.5,87.7,74.9,83.8,93.7,93.4,72.1,94.0,91.7,82.5,True,False,False,False
70.48,3,77.8,72.5,66.7,65.1,66.5,62.5,72.9,76.6,76.7,67.4,False,False,False,True
85.93,0,87.5,81.9,99.1,78.0,78.3,76.3,91.8,95.6,76.6,94.3,True,False,False,False
88.5,0,73.8,82.3,98.0,94.3,79.7,99.1,88.0,93.6,77.5,64.5,True,False,False,False
53.6,1,55.4,53.4,55.5,55.3,50.7,64.6,54.8,52.7,51.5,51.5,False,False,False,True
65.11,3,72.2,63.0,63.9,64.9,62.3,67.3,71.1,62.4,63.6,60.4,True,False,False,False
53.63,1,57.8,51.2,51.7,51.9,51.9,51.9,53.5,57.7,56.4,52.3,False,False,False,False
83.3,0,79.3,64.5,96.9,76.5,99.2,93.3,70.1,64.8,83.3,64.5,True,False,False,False
69.91,3,77.6,64.5,78.3,72.1,64.4,71.4,61.5,64.8,61.5,65.9,False,True,False,False
68.79,3,64.4,64.5,71.9,64.3,68.5,70.6,75.8,60.6,62.0,64.5,False,False,False,False
71.59,3,67.1,67.6,72.0,69.9,63.6,78.9,73.6,64.8,64.7,76.6,True,False,False,False
68.28,3,70.3,64.5,63.2,73.2,67.2,62.7,64.5,74.2,64.7,68.0,False,False,False,True
59.04,2,54.4,58.4,64.5,64.3,63.7,50.6,64.8,64.7,54.9,64.5,True,False,False,False
80.14,0,77.4,83.4,71.6,93.4,87.2,72.9,74.6,78.2,77.6,85.2,False,True,False,False
82.67,0,82.7,64.5,83.3,95.9,98.5,71.9,77.0,64.8,73.0,64.5,False,False,False,True
81.71,0,91.3,84.2,85.2,80.6,71.6,89.8,79.4,80.3,73.7,80.9,False,False,True,False
54.41,1,55.9,50.5,54.5,51.5,57.6,52.1,58.6,55.6,53.7,54.1,True,False,False,False
69.35,3,78.4,71.7,64.5,67.7,64.8,65.6,78.3,76.0,66.6,62.0,False,True,False,False
59.54,2,63.5,50.0,60.7,55.3,51.4,64.6,66.0,63.4,60.7,67.9,False,True,False,False
64.39,2,64.4,52.5,58.3,52.3,60.2,53.2,64.5,58.8,50.4,57.3,True,False,False,False
83.47,0,64.4,72.0,64.5,90.5,75.6,73.4,84.9,87.7,88.6,91.5,False,False,True,False
81.44,0,71.6,74.7,78.3,77.4,90.8,81.5,79.2,95.3,64.7,71.8,False,False,False,False
71.55,3,67.9,77.6,70.3,76.3,64.4,71.8,78.8,67.5,60.7,76.3,False,False,False,True
81.74,0,72.5,72.9,98.8,80.5,79.2,73.0,74.8,99.2,91.5,75.0,True,False,False,False
85.67,0,76.9,92.5,86.2,78.5,77.7,98.4,92.4,78.2,90.1,64.5,True,False,False,False
59.02,2,57.1,54.0,53.5,58.3,67.7,56.7,64.5,68.3,56.2,61.3,False,False,False,False
55.77,1,52.3,57.5,51.9,56.5,57.4,54.8,57.4,55.5,58.9,55.5,True,False,False,False
70.23,3,76.3,60.4,78.9,68.6,70.5,73.7,68.0,67.8,71.1,64.5,True,False,False,False
62.38,2,68.0,50.7,64.0,64.8,65.2,67.0,65.3,60.1,64.7,64.5,True,False,False,False
55.15,1,57.2,52.7,57.4,55.8,57.7,56.9,50.3,52.8,54.3,64.5,True,False,False,False
83.58,0,81.1,77.4,94.3,95.0,64.4,74.5,76.7,99.9,85.0,76.3,False,True,False,False
54.38,1,57.8,64.5,50.3,54.2,54.5,57.2,52.5,55.0,56.6,50.8,False,False,True,False
81.35,0,79.1,72.0,90.8,82.3,73.5,86.8,64.5,86.2,87.0,82.1,False,False,False,True
86.31,0,64.4,80.4,64.5,97.2,64.4,89.0,75.0,79.0,91.9,97.5,False,True,False,False
71.35,3,78.3,71.3,72.0,62.8,67.2,63.3,79.0,69.6,71.8,78.2,False,False,False,False
59.45,2,52.7,58.6,68.9,58.0,57.7,55.6,66.7,62.4,62.8,51.0,False,False,True,False
84.3,0,78.7,64.5,70.7,71.0,71.5,80.7,64.5,92.3,64.7,99.4,True,False,False,False
69.21,3,67.0,62.5,67.7,78.1,70.8,78.3,65.8,60.3,78.6,63.0,False,False,False,True
84.87,0,91.4,82.6,84.2,93.7,70.0,70.1,93.0,64.8,76.2,97.8,False,True,False,False
56.44,2,53.6,64.3,59.5,57.7,50.7,64.6,64.5,51.7,55.2,54.8,False,False,True,False
72.71,3,77.3,71.8,70.7,60.6,69.2,76.7,78.6,78.6,78.2,65.4,True,False,False,False
69.88,3,66.1,65.3,76.8,67.1,66.6,64.7,76.9,75.2,70.0,70.2,True,False,False,False
79.68,0,91.5,73.8,86.9,80.8,78.9,82.6,74.4,73.4,64.7,75.9,True,False,False,False
54.96,1,57.6,54.3,52.9,54.3,52.5,56.1,56.7,57.4,64.7,54.2,False,True,False,False
87.73,0,74.7,64.5,99.3,86.3,93.5,92.4,88.9,77.4,77.1,64.5,True,False,False,False
60.13,2,56.8,68.6,62.4,67.2,60.0,54.3,57.5,53.0,52.6,68.9,False,False,True,False
71.68,3,78.4,75.3,64.5,74.2,75.9,71.0,68.7,64.6,78.1,68.9,False,False,True,False
85.91,0,91.3,76.0,64.5,94.9,87.9,94.3,70.6,87.3,82.6,87.4,False,True,False,False
64.39,3,64.6,62.8,78.0,72.5,70.2,68.3,64.5,69.3,65.0,75.9,False,True,False,False
54.77,1,53.3,56.8,55.9,50.1,50.2,58.4,58.7,52.4,55.1,56.7,False,False,False,False
83.86,0,94.4,84.0,72.8,72.4,64.4,94.1,81.4,78.3,96.9,75.3,False,True,False,False
55.01,1,55.6,56.6,56.7,57.2,57.8,53.5,64.5,53.6,53.1,51.1,False,False,True,False
64.39,2,51.6,54.5,61.3,51.2,67.8,50.8,67.7,57.0,53.4,55.2,False,False,True,False
79.44,0,81.6,71.8,80.4,76.1,86.6,75.4,74.1,91.0,81.3,76.0,False,False,False,True
84.77,0,73.7,86.8,93.0,92.1,98.3,93.0,71.0,64.8,89.3,70.2,False,True,False,False
54.36,1,58.6,64.5,50.2,55.5,54.0,53.9,56.2,50.2,50.2,57.7,False,True,False,False
61.14,2,57.8,67.0,59.3,68.5,54.7,50.2,58.3,61.4,68.7,65.5,False,False,False,True
53.84,1,58.0,56.1,51.1,54.6,50.4,50.5,50.4,53.0,59.0,64.5,False,True,False,False
83.74,0,95.6,70.6,81.8,90.6,94.6,64.6,74.0,97.3,80.8,70.5,True,False,False,False
67.99,3,68.1,64.0,73.0,67.1,77.4,64.3,64.0,60.3,71.7,70.1,False,False,False,False
64.39,3,66.8,64.5,71.3,64.9,72.0,70.3,60.3,73.2,69.9,72.1,True,False,False,False
85.44,0,87.5,92.6,96.4,74.9,91.7,64.6,88.0,83.1,76.7,93.1,False,False,False,False
59.77,2,66.4,66.1,53.0,52.6,60.2,68.4,56.5,54.4,64.1,56.1,True,False,False,False
54.16,1,64.4,55.2,53.3,64.3,55.4,50.9,64.5,53.3,53.3,57.3,True,False,False,False
54.88,1,55.4,58.4,55.8,50.6,52.4,55.8,58.4,51.6,55.4,55.1,True,False,False,False
81.48,0,72.5,64.5,93.8,72.7,88.7,71.7,72.8,72.7,64.7,99.2,False,False,False,False
87.89,0,73.6,94.6,89.1,82.3,97.2,86.7,90.3,95.5,95.4,74.2,False,False,True,False
68.03,3,75.3,60.1,74.3,62.3,71.4,60.7,60.3,78.5,66.0,71.3,False,False,False,True
84.3,0,94.6,83.7,75.3,94.7,64.4,74.0,96.1,76.9,94.2,74.4,False,True,False,False
73.55,3,64.4,76.3,78.6,65.0,78.8,65.6,76.1,71.0,64.7,76.7,False,False,False,False
69.01,3,64.2,65.0,69.8,68.5,73.8,67.6,64.5,64.8,74.2,66.3,True,False,False,False
70.54,3,65.1,74.2,73.8,72.4,71.6,64.6,76.2,71.1,71.2,62.4,True,False,False,False
64.39,3,78.2,68.2,63.9,64.3,64.4,78.6,64.9,63.6,64.6,77.3,False,True,False,False
55.32,1,51.9,55.7,56.8,64.3,55.4,54.2,64.5,54.2,58.6,64.5,False,True,False,False
55.6,1,58.7,54.7,55.4,55.4,56.4,56.6,53.7,57.3,52.6,55.3,True,False,False,False
71.05,3,69.0,70.6,78.4,73.0,78.7,61.2,64.5,74.9,66.7,60.1,False,False,False,True
58.06,2,64.7,65.9,54.1,50.6,52.4,64.9,66.2,55.2,50.7,55.8,True,False,False,False
72.44,3,75.3,77.8,72.2,67.1,68.6,76.7,64.5,77.3,63.0,70.8,False,False,False,False
54.9,1,50.6,57.3,54.2,56.0,53.0,55.6,54.0,55.2,56.5,56.7,False,False,False,True
83.44,0,64.4,87.9,81.3,71.5,77.9,73.0,88.6,76.9,91.7,97.8,False,False,False,True
87.58,0,78.6,64.5,99.2,64.3,93.3,91.6,72.8,99.5,94.4,76.1,True,False,False,False
53.77,1,64.4,50.4,53.2,56.7,52.6,56.4,59.0,56.7,52.2,50.4,False,False,False,True
67.88,3,78.6,62.4,61.3,73.8,62.4,60.5,72.7,72.1,73.0,62.0,False,False,False,True
59.09,2,61.6,64.6,64.5,62.5,52.4,51.0,61.9,57.0,51.1,66.9,False,False,False,True
85.85,0,81.2,97.6,64.5,64.3,79.9,64.6,97.5,79.7,98.2,80.3,False,False,False,True
59.04,2,56.6,64.7,64.5,54.8,63.4,52.2,64.5,66.4,50.5,62.0,False,False,False,False
53.29,1,58.1,51.8,53.4,53.9,54.4,50.6,52.3,51.6,53.4,53.4,False,False,False,True
68.86,3,64.4,73.2,75.3,76.4,65.4,60.3,63.1,60.2,71.7,74.6,True,False,False,False
81.33,0,74.4,94.9,77.6,72.5,83.7,74.5,84.5,84.9,64.7,80.3,False,False,True,False
53.69,1,51.7,51.0,56.4,54.5,64.4,64.6,55.0,52.5,52.7,51.2,False,False,False,True
60.85,2,65.4,62.4,61.6,52.8,65.3,56.0,54.2,68.8,62.6,59.5,True,False,False,False
64.39,1,50.6,64.5,53.2,57.2,64.4,52.9,56.0,54.1,50.7,50.5,False,False,False,False
54.25,1,53.5,64.5,56.5,54.9,52.5,55.2,51.2,53.8,51.0,57.6,False,False,False,False
54.05,1,50.3,52.4,52.8,55.1,55.3,52.9,55.2,53.3,54.3,58.9,False,False,False,True
84.64,0,85.6,80.8,93.4,75.8,95.5,86.5,64.5,76.8,82.0,84.4,False,False,True,False
67.81,3,65.1,63.4,60.4,62.9,69.6,66.2,72.4,77.2,70.5,70.4,False,False,True,False
81.47,0,80.8,64.5,75.6,77.4,85.5,70.1,77.6,72.5,90.4,90.9,True,False,False,False
59.88,2,61.3,63.9,51.1,59.5,57.0,66.2,55.0,64.8,55.3,68.7,False,False,False,True
70.09,3,66.8,65.9,76.6,77.5,74.1,64.6,64.5,68.0,65.1,74.3,False,False,True,False
54.01,1,52.4,56.8,55.7,50.5,52.6,52.6,51.3,64.8,57.0,53.2,False,False,False,False
67.87,3,63.2,73.1,65.4,65.7,71.3,66.9,78.0,63.5,69.6,64.5,False,True,False,False
58.58,2,55.2,52.1,65.7,52.5,61.3,57.8,51.9,69.0,67.5,52.9,False,True,False,False
68.45,3,64.4,60.0,64.7,63.0,71.5,78.6,61.8,70.5,70.3,71.8,True,False,False,False
84.64,0,78.2,86.7,98.0,81.9,75.2,85.6,95.5,75.5,88.7,81.1,False,False,False,False
89.58,0,90.8,87.0,97.9,64.3,91.9,98.9,84.5,95.3,64.7,84.3,False,True,False,False
58.28,2,54.5,58.1,52.2,60.3,64.5,52.1,61.8,54.4,61.1,63.9,False,True,False,False
53.49,1,54.3,53.3,51.1,53.4,50.7,53.6,56.2,50.3,57.6,54.4,True,False,False,False
69.63,3,68.4,69.3,61.3,64.3,66.4,65.0,77.9,64.4,77.4,74.3,False,False,False,True
70.49,3,73.0,62.7,68.2,67.2,77.6,62.5,64.5,74.0,75.9,67.6,False,False,False,True
64.39,3,72.6,63.4,60.1,76.3,77.9,65.2,60.8,64.8,66.7,78.1,False,False,False,True
84.66,0,80.4,96.3,94.1,83.8,87.0,81.5,64.5,73.0,98.4,64.5,False,False,True,False
69.92,3,61.6,64.5,77.2,69.0,70.7,64.6,78.0,73.5,62.8,74.5,False,True,False,False
54.77,1,52.9,58.8,64.5,56.7,52.7,56.8,54.2,50.3,56.6,58.0,False,True,False,False
87.86,0,98.9,64.5,86.4,80.6,92.6,91.6,86.3,86.3,95.6,80.0,False,False,False,True
85.41,0,79.2,83.6,76.9,95.9,64.4,72.2,76.2,94.6,95.4,87.7,False,False,False,True
64.39,0,81.9,76.3,80.0,84.4,64.4,86.5,94.2,93.2,96.6,94.0,False,True,False,False
55.0,1,58.1,64.5,52.6,56.4,58.4,52.9,58.8,50.1,55.4,54.9,True,False,False,False
52.97,1,57.8,50.6,50.3,55.5,50.2,54.0,51.5,52.7,54.8,52.2,False,False,False,False
64.39,0,76.8,77.0,96.0,76.3,64.4,76.1,94.9,80.4,89.6,90.3,False,False,True,False
85.36,0,97.7,77.0,96.1,71.0,93.0,64.6,79.8,78.9,98.4,83.6,False,True,False,False
54.94,1,50.7,57.2,54.3,52.7,64.4,58.4,55.4,54.1,55.4,53.9,False,False,True,False
55.51,1,57.1,56.1,57.2,56.5,53.7,58.6,55.6,50.9,54.5,54.9,False,False,False,True
68.6,3,68.2,68.8,60.0,66.1,72.5,60.4,74.9,73.7,69.7,71.7,False,True,False,False
58.56,2,52.8,62.9,51.9,50.2,65.8,66.5,67.2,54.7,61.0,52.6,True,False,False,False
54.67,1,57.2,51.0,58.3,56.6,51.0,50.1,55.7,64.8,52.5,57.8,True,False,False,False
88.77,0,97.9,64.5,85.3,82.0,99.3,97.7,64.5,93.7,64.7,79.1,False,False,True,False
70.49,3,69.8,76.7,65.5,73.0,76.7,64.1,64.8,66.8,64.7,74.5,False,False,True,False
69.23,3,73.0,64.5,77.8,62.0,60.5,64.6,70.7,69.2,64.7,78.5,False,False,True,False
81.69,0,75.2,74.1,76.8,92.9,79.4,99.5,92.7,71.2,81.5,73.6,False,True,False,False
69.14,3,67.9,73.9,64.5,67.9,69.9,65.6,65.0,64.8,64.7,76.5,False,True,False,False
60.23,2,56.5,67.4,67.9,52.2,54.5,64.6,58.3,62.4,65.7,64.0,False,True,False,False
53.35,1,51.5,50.7,51.6,53.8,57.9,54.2,64.5,51.9,54.6,56.3,False,False,False,False
60.44,2,63.1,68.6,58.3,54.7,64.2,54.8,65.6,66.0,53.5,55.6,False,False,False,True
59.2,2,51.2,66.4,57.5,53.7,63.4,64.6,58.9,56.8,61.3,61.9,False,False,True,False
54.09,1,52.1,58.6,52.3,55.2,50.5,51.5,53.1,55.8,64.7,56.3,True,False,False,False
64.39,2,65.3,51.6,57.3,50.5,68.5,66.3,56.7,51.1,52.9,64.9,False,False,False,True
55.53,1,54.9,58.2,54.6,55.0,57.7,53.9,55.2,57.7,64.7,57.0,False,False,True,False
58.53,2,51.5,57.8,67.5,57.9,52.1,60.0,52.4,67.9,53.0,65.3,True,False,False,False
69.34,3,63.4,70.9,61.2,71.6,75.1,73.7,63.8,64.9,77.1,64.5,False,False,True,False
54.29,1,51.2,52.0,57.6,55.6,57.5,50.4,58.4,50.5,54.6,55.2,True,False,False,False
71.22,3,71.9,64.5,64.5,71.1,75.9,72.9,64.5,68.7,77.3,63.0,False,False,False,False
53.76,1,55.5,50.7,51.7,52.0,54.4,57.9,54.8,51.6,53.4,55.5,False,False,True,False
87.2,0,64.4,76.0,77.1,100.0,82.2,64.6,64.5,84.1,79.2,98.7,False,True,False,False
85.18,0,76.8,91.6,74.8,85.4,75.4,97.6,86.6,93.4,94.9,75.3,False,False,False,False
82.78,0,73.0,81.6,71.6,75.5,94.5,80.7,99.9,73.2,84.4,93.5,False,False,True,False
89.33,0,87.5,88.2,64.5,76.5,88.4,64.6,90.5,95.3,91.1,96.1,False,True,False,False
57.12,2,57.4,52.6,67.4,66.5,52.7,64.6,56.0,55.8,51.0,55.2,False,False,True,False
56.23,2,55.8,52.8,59.7,64.3,50.5,58.8,51.5,52.7,63.4,58.5,True,False,False,False
64.39,1,64.4,50.3,50.6,57.0,52.9,51.7,57.7,58.3,53.0,55.8,False,False,False,True
58.9,2,63.5,50.7,61.8,60.1,67.6,59.9,53.2,64.8,51.3,67.3,True,False,False,False
85.79,0,64.4,89.0,94.0,79.3,93.0,86.6,87.3,96.9,75.9,80.0,False,False,True,False
54.3,1,52.3,52.0,55.8,57.1,51.9,50.3,52.7,59.0,64.7,57.6,False,False,True,False
54.34,1,57.6,55.5,64.5,58.3,51.4,52.4,53.8,51.9,50.3,53.4,True,False,False,False
56.07,2,50.5,65.1,53.7,53.3,50.8,58.3,50.9,52.6,65.0,60.6,False,False,True,False
54.31,1,56.8,64.5,58.6,51.1,51.5,51.7,51.2,57.4,64.7,64.5,False,False,False,False
64.39,3,65.8,78.0,73.1,66.4,63.7,63.3,77.7,63.5,75.6,61.1,True,False,False,False
55.58,1,58.7,56.2,55.0,53.3,56.0,58.9,64.5,55.2,53.6,56.5,True,False,False,False
69.19,3,78.9,72.1,73.2,60.4,62.4,65.4,63.8,76.4,66.5,72.6,True,False,False,False
54.03,1,64.4,55.8,50.3,64.3,55.5,51.3,52.7,55.2,58.9,55.8,False,False,True,False
83.2,0,70.9,94.8,82.9,98.2,75.6,77.2,93.8,70.2,86.6,81.8,False,False,False,False
64.39,0,92.7,83.4,82.7,83.2,94.7,77.6,77.7,92.6,88.8,76.4,False,True,False,False
54.46,1,52.1,55.8,64.5,64.3,53.6,56.0,58.7,54.4,57.4,51.6,False,False,True,False
59.7,2,63.0,68.1,63.6,64.3,55.1,64.3,53.8,60.5,53.9,51.0,False,False,False,True
54.82,1,55.9,51.8,51.6,56.8,57.6,57.6,53.5,56.5,52.4,54.3,False,False,False,False
52.54,1,50.6,51.2,52.7,56.3,52.5,51.6,50.2,54.6,51.7,53.9,False,False,False,False
55.36,1,57.1,57.5,55.0,57.0,50.2,58.6,54.9,52.3,55.9,55.1,True,False,False,False
86.3,0,70.7,75.4,98.6,97.0,89.7,94.4,95.3,73.1,89.0,79.6,False,False,False,False
72.61,3,75.9,70.9,70.7,76.8,76.4,74.5,64.5,79.0,74.7,62.1,True,False,False,False
69.69,3,64.4,71.6,65.4,64.0,68.1,72.3,69.5,78.6,72.8,63.0,False,False,True,False
71.33,3,76.3,77.0,76.6,68.0,65.5,77.9,74.3,63.8,61.2,64.5,False,True,False,False
83.6,0,87.5,83.5,78.4,82.6,89.7,64.6,96.2,64.8,76.9,84.9,True,False,False,False
82.42,0,82.4,75.8,82.6,77.9,73.8,77.6,82.1,84.3,91.1,96.6,True,False,False,False
54.26,1,53.9,52.6,53.0,51.5,57.1,55.7,52.3,58.9,64.7,57.0,False,True,False,False
53.95,1,52.8,64.5,52.5,57.8,54.0,56.4,51.6,51.1,56.6,53.7,False,False,False,False
84.64,0,91.6,75.3,85.8,86.1,75.6,95.2,82.7,64.8,79.7,96.3,True,False,False,False
54.62,1,55.9,52.0,53.4,52.3,57.1,64.6,53.9,55.6,64.7,57.4,False,False,True,False
58.6,2,58.5,54.0,50.2,56.2,61.5,57.8,64.4,64.0,61.4,58.1,True,False,False,False
64.39,0,64.4,87.9,98.3,75.8,64.4,82.9,64.5,75.4,72.8,64.5,True,False,False,False
60.51,2,65.4,68.2,68.7,52.3,68.5,54.7,59.0,66.7,50.2,51.5,False,True,False,False
68.48,3,64.6,72.0,70.5,74.9,72.4,62.8,73.6,62.7,70.9,64.5,False,False,False,True
55.75,1,53.3,58.1,56.7,55.7,52.1,55.7,55.1,58.4,56.6,64.5,True,False,False,False
67.95,3,67.8,68.9,64.5,71.2,64.4,65.6,63.2,69.1,65.4,66.1,True,False,False,False
72.66,3,72.2,64.5,67.3,78.4,76.2,61.9,69.8,71.1,76.3,75.3,True,False,False,False
53.32,1,50.2,58.9,50.3,54.0,64.4,53.5,55.1,51.7,52.4,64.5,False,False,True,False
56.59,2,54.0,62.6,58.6,52.9,54.5,64.6,54.9,64.7,50.6,60.7,False,True,False,False
69.1,3,67.8,61.6,77.3,72.9,65.9,70.2,68.9,65.4,76.5,64.5,False,False,False,False
64.39,1,58.1,64.5,55.5,52.4,56.2,54.8,58.9,52.5,64.7,53.6,True,False,False,False
61.24,2,62.7,68.2,66.0,60.7,56.3,55.7,65.8,50.6,67.8,58.6,True,False,False,False
84.61,0,85.1,76.4,97.0,83.5,83.6,77.3,89.0,87.9,74.5,91.7,False,False,False,True
57.87,2,57.5,57.7,67.6,61.5,52.5,61.2,51.3,57.8,60.0,51.6,False,False,False,False
89.08,0,89.4,84.2,94.0,98.7,87.8,92.2,75.4,89.0,98.6,81.5,False,True,False,False
53.97,1,57.9,64.5,50.5,55.1,53.9,56.5,51.8,52.6,52.5,53.0,False,True,False,False
58.21,2,64.3,57.4,53.8,62.7,54.0,60.9,53.7,52.5,66.7,56.1,True,False,False,False
78.2,0,72.7,96.9,70.1,64.3,75.3,64.6,78.2,64.8,74.0,72.2,False,False,True,False
57.57,2,52.4,63.1,53.2,56.0,64.4,60.7,57.6,51.9,64.2,61.8,True,False,False,False
71.48,3,76.2,76.5,73.6,78.0,72.7,72.6,68.1,64.3,65.0,67.9,False,False,False,False
60.26,2,64.7,51.2,67.7,56.3,67.7,60.8,64.5,64.8,58.3,52.7,True,False,False,False
69.88,3,71.1,68.4,64.5,65.7,61.9,63.9,75.5,60.6,74.8,78.7,True,False,False,False
86.28,0,93.6,92.9,64.5,73.9,72.9,86.5,64.5,81.2,80.5,97.7,False,False,False,False
64.39,2,67.2,60.6,61.6,58.1,67.7,56.2,61.7,67.1,68.2,58.3,False,False,False,True
64.39,3,61.3,76.5,62.3,63.6,63.5,75.7,66.5,68.0,64.7,70.1,True,False,False,False
57.61,2,61.9,66.6,51.5,54.9,53.2,54.9,66.1,52.6,56.3,58.1,True,False,False,False
73.41,3,75.7,77.2,64.4,78.0,78.4,64.6,71.1,78.3,75.1,71.1,True,False,False,False
84.41,0,64.4,94.4,78.3,77.5,80.4,85.8,79.8,90.5,88.4,78.2,False,False,True,False
89.01,0,98.9,90.0,85.8,90.5,64.4,97.7,85.0,78.1,92.8,89.1,False,False,True,False
64.39,1,55.9,54.6,64.5,57.6,56.0,54.4,56.9,53.8,57.3,57.2,True,False,False,False
86.44,0,90.3,73.7,96.6,73.0,85.0,90.7,99.5,85.1,73.3,97.1,True,False,False,False
88.4,0,81.0,97.6,80.2,95.5,64.4,97.0,89.8,92.5,80.2,72.2,True,False,False,False
86.54,0,75.3,73.4,77.6,94.7,90.0,95.9,97.6,84.2,78.3,98.4,False,False,False,True
84.06,0,64.4,85.3,85.2,88.7,93.0,79.8,87.5,72.0,93.3,84.3,False,False,False,True
83.8,0,90.8,94.9,71.6,79.5,86.8,98.0,75.6,89.2,64.7,81.0,False,False,False,True
73.47,3,77.6,76.4,68.5,73.6,64.4,76.2,77.6,65.4,68.6,75.4,False,False,False,False
60.97,2,64.4,63.5,63.1,60.8,67.5,56.7,62.6,55.1,57.9,64.5,False,False,False,True
70.98,3,65.7,64.4,75.2,62.0,77.4,74.4,63.4,78.7,73.0,75.7,False,False,True,False
55.06,1,52.1,55.5,58.7,58.9,51.7,54.9,50.5,55.6,56.9,64.5,False,True,False,False
64.39,3,76.6,73.7,74.6,64.7,70.8,66.1,70.4,60.6,70.2,68.0,True,False,False,False
55.43,1,64.4,52.5,52.1,55.5,56.6,58.5,58.1,64.8,55.7,57.1,False,True,False,False
86.45,0,73.2,95.3,95.6,95.4,76.2,91.9,64.5,97.7,85.8,74.0,False,False,True,False
84.97,0,92.9,94.2,71.4,71.5,95.9,92.7,91.9,71.4,96.8,71.1,False,False,False,True
88.16,0,83.0,73.3,94.5,99.3,84.7,95.2,86.4,98.1,85.4,81.7,False,False,False,False
55.45,1,57.5,64.5,58.8,58.8,57.7,64.6,54.6,51.8,52.5,57.3,True,False,False,False
69.93,3,62.7,77.7,69.5,75.1,65.6,64.6,73.8,72.4,66.0,69.5,True,False,False,False
81.06,0,75.4,64.5,89.9,72.7,94.4,80.8,73.6,76.8,64.7,73.7,True,False,False,False
60.16,2,64.7,53.5,61.5,62.8,59.9,66.5,63.0,60.1,50.6,59.1,False,False,True,False
55.62,1,50.0,57.6,55.7,64.3,58.6,56.5,55.3,52.5,58.7,53.8,True,False,False,False
55.01,1,53.4,64.5,64.5,54.0,64.4,50.4,55.6,51.5,55.7,56.5,False,False,False,False
86.07,0,92.4,89.5,77.8,97.4,87.3,76.7,74.0,88.9,92.2,84.5,False,False,False,False
83.5,0,94.7,71.6,85.8,77.3,90.5,85.9,74.0,89.8,71.2,94.2,False,True,False,False
54.71,1,57.3,57.3,51.5,55.6,54.2,51.9,53.5,54.9,57.2,53.7,True,False,False,False
68.77,3,62.8,64.6,70.6,75.4,68.4,68.3,73.2,62.3,76.7,65.3,True,False,False,False
57.42,2,54.6,59.7,64.5,52.9,59.9,53.4,50.7,64.8,62.1,51.2,True,False,False,False
54.96,1,58.9,50.4,58.7,58.9,56.4,50.1,51.4,52.9,54.5,57.6,False,True,False,False
54.37,1,64.4,57.7,50.6,52.9,55.6,58.1,51.0,50.6,54.4,57.0,False,False,False,False
56.47,2,67.4,54.6,56.7,52.9,52.7,64.6,52.5,64.8,50.9,64.5,False,True,False,False
55.12,1,53.3,57.8,52.9,57.1,50.4,64.6,58.2,56.8,58.3,53.5,False,True,False,False
68.72,3,77.4,73.1,65.6,66.7,64.4,74.3,69.5,64.8,73.4,65.6,False,True,False,False
68.53,3,67.2,71.8,67.5,77.7,70.7,62.1,60.1,61.1,74.1,73.0,False,True,False,False
72.12,3,67.2,62.7,64.5,77.2,75.6,76.7,62.0,64.8,64.7,73.1,False,False,False,False
61.4,2,66.8,62.9,59.4,68.7,54.9,61.8,60.8,55.6,64.7,58.6,True,False,False,False
54.48,1,57.0,56.3,56.7,57.3,50.3,53.7,56.1,50.9,54.1,64.5,False,False,True,False
53.73,1,57.8,64.5,57.1,52.2,51.7,53.0,57.1,50.4,54.1,50.6,False,False,True,False
53.14,1,54.9,55.9,55.1,54.6,54.5,50.0,51.8,64.8,50.4,54.3,False,False,False,False
60.34,2,62.6,63.6,65.8,59.1,55.4,64.2,60.6,66.4,54.9,50.9,False,False,False,False
92.25,0,75.3,99.5,74.3,64.3,98.5,98.2,97.2,98.3,90.1,93.2,False,True,False,False
56.61,2,52.0,64.1,52.5,64.0,56.5,50.7,57.1,57.9,51.5,64.5,False,False,True,False
72.27,3,67.9,78.8,76.6,78.8,64.4,62.8,77.0,64.8,74.4,73.9,False,True,False,False
72.48,3,78.8,68.7,77.6,70.4,75.1,65.1,78.3,65.0,70.3,75.5,False,False,False,False
64.39,2,52.4,60.7,64.1,50.8,64.4,66.9,67.7,59.3,57.0,60.0,True,False,False,False
67.54,3,60.9,77.2,67.2,73.4,62.4,70.9,60.2,70.2,71.8,61.1,True,False,False,False
86.56,0,93.7,84.7,83.1,91.0,81.0,92.8,82.0,71.4,92.0,93.9,True,False,False,False
70.55,3,64.9,78.2,64.5,61.2,75.3,75.6,69.2,63.8,65.0,76.0,False,False,False,True
64.39,2,59.3,64.5,55.3,59.2,63.1,60.2,64.5,63.1,60.8,52.8,True,False,False,False
81.02,0,77.8,82.3,72.5,93.0,71.2,86.1,83.1,74.0,74.9,64.5,False,False,False,False
86.22,0,93.5,73.9,99.5,71.8,97.8,86.8,64.5,98.1,74.0,91.4,False,True,False,False
88.5,0,91.1,80.4,88.1,82.4,64.4,96.4,82.6,98.7,72.8,93.1,False,False,False,True
87.32,0,93.1,75.0,96.6,93.8,84.7,78.1,64.5,81.0,92.4,81.6,False,True,False,False
59.99,2,59.4,53.7,59.9,65.0,60.3,65.7,64.5,51.0,64.7,63.0,False,False,True,False
67.99,3,61.3,74.7,67.7,64.3,62.0,78.9,75.7,63.6,69.1,66.2,False,False,False,True
53.81,1,58.7,56.4,51.2,50.8,50.6,53.0,64.5,58.9,50.2,56.1,False,False,False,True
71.03,3,69.0,61.1,74.6,76.3,69.3,64.6,70.1,76.6,72.9,64.1,False,False,False,True
88.84,0,64.4,90.0,74.4,93.0,95.7,79.8,88.5,93.8,90.1,95.4,False,False,False,True
57.88,2,53.2,58.8,57.2,55.6,59.0,50.8,67.5,66.0,54.7,56.1,False,False,True,False
54.76,1,64.4,57.5,52.0,56.9,64.4,54.3,50.6,56.0,56.9,55.6,True,False,False,False
89.24,0,86.0,64.5,98.1,93.9,86.8,85.4,87.5,64.8,72.8,98.4,False,False,False,True
60.18,2,66.2,53.7,62.4,60.3,64.4,56.4,57.5,65.6,62.9,50.8,False,False,True,False
53.29,1,52.3,50.2,53.1,54.9,53.5,50.6,58.4,53.7,53.7,52.4,False,False,False,False
81.7,0,95.8,84.9,78.6,91.6,74.6,72.2,88.7,64.8,84.8,74.5,False,True,False,False
58.22,2,65.1,51.5,54.2,62.9,53.6,64.4,56.5,61.2,64.7,64.5,False,False,False,False
88.55,0,98.6,95.9,96.2,88.2,73.4,72.9,83.1,88.4,98.9,90.0,True,False,False,False
54.45,1,52.7,64.5,64.5,55.5,53.2,50.8,57.4,57.6,50.6,58.3,False,False,True,False
85.56,0,70.1,78.4,84.6,84.8,86.0,94.2,74.5,92.5,91.9,98.6,False,True,False,False
69.54,3,74.4,73.5,63.3,61.8,64.7,69.3,77.9,65.9,70.6,74.1,False,True,False,False
64.39,1,55.9,51.2,56.1,53.6,57.9,51.6,52.5,57.9,53.0,56.7,False,False,True,False
84.79,0,98.1,85.7,73.4,96.9,76.7,75.2,64.5,88.1,94.3,72.5,False,False,True,False
87.46,0,73.7,89.8,76.2,97.0,75.3,64.6,64.5,93.3,89.9,93.0,True,False,False,False
60.81,2,68.1,64.5,64.4,65.5,66.0,61.2,57.8,58.4,50.2,51.7,False,True,False,False
81.38,0,98.8,64.5,79.8,77.5,73.6,86.2,70.4,79.7,73.2,64.5,True,False,False,False
69.5,3,75.5,65.5,63.6,73.0,75.6,69.9,64.0,64.1,78.1,65.7,False,False,True,False
59.31,2,57.2,52.3,64.5,53.1,51.5,65.6,54.1,63.4,65.7,65.3,False,False,False,False
86.38,0,96.8,79.7,84.3,99.7,64.4,89.0,84.3,80.0,82.8,87.3,False,False,False,True
54.67,1,50.1,56.0,55.3,56.0,50.8,64.6,56.4,58.3,50.3,57.2,True,False,False,False
86.92,0,86.9,84.1,99.9,94.5,75.4,99.9,96.4,84.9,71.4,75.9,False,False,True,False
54.84,1,56.6,58.0,55.9,64.3,53.7,55.2,56.8,56.6,50.7,51.5,False,False,False,True
57.7,2,60.2,51.7,65.1,53.9,53.5,50.8,50.5,66.4,56.7,68.3,False,True,False,False
72.39,3,77.9,64.5,79.0,64.3,64.4,78.4,66.8,63.4,75.9,75.8,True,False,False,False
60.11,2,60.2,58.7,68.4,55.7,53.5,51.3,67.0,62.3,68.2,55.8,False,True,False,False
88.6,0,98.5,96.8,74.8,82.9,70.0,80.2,94.0,99.4,93.7,95.6,True,False,False,False
59.42,2,64.4,58.4,59.3,60.4,64.4,54.4,55.5,59.0,52.2,63.4,False,False,False,True
72.63,3,78.5,78.0,69.1,76.5,71.1,77.1,69.1,72.7,72.9,61.3,False,False,True,False
84.48,0,88.6,89.2,71.4,77.8,82.0,86.9,88.4,70.9,94.0,95.6,False,False,False,True
64.39,1,52.2,52.1,64.5,52.6,51.6,52.6,51.5,55.7,56.9,54.1,False,False,True,False
58.32,2,54.5,56.5,64.5,53.9,51.2,64.8,66.1,67.0,64.7,53.8,True,False,False,False
66.66,3,60.2,63.5,64.4,61.3,64.4,65.9,75.8,72.1,64.7,62.9,False,False,False,False
54.71,1,54.9,56.1,50.6,52.3,54.6,57.2,56.8,54.5,54.3,55.9,True,False,False,False
54.68,1,52.8,51.3,56.2,51.6,51.7,57.8,64.5,55.2,57.4,64.5,True,False,False,False
84.12,0,90.6,83.4,74.5,72.5,85.2,87.1,75.2,97.3,95.4,64.5,True,False,False,False
86.17,0,97.9,77.2,76.0,87.5,87.8,77.4,92.4,96.0,64.7,81.6,True,False,False,False
65.71,3,68.4,68.1,64.3,60.1,64.1,60.5,65.4,64.8,67.6,78.3,False,False,False,False
86.71,0,95.1,95.4,92.7,64.3,86.8,98.4,64.5,74.4,80.2,85.9,True,False,False,False
86.45,0,96.0,96.1,64.5,80.6,73.2,85.0,64.5,85.5,91.7,96.0,True,False,False,False
55.42,1,55.7,64.5,57.5,56.8,58.2,56.7,56.8,53.4,64.7,58.6,False,False,False,True
70.56,3,78.4,64.5,71.7,63.2,76.6,60.4,66.9,74.1,68.3,78.7,True,False,False,False
64.58,2,65.1,67.7,67.8,58.9,65.8,64.6,68.9,58.0,59.8,65.0,False,False,False,False
64.39,2,52.3,61.3,60.7,57.1,62.0,62.5,61.9,65.3,67.9,64.5,True,False,False,False
85.87,0,84.5,94.7,90.3,75.0,97.3,64.6,82.0,80.0,85.2,92.7,False,True,False,False
57.06,2,54.3,58.0,54.6,55.0,50.8,58.3,64.5,62.1,61.4,58.7,False,False,True,False
54.26,1,57.8,54.7,51.0,55.3,50.4,53.9,55.3,54.6,53.3,56.4,False,True,False,False
64.39,0,86.7,70.8,77.6,92.1,79.4,79.8,70.3,80.7,78.5,64.5,False,False,False,False
55.14,1,54.3,64.5,52.6,56.0,58.5,55.5,51.8,57.4,64.7,53.0,False,False,False,False
64.39,0,64.4,83.9,92.0,93.5,73.4,89.6,85.9,94.7,99.2,94.7,False,True,False,False
86.37,0,74.4,85.9,93.8,93.0,83.2,99.3,76.9,95.2,85.4,76.7,True,False,False,False
82.55,0,80.7,84.3,98.5,91.2,78.2,76.5,82.0,80.7,64.7,71.2,False,False,False,True
69.62,3,66.8,72.7,64.5,76.4,64.4,61.7,60.8,78.8,64.7,64.5,True,False,False,False
70.19,3,75.0,71.0,70.6,78.6,68.8,67.8,64.4,70.1,61.6,74.0,False,True,False,False
88.96,0,89.1,64.5,98.2,97.1,72.4,82.1,64.5,94.7,99.8,76.0,False,True,False,False
61.68,2,60.6,61.0,55.8,68.1,59.0,65.7,50.9,66.2,65.4,64.1,False,False,False,False
89.12,0,89.8,96.7,80.4,81.8,93.2,83.0,99.6,93.3,83.4,89.9,True,False,False,False
81.43,0,77.7,82.1,82.0,85.5,82.0,71.1,92.1,83.9,85.0,73.0,False,True,False,False
70.58,3,77.4,69.4,63.0,77.0,67.3,73.8,60.2,64.8,78.1,64.5,True,False,False,False
59.08,2,67.2,55.9,53.9,65.5,67.6,51.5,51.0,60.5,61.1,56.5,False,False,True,False
53.96,1,54.8,52.2,58.4,57.2,52.8,50.3,53.0,54.7,64.7,51.0,True,False,False,False
88.86,0,71.6,85.4,96.0,81.1,97.7,87.1,98.6,83.7,91.9,95.5,False,False,False,True
83.69,0,90.3,93.5,80.9,73.6,73.9,89.4,89.1,78.5,96.4,71.3,False,True,False,False
69.3,3,70.8,74.6,76.6,65.7,63.8,76.9,66.1,65.3,64.8,68.5,False,True,False,False
59.18,2,65.3,58.7,55.1,66.5,50.8,54.5,57.8,62.5,59.3,61.3,False,False,True,False
62.36,2,62.9,55.4,67.1,67.0,60.6,52.0,66.4,61.4,68.6,62.1,False,False,False,False
72.63,3,77.1,60.5,75.7,76.9,64.4,69.7,68.8,74.6,73.2,73.5,False,True,False,False
53.96,1,58.2,55.2,51.0,56.1,64.4,53.7,64.5,51.9,52.2,56.3,False,False,False,True
59.92,2,68.8,55.2,64.5,60.9,57.9,53.4,54.2,68.0,57.2,59.4,False,False,False,False
83.98,0,95.8,85.2,78.2,86.9,88.7,64.6,64.5,79.6,77.5,86.6,False,False,False,False
68.45,3,62.2,74.3,76.2,70.5,65.9,61.0,62.2,77.1,64.7,69.3,True,False,False,False
61.05,2,55.8,67.4,64.5,61.6,68.9,54.2,57.6,61.8,57.8,64.5,False,False,False,True
64.39,3,64.4,66.0,60.1,66.4,76.0,69.0,62.8,66.7,64.7,67.3,False,True,False,False
54.93,1,58.7,55.1,56.0,57.3,53.6,50.5,64.5,57.8,50.5,53.7,False,False,True,False
54.12,1,64.4,57.9,58.0,64.3,53.0,51.0,51.4,51.6,50.7,58.4,False,False,True,False
59.97,2,56.8,66.9,61.3,60.3,56.4,61.4,61.2,53.4,62.4,59.7,False,False,False,False
68.12,3,64.4,75.6,69.6,72.1,67.9,69.4,63.5,69.4,61.4,68.0,False,False,False,False
60.47,2,59.1,62.3,54.2,66.2,66.2,58.0,55.2,56.0,65.7,61.8,False,False,True,False
68.27,3,69.7,62.1,72.9,74.4,60.5,61.3,73.5,75.5,69.8,64.5,False,True,False,False
70.19,3,76.0,76.5,74.0,63.5,73.6,75.9,71.1,71.0,60.0,60.3,True,False,False,False
56.36,2,59.2,61.8,64.5,61.4,59.1,64.6,54.1,53.0,54.1,50.7,True,False,False,False
59.02,2,54.0,64.5,68.0,55.4,62.5,66.7,56.4,53.5,64.7,64.6,False,False,False,True
69.64,3,76.4,73.4,63.0,71.7,78.1,64.1,62.5,71.1,64.7,74.7,True,False,False,False
64.39,0,90.0,64.5,76.6,64.3,70.4,76.4,74.6,64.8,74.5,85.9,False,True,False,False
60.23,2,64.4,67.7,52.1,59.5,53.9,63.3,65.9,65.3,64.7,62.3,False,False,False,False
60.21,2,60.9,58.5,59.8,55.4,56.8,64.6,64.3,57.8,65.3,59.4,False,False,False,False
54.62,1,53.4,64.5,57.9,53.9,50.1,52.2,58.1,57.9,52.6,54.2,False,False,True,False
86.46,0,82.4,96.7,71.2,91.2,73.2,94.6,85.2,99.4,73.9,96.8,False,True,False,False
66.76,3,67.5,62.0,78.1,64.3,70.2,61.1,62.5,70.2,63.2,61.6,False,False,False,True
56.92,2,65.8,53.2,62.9,56.9,54.9,53.1,55.0,64.6,51.8,51.1,False,True,False,False
54.7,1,51.8,58.4,56.0,53.5,52.1,57.2,54.1,55.1,50.1,58.9,False,False,False,True
84.91,0,64.4,64.5,88.4,99.8,64.4,84.0,80.9,64.8,90.0,74.4,False,False,False,False
56.48,2,51.0,57.3,64.5,50.4,56.2,67.9,55.3,65.3,56.2,53.2,True,False,False,False
83.23,0,92.8,92.6,70.0,71.3,73.2,83.2,99.3,86.5,79.4,84.1,False,False,False,False
86.96,0,95.1,83.8,74.6,94.1,96.1,84.5,70.3,94.2,89.8,87.0,False,False,False,False
53.87,1,53.0,54.6,50.7,50.1,64.4,58.1,58.2,51.6,58.9,51.2,True,False,False,False
87.58,0,86.6,64.5,94.5,94.3,75.3,98.8,87.3,85.1,87.9,76.8,False,False,False,True
86.55,0,93.1,97.7,94.2,91.7,71.0,75.0,93.8,94.5,73.1,81.5,False,True,False,False
68.92,3,77.4,60.2,67.3,62.6,66.8,70.0,63.0,64.8,77.0,78.0,False,False,False,False
82.62,0,99.0,89.2,73.7,78.5,74.5,72.5,82.8,87.2,77.0,91.9,False,True,False,False
58.04,2,64.4,51.5,55.3,62.3,59.3,52.3,68.3,64.2,58.8,57.8,True,False,False,False
59.92,2,57.6,68.9,57.6,61.7,55.1,62.8,56.9,57.4,67.2,54.0,True,False,False,False
67.52,3,72.1,68.3,61.5,70.6,62.7,64.6,67.3,68.2,78.1,64.5,False,False,False,False
64.39,2,62.0,55.6,64.6,63.5,57.7,65.0,62.0,65.2,50.9,64.4,False,False,False,True
54.58,2,50.0,64.5,57.9,60.4,51.1,52.2,67.6,50.1,51.2,50.4,False,False,False,False
81.15,0,95.1,72.5,84.5,79.0,86.1,71.9,64.5,81.6,76.3,75.9,False,False,False,True
70.15,3,60.9,72.3,75.7,73.0,77.5,61.6,74.8,77.0,64.7,64.4,False,False,False,True
53.69,1,55.4,64.5,50.2,56.7,55.8,53.4,50.1,53.5,55.7,56.0,False,False,False,False
54.33,1,58.4,57.0,56.0,56.3,55.1,50.3,52.2,54.2,50.2,53.6,False,False,False,False
54.92,1,53.8,56.6,55.3,57.8,58.5,64.6,56.7,53.7,53.8,64.5,True,False,False,False
68.55,3,61.9,75.0,64.0,68.9,64.4,66.9,64.1,61.3,64.7,72.0,False,True,False,False
63.18,2,67.2,64.5,68.9,68.3,64.4,60.9,64.5,57.2,67.0,67.4,False,False,False,True
53.86,1,53.1,50.7,54.6,57.4,53.9,55.9,50.8,64.8,51.9,57.0,False,True,False,False
61.67,2,55.5,68.6,68.4,51.1,64.4,63.5,55.9,63.9,65.8,57.4,False,False,True,False
64.39,1,53.3,50.4,56.4,58.3,50.9,64.6,50.1,53.2,54.4,57.2,False,False,False,True
54.23,1,50.2,53.7,55.2,64.3,51.3,51.9,56.7,54.6,56.2,54.9,False,False,False,False
53.07,1,54.7,53.4,50.2,51.6,50.7,55.7,56.9,54.2,50.8,52.5,False,False,True,False
68.98,3,60.1,72.1,77.4,68.0,75.7,69.4,71.9,67.3,64.7,64.5,True,False,False,False
53.01,1,51.8,56.5,50.3,64.3,53.5,64.6,55.9,50.5,54.3,51.6,True,False,False,False
72.5,3,76.6,66.4,77.3,75.9,74.0,64.6,69.3,74.8,74.3,66.6,False,False,False,True
82.68,0,71.3,71.2,78.7,89.1,95.6,88.2,93.0,73.0,95.8,70.9,False,False,True,False
87.51,0,90.6,84.5,82.0,94.0,86.6,81.2,64.5,90.4,71.0,95.0,False,False,True,False
68.99,3,74.1,61.3,65.6,69.2,75.5,69.5,65.0,74.5,60.4,74.8,True,False,False,False
53.59,1,57.9,53.0,52.5,50.1,56.7,51.0,53.6,52.2,58.1,50.9,False,False,False,True
70.52,3,77.4,71.4,69.9,64.3,77.0,65.2,64.5,71.0,67.4,64.5,False,True,False,False
71.8,3,63.9,65.9,75.8,74.3,64.4,73.4,67.3,77.1,78.5,71.4,True,False,False,False
87.04,0,87.5,90.5,77.0,81.0,76.0,85.5,99.2,84.6,98.5,90.5,True,False,False,False
84.57,0,64.4,79.1,95.3,95.9,87.4,82.6,86.6,78.9,82.1,73.6,False,False,False,True
89.21,0,64.4,64.5,93.5,90.6,78.2,76.6,75.7,96.8,97.9,98.7,False,False,True,False
66.94,3,62.8,62.5,71.4,68.2,74.3,65.2,73.4,66.6,61.9,63.1,False,False,True,False
60.92,2,57.4,64.5,61.5,59.6,67.2,53.7,67.5,67.2,59.6,51.6,False,True,False,False
69.6,3,76.3,75.8,69.8,69.8,72.2,68.3,63.4,63.2,76.8,60.4,False,False,True,False
88.37,0,91.1,82.5,64.5,98.4,79.9,84.1,93.4,96.4,64.7,72.9,True,False,False,False
58.08,2,53.7,51.8,64.5,62.2,63.7,51.6,56.0,54.6,67.9,64.5,False,True,False,False
54.31,1,58.5,64.5,51.3,64.3,52.7,54.6,56.1,58.4,51.8,50.5,False,False,True,False
66.31,3,64.3,72.7,74.3,64.3,61.2,61.7,63.2,76.4,66.0,64.5,True,False,False,False
83.48,0,83.4,64.5,97.5,79.3,87.9,88.0,78.9,79.5,77.9,72.2,False,False,False,False
58.7,2,64.4,63.8,64.5,59.3,55.2,62.7,54.2,57.6,66.9,63.5,True,False,False,False
60.17,2,62.9,65.3,58.5,68.0,52.4,51.1,68.4,64.8,57.5,64.6,False,False,False,False
57.54,2,55.9,50.6,54.2,59.5,55.3,56.3,56.8,67.4,63.3,56.1,True,False,False,False
87.53,0,84.1,97.8,97.9,78.4,82.9,91.9,71.9,92.5,88.8,89.0,True,False,False,False
59.04,2,58.1,50.3,58.2,60.8,66.4,64.6,50.7,55.9,67.9,53.9,False,False,True,False
61.54,2,66.5,66.1,52.3,61.9,61.9,66.4,64.5,64.8,60.9,54.1,False,False,False,True
56.95,2,55.1,51.3,66.6,50.6,51.9,55.1,67.1,51.7,60.8,59.2,False,False,False,False
60.08,2,52.4,59.8,64.5,60.6,64.4,57.2,64.5,57.8,68.0,64.2,False,False,True,False
64.39,1,54.3,53.3,50.2,55.3,58.9,52.5,55.7,50.7,54.7,58.9,False,False,True,False
55.01,1,64.4,58.8,51.4,58.2,58.6,55.2,64.5,51.9,50.8,64.5,False,False,True,False
82.53,0,90.0,64.5,98.4,70.4,74.3,90.9,64.5,83.6,70.0,75.4,False,False,True,False
69.15,3,71.8,66.9,71.8,63.1,63.7,68.0,78.9,61.3,73.4,72.4,False,False,False,True
87.51,0,64.4,93.1,64.5,92.2,95.5,74.7,78.4,71.8,89.0,89.5,False,False,False,True
53.63,1,54.1,51.5,58.9,55.2,52.0,50.0,53.9,52.3,64.7,52.2,True,False,False,False
54.4,1,52.8,51.6,52.3,58.0,57.7,55.8,64.5,51.5,56.3,53.3,True,False,False,False
59.23,2,55.7,66.6,55.1,64.3,51.2,68.7,65.0,64.3,54.7,51.6,False,False,False,False
55.99,1,64.4,54.3,64.5,51.3,52.9,64.6,57.3,58.0,58.6,64.5,False,False,False,False
59.51,2,51.7,57.5,54.5,65.1,65.9,54.8,59.4,59.9,64.1,62.1,True,False,False,False
55.64,1,54.9,64.5,64.5,64.3,50.3,50.4,58.0,53.8,57.4,56.6,False,False,False,True
88.39,0,80.6,77.6,90.0,95.6,81.8,93.4,84.1,99.5,98.7,82.5,True,False,False,False
54.04,1,53.9,54.8,50.1,52.4,57.2,58.5,51.1,54.8,56.9,50.9,False,False,False,True
85.22,0,75.4,90.4,64.5,76.9,71.3,94.9,97.0,88.1,64.7,89.8,False,False,False,True
87.5,0,81.2,96.8,81.2,87.8,97.9,64.6,72.8,84.8,64.7,94.1,False,False,True,False
67.5,3,63.4,76.3,64.7,64.3,60.1,76.0,66.9,78.2,63.2,64.4,False,False,False,True
55.71,1,51.9,53.4,57.4,58.9,52.0,56.1,57.8,53.5,57.7,58.3,True,False,False,False
54.28,1,58.8,50.3,56.9,55.4,50.8,52.3,53.5,51.5,64.7,56.1,False,True,False,False
69.34,3,69.9,71.3,77.4,78.5,62.7,64.3,65.0,68.5,67.7,68.0,False,False,False,False
85.77,0,93.2,77.8,76.9,96.9,93.5,70.1,94.0,72.2,88.8,94.3,True,False,False,False
70.95,3,69.7,78.4,76.0,60.8,71.5,69.4,68.6,72.9,76.6,64.5,False,False,False,True
52.57,1,53.1,50.1,55.0,64.3,55.4,52.1,53.2,50.9,50.4,53.7,False,False,True,False
64.39,2,62.8,64.5,67.9,67.8,67.5,52.0,65.5,53.9,64.7,55.5,False,False,False,False
61.11,2,61.5,68.3,60.4,58.1,52.3,66.4,64.2,62.3,62.8,55.0,True,False,False,False
58.72,2,60.3,65.6,52.1,64.3,57.9,52.4,62.4,53.9,66.1,64.5,False,True,False,False
65.21,3,60.5,66.7,64.8,62.8,60.5,66.3,66.6,62.7,70.2,70.9,False,False,False,True
55.51,2,51.2,52.4,56.3,51.3,50.0,65.7,67.6,50.7,58.8,51.2,False,False,False,False
69.57,3,75.5,75.2,62.9,73.6,66.5,71.2,70.0,64.8,67.2,72.7,False,False,False,True
62.59,2,65.4,64.8,51.6,65.2,58.4,60.9,66.4,64.1,63.6,65.5,True,False,False,False
69.77,3,64.2,62.7,68.9,64.3,74.7,64.6,68.7,64.8,73.1,64.5,False,False,False,True
68.78,3,75.0,71.8,62.1,69.4,67.6,66.4,64.5,65.5,71.0,71.1,False,False,True,False
68.06,3,75.2,66.5,63.7,66.3,72.0,61.8,67.7,68.6,60.1,78.7,False,False,False,True
64.39,2,62.7,58.6,54.6,58.4,63.6,67.3,67.8,58.5,57.4,52.2,True,False,False,False
86.13,0,76.7,99.1,77.2,77.1,85.4,91.6,76.7,91.9,92.9,64.5,True,False,False,False
56.47,2,52.7,52.6,64.5,58.5,61.0,52.8,67.6,54.1,58.2,50.3,False,False,False,False
58.35,2,60.6,59.9,56.8,57.8,65.4,53.6,58.8,65.2,50.6,54.8,False,False,True,False
61.66,2,58.8,58.3,68.4,67.2,64.2,52.8,56.1,65.3,60.7,64.7,True,False,False,False
89.83,0,91.0,89.8,81.8,92.6,93.0,83.9,88.4,99.4,82.3,96.1,True,False,False,False
52.4,1,50.3,53.3,51.0,50.6,51.4,53.5,56.0,51.8,51.2,55.0,False,False,False,False
65.71,3,63.6,64.5,66.3,68.5,63.1,61.3,63.6,73.0,64.7,61.7,False,False,True,False
69.51,3,72.5,73.2,67.5,66.3,61.7,77.7,77.2,77.2,64.7,64.5,False,False,False,False
54.74,1,64.4,50.8,57.6,54.5,56.1,58.4,52.4,64.8,54.0,54.2,False,False,False,True
59.72,2,55.9,67.6,54.4,58.0,55.9,64.0,58.8,60.7,54.7,67.3,False,False,False,False
58.37,2,64.4,53.3,62.8,61.9,65.1,50.3,63.5,62.8,53.2,64.5,True,False,False,False
53.34,1,53.9,52.8,54.8,53.8,64.4,50.0,50.5,54.2,56.4,54.8,False,True,False,False
55.28,1,51.4,57.4,57.1,64.3,64.4,64.6,58.3,57.0,57.2,55.4,True,False,False,False
69.76,3,74.3,71.2,62.1,71.3,68.2,64.6,71.2,71.0,73.0,63.1,False,False,True,False
64.39,3,78.0,60.8,76.1,67.4,64.4,70.3,64.5,63.5,63.2,65.3,False,False,True,False
69.49,3,71.2,63.1,72.7,74.0,66.7,61.2,76.6,72.3,71.6,65.4,False,False,False,True
86.05,0,76.6,74.9,97.8,95.4,80.6,90.4,98.8,91.3,64.7,73.9,False,False,False,True
54.25,1,58.5,53.5,54.6,53.5,53.9,55.0,51.7,50.5,58.9,52.3,True,False,False,False
59.56,2,64.4,58.5,68.5,52.7,68.4,52.2,58.3,53.3,65.4,52.0,False,False,True,False
88.25,0,85.7,89.7,98.0,90.3,89.3,96.0,64.5,64.8,75.2,64.5,False,False,False,False
71.07,3,61.5,74.7,77.1,75.3,66.6,66.7,66.0,70.4,74.6,64.5,True,False,False,False
74.05,3,68.3,77.5,64.5,67.5,78.9,75.7,64.5,67.0,78.3,76.8,False,False,False,True
84.29,0,76.4,80.2,64.5,71.1,64.4,64.6,64.5,87.5,83.7,95.0,False,False,False,True
64.39,0,80.1,91.6,94.1,64.3,84.2,71.5,93.6,73.0,74.1,76.0,False,False,False,False
84.94,0,95.1,88.3,86.8,64.3,76.0,95.8,75.4,79.7,73.6,84.1,False,False,False,False
81.16,0,70.9,91.4,64.5,71.1,91.5,91.9,64.5,85.3,73.0,64.5,False,False,True,False
54.53,1,54.6,51.9,54.4,51.3,55.1,52.0,54.8,55.2,57.4,58.6,False,False,False,True
53.91,1,57.0,56.7,52.6,64.3,54.3,55.5,51.2,53.9,51.1,50.5,False,True,False,False
85.32,0,64.4,93.5,92.1,80.5,64.4,99.4,71.2,81.0,72.2,64.5,False,False,True,False
88.18,0,64.4,77.7,84.0,95.6,95.7,93.4,91.7,77.4,96.4,79.7,False,False,True,False
56.07,2,63.6,63.0,56.0,50.8,59.1,61.0,50.0,51.1,55.0,51.1,False,False,False,True
64.39,0,91.9,70.2,90.9,73.8,85.4,96.1,71.6,71.7,70.1,64.5,True,False,False,False
64.39,1,54.0,50.9,58.7,52.6,50.0,58.2,51.4,64.8,55.9,64.5,True,False,False,False
86.95,0,64.4,83.8,87.6,93.8,88.1,86.8,79.9,84.9,97.7,74.9,False,False,True,False
70.69,3,64.4,73.3,64.5,77.4,79.0,74.2,65.0,62.8,61.9,61.0,False,False,False,True
68.08,3,64.4,67.2,64.5,64.6,67.7,74.5,61.8,71.4,69.4,71.3,False,True,False,False
55.92,1,58.7,50.4,64.5,57.6,53.5,56.1,64.5,56.1,52.3,57.8,False,False,False,False
54.3,1,51.5,53.4,55.1,58.4,53.4,51.3,52.5,53.3,57.5,56.7,False,False,False,True
55.54,2,61.3,51.2,60.3,53.3,55.0,50.8,51.7,64.8,61.8,59.1,False,False,False,False
66.94,3,73.6,65.6,68.4,62.4,60.3,69.0,64.5,73.4,66.2,62.0,False,True,False,False
69.21,3,68.0,78.7,69.1,64.3,62.8,78.5,71.3,63.8,65.8,63.2,True,False,False,False
69.36,3,61.4,60.6,71.4,73.1,68.8,75.8,75.5,72.4,62.8,71.7,False,True,False,False
64.39,0,91.8,87.7,79.3,64.3,89.9,77.9,92.7,73.4,99.3,94.0,False,False,False,True
69.3,3,72.5,70.6,77.7,69.1,71.0,60.5,65.4,60.6,74.8,70.9,False,False,False,True
86.53,0,98.6,79.1,64.5,64.3,92.1,75.0,86.5,92.3,87.2,90.2,False,False,False,True
64.39,0,79.4,90.1,71.3,87.3,88.9,70.7,76.2,77.0,64.7,88.6,False,True,False,False
68.83,3,64.4,65.6,60.5,64.3,62.5,75.1,72.1,75.3,76.0,71.4,True,False,False,False
54.3,1,58.9,53.8,53.4,53.6,50.1,53.3,58.2,51.8,58.6,51.5,False,False,False,False
61.4,2,61.2,64.0,64.3,61.3,68.0,51.2,54.3,57.4,68.5,63.9,False,False,True,False
83.12,0,64.4,89.3,74.8,93.0,78.6,94.1,86.5,78.8,73.5,80.7,False,False,True,False
53.44,1,55.1,56.8,64.5,51.4,56.2,64.6,53.2,51.8,52.9,52.4,True,False,False,False
68.92,3,75.2,61.7,62.6,70.7,74.0,78.8,71.3,62.3,67.6,65.0,True,False,False,False
60.0,2,64.4,52.7,65.0,56.1,57.9,63.5,54.5,64.4,64.7,68.7,False,False,True,False
53.94,1,56.3,54.7,64.5,57.3,51.3,57.9,52.1,64.8,50.2,64.5,False,False,True,False
56.67,2,52.7,50.5,54.6,51.2,63.2,64.6,54.6,59.3,51.9,66.4,False,False,True,False
73.3,3,74.2,78.5,73.7,64.3,78.0,78.1,73.6,68.8,70.3,64.3,False,False,True,False
61.52,2,65.1,59.2,64.5,61.3,64.4,65.0,60.3,64.8,62.3,68.3,True,False,False,False
55.63,1,58.1,58.9,50.6,54.3,56.7,52.6,58.7,55.5,56.6,54.2,False,False,False,True
82.13,0,85.3,94.3,89.7,70.9,70.1,70.7,85.8,76.5,93.4,84.5,True,False,False,False
64.39,2,63.8,55.8,64.5,64.3,64.4,63.1,60.8,57.5,58.6,56.1,False,False,False,True
81.07,0,70.1,83.1,94.2,72.2,84.6,70.4,87.0,82.0,89.0,78.0,True,False,False,False
64.39,0,93.9,92.8,74.0,71.9,90.1,86.3,88.9,87.3,85.8,78.8,True,False,False,False
85.69,0,88.2,81.1,92.2,99.1,70.2,75.6,92.1,91.2,94.2,73.0,False,False,False,False
81.5,0,70.1,83.7,84.8,72.0,81.4,93.1,95.8,70.9,87.4,75.8,True,False,False,False
86.42,0,71.4,99.2,90.9,81.1,78.3,99.7,82.8,70.1,96.3,94.4,False,False,False,True
64.39,1,50.1,64.5,58.9,64.3,56.1,54.1,54.9,56.7,56.4,54.0,True,False,False,False
58.63,2,51.8,58.7,55.8,57.7,58.9,57.8,64.5,56.7,67.1,58.9,False,False,False,False
70.09,3,73.0,61.5,71.0,79.0,66.3,77.0,63.9,77.0,69.1,63.0,False,False,False,True
58.39,2,60.7,62.8,52.2,51.4,66.4,53.4,55.2,57.8,64.7,56.3,False,True,False,False
60.62,2,65.0,53.7,67.5,63.3,54.8,51.1,67.4,50.1,67.3,65.8,True,False,False,False
86.29,0,92.1,98.5,91.5,74.4,96.8,74.7,93.1,64.8,78.2,82.1,False,False,False,False
87.18,0,64.4,95.8,72.2,85.7,94.4,95.0,84.8,97.7,84.5,82.1,False,False,False,False
64.39,2,68.3,54.6,51.0,64.4,62.7,64.6,54.9,60.2,54.1,50.8,False,False,True,False
56.08,1,57.7,54.0,57.7,53.1,58.6,58.5,57.0,53.3,57.9,53.0,True,False,False,False
64.39,0,64.4,75.9,94.1,76.2,87.8,84.1,86.8,64.8,97.4,76.7,False,False,True,False
62.1,2,64.4,64.5,67.3,65.9,67.9,57.1,64.5,64.0,64.0,57.9,False,False,False,False
64.39,2,61.1,52.3,63.4,64.3,55.9,65.5,51.1,62.3,52.3,53.6,False,False,True,False
85.39,0,88.9,79.3,93.9,64.3,91.4,75.3,88.6,72.2,87.7,78.6,False,False,True,False
85.22,0,82.2,89.8,81.8,82.5,90.6,87.6,64.5,64.8,85.8,87.0,False,True,False,False
69.38,3,68.6,64.5,63.7,63.8,64.4,68.4,76.5,67.4,77.9,68.1,False,True,False,False
55.54,1,57.6,54.6,57.2,52.6,53.7,55.5,57.4,58.9,53.5,54.3,False,False,True,False
64.39,0,84.5,72.2,73.2,89.2,70.2,74.8,71.8,92.6,96.5,64.5,False,False,True,False
64.39,3,69.4,70.7,67.9,62.4,68.2,72.5,61.6,65.2,60.1,66.2,False,False,False,True
54.36,1,55.1,50.7,64.5,51.9,55.0,64.6,58.8,57.0,55.1,56.5,False,True,False,False
54.03,1,51.2,51.3,55.0,54.8,50.8,58.9,53.8,58.5,64.7,64.5,False,False,False,True
58.11,2,62.4,52.0,56.2,57.4,60.9,50.7,67.9,52.7,53.7,67.2,True,False,False,False
70.52,3,61.2,64.5,73.1,63.5,76.8,64.9,77.4,72.0,78.3,77.9,True,False,False,False
64.39,1,64.4,56.1,58.9,54.5,64.4,53.2,57.3,54.2,58.2,56.2,False,True,False,False
58.06,2,50.1,69.0,54.8,61.3,66.8,64.6,57.4,55.8,52.5,55.9,True,False,False,False
69.38,3,66.5,74.7,71.1,69.6,62.3,67.1,64.5,71.5,75.5,67.1,False,False,False,False
87.08,0,90.3,71.8,96.6,64.3,83.4,88.2,71.0,91.6,98.9,81.6,False,True,False,False
55.28,1,51.2,54.9,55.9,57.4,56.6,64.6,56.8,52.7,52.4,57.9,True,False,False,False
84.14,0,75.5,70.5,77.4,93.7,86.6,85.6,98.8,72.6,90.8,64.5,False,True,False,False
53.74,1,56.6,58.3,52.9,50.8,55.2,51.0,50.4,52.5,53.3,56.3,True,False,False,False
61.01,2,59.3,50.9,59.1,66.9,68.1,62.0,58.3,60.8,64.7,68.1,True,False,False,False
86.27,0,97.9,84.5,70.0,96.1,79.2,83.1,100.0,92.7,75.8,83.4,True,False,False,False
71.61,3,68.7,73.4,70.4,75.2,72.0,71.3,77.0,70.9,62.7,74.6,True,False,False,False
81.84,0,75.1,77.7,71.6,84.9,83.6,81.3,70.6,89.3,98.2,86.1,False,False,True,False
60.45,2,60.5,65.0,64.5,56.0,63.1,64.6,68.6,55.6,55.2,53.1,False,False,False,False
59.54,2,55.9,65.3,59.4,52.0,54.1,66.4,68.1,56.7,55.7,61.8,True,False,False,False
85.96,0,64.4,88.8,96.9,100.0,71.1,83.8,64.5,83.3,89.1,84.3,False,False,False,False
69.87,3,76.2,63.7,66.9,66.4,74.6,67.1,62.9,74.2,71.7,75.0,True,False,False,False
83.41,0,89.6,73.8,64.5,72.8,79.1,88.1,87.4,64.8,98.0,87.9,True,False,False,False
53.12,1,52.5,64.5,64.5,50.8,51.0,51.1,50.2,53.2,64.7,54.5,True,False,False,False
82.94,0,92.4,99.5,89.2,81.7,64.4,77.1,64.5,80.9,70.9,64.5,False,True,False,False
70.14,3,74.6,77.7,71.4,66.7,70.7,66.1,74.8,61.2,65.4,72.8,True,False,False,False
59.46,2,65.0,67.2,68.3,52.4,58.7,56.5,63.8,64.8,52.6,51.6,True,False,False,False
54.19,1,64.4,57.6,57.6,64.3,56.3,57.0,50.6,53.1,51.4,51.3,False,False,False,False
70.89,3,63.3,68.5,68.5,69.0,71.4,70.2,77.5,78.1,72.6,69.8,False,False,False,False
71.97,3,67.4,72.5,64.5,77.4,70.0,71.7,66.1,78.3,65.7,74.0,False,False,False,False
70.28,3,64.2,63.1,78.4,75.3,77.9,69.2,72.5,62.8,66.5,73.0,True,False,False,False
89.11,0,96.2,91.5,96.5,96.1,89.8,90.5,73.5,93.5,88.5,75.0,False,False,False,False
64.39,0,82.1,88.7,97.3,87.2,64.4,99.1,64.5,72.6,90.2,89.3,False,True,False,False
54.42,1,58.9,53.7,51.0,64.3,58.5,53.7,50.8,55.3,54.2,53.9,True,False,False,False
69.33,3,64.1,74.5,64.5,70.3,67.5,65.1,76.9,66.2,64.3,72.7,True,False,False,False
64.39,3,61.1,65.5,64.7,71.0,62.3,70.6,61.9,65.7,60.5,67.1,False,False,False,True
68.69,3,64.4,60.6,71.2,65.0,73.1,67.4,60.9,69.1,69.0,75.4,True,False,False,False
70.71,3,76.9,78.9,76.0,66.7,79.0,64.6,66.7,63.8,64.0,64.6,False,False,False,True
72.03,3,64.3,78.1,69.9,78.0,74.4,61.7,69.0,76.1,70.7,78.1,False,True,False,False
64.39,2,65.5,64.5,68.0,66.8,51.3,63.0,64.7,54.5,65.1,65.4,False,False,False,False
60.99,2,56.5,67.2,53.8,66.8,63.8,66.0,50.4,61.8,59.7,63.8,True,False,False,False
64.39,3,72.8,73.4,64.5,62.1,64.1,62.3,71.8,66.6,77.3,64.5,False,False,False,True
54.6,1,52.5,58.7,52.4,54.8,53.9,57.6,52.9,53.5,53.0,64.5,False,True,False,False
69.83,3,66.9,66.7,64.5,74.9,72.8,74.4,71.8,64.5,73.3,68.6,False,True,False,False
54.91,1,56.1,52.6,58.9,51.0,54.9,55.0,57.8,58.4,51.9,52.5,False,False,True,False
64.39,0,86.0,93.1,92.5,72.6,73.5,95.7,97.7,64.8,64.7,76.5,False,True,False,False
68.24,3,78.1,60.1,75.3,67.1,64.7,71.6,64.5,64.8,65.9,61.8,False,False,False,True
88.72,0,88.0,98.6,96.3,91.5,83.7,64.6,79.5,94.9,91.4,86.7,False,True,False,False
55.87,1,64.4,57.1,53.4,58.2,52.0,55.8,54.3,64.8,64.7,58.0,False,False,False,True
57.9,2,55.6,51.1,65.5,58.1,58.5,51.7,64.2,51.7,62.4,60.2,True,False,False,False
55.48,1,56.0,58.0,55.6,56.2,57.4,53.1,52.7,55.5,64.7,53.3,True,False,False,False
64.39,3,70.2,61.2,62.0,60.5,68.3,64.6,76.8,64.8,72.9,64.5,False,False,True,False
61.15,2,62.7,64.5,64.8,52.8,59.2,51.8,68.0,64.8,64.7,51.7,True,False,False,False
59.85,2,53.2,56.2,58.6,62.7,52.8,68.0,66.8,58.3,56.7,65.1,False,False,False,True
53.65,1,56.0,51.0,55.4,55.2,53.2,52.2,53.7,52.1,56.8,50.8,False,True,False,False
54.26,1,55.1,51.8,54.6,57.6,55.1,64.6,50.5,51.3,57.7,55.3,True,False,False,False
71.53,3,76.0,68.5,69.3,77.3,73.6,75.2,64.2,64.2,73.3,73.7,True,False,False,False
59.59,2,52.1,62.8,50.9,58.1,51.0,61.6,66.8,63.4,62.4,66.8,False,False,False,False
70.77,3,71.4,75.1,66.2,71.2,72.7,77.9,62.5,64.8,76.7,66.1,True,False,False,False
56.81,1,55.4,56.1,53.5,58.0,58.3,58.1,56.9,58.1,54.8,64.5,False,False,False,False
69.86,3,64.4,67.3,78.3,60.4,71.3,73.1,69.5,75.7,71.8,66.5,False,False,False,True
91.61,0,64.4,82.7,91.2,93.5,95.7,95.9,90.6,92.8,98.1,64.5,True,False,False,False
54.65,1,56.1,51.8,57.8,53.5,51.3,51.1,58.6,58.8,53.3,54.0,False,False,False,True
86.35,0,90.9,73.4,64.5,64.3,86.7,84.0,78.2,95.7,92.3,85.2,False,False,False,True
70.88,3,61.1,76.6,69.2,75.6,73.7,72.2,73.2,69.7,75.5,62.1,False,False,False,False
64.39,0,77.5,90.8,94.0,83.5,83.2,70.8,74.5,95.8,95.9,92.9,False,False,False,True
60.2,2,65.8,59.1,66.1,65.7,60.1,59.7,51.3,53.8,52.3,68.1,True,False,False,False
57.28,2,50.1,66.4,56.8,51.2,50.6,54.0,55.6,61.5,66.8,64.5,False,False,False,True
85.95,0,91.6,79.1,70.4,90.6,64.4,90.6,70.8,98.3,81.2,99.3,False,False,False,True
87.46,0,76.8,79.4,77.4,94.9,84.4,84.1,94.6,96.2,64.7,92.0,False,True,False,False
61.38,2,61.1,59.0,64.5,50.3,65.9,61.5,66.7,64.9,61.7,64.7,False,False,False,True
87.72,0,99.6,89.3,75.9,95.5,72.6,92.6,83.4,80.7,91.7,96.0,False,False,True,False
69.43,3,73.4,66.9,68.2,61.6,68.9,78.5,64.5,70.2,65.0,77.0,False,True,False,False
54.98,1,57.2,56.9,55.7,53.4,51.0,56.0,54.6,50.4,58.2,56.4,False,False,False,False
54.37,1,54.0,53.7,56.0,52.1,51.4,54.0,64.5,53.7,56.2,55.8,True,False,False,False
55.9,1,52.4,56.8,58.8,58.2,57.1,54.1,57.8,53.5,64.7,51.4,True,False,False,False
55.25,1,51.7,51.3,58.5,55.5,50.7,57.7,55.9,54.3,59.0,64.5,False,False,False,False
77.15,0,73.6,71.9,87.7,72.2,75.4,73.8,70.7,70.4,79.0,96.7,False,False,True,False
88.05,0,98.9,75.5,98.7,98.0,79.0,80.5,91.4,95.7,92.4,70.6,False,False,False,False
90.06,0,95.8,64.5,95.7,64.3,85.6,84.9,85.5,64.8,91.0,94.2,False,True,False,False
68.31,3,61.8,61.2,69.0,64.6,67.3,65.6,64.5,75.9,74.5,76.5,False,True,False,False
80.85,0,76.9,71.4,77.0,84.0,75.0,88.2,64.5,93.2,85.4,86.5,False,False,False,False
67.0,3,65.1,63.7,77.4,60.5,64.4,72.4,60.6,74.2,63.3,68.5,False,False,False,False
60.5,2,63.1,52.5,67.1,64.3,62.7,50.1,57.9,66.1,66.8,64.5,False,False,False,False
69.29,3,65.9,69.0,77.6,76.6,67.1,67.3,77.5,66.0,60.3,65.6,True,False,False,False
83.03,0,74.9,85.5,96.3,89.7,98.1,74.3,74.7,88.4,77.6,70.6,False,False,True,False
89.79,0,74.6,89.2,98.9,93.4,93.3,94.8,64.5,89.7,89.2,85.3,False,False,False,False
91.44,0,83.7,64.5,95.1,96.0,92.2,86.7,64.5,98.3,82.8,81.8,True,False,False,False
83.61,0,74.2,74.5,74.0,64.3,99.9,92.3,74.8,87.1,64.7,95.8,True,False,False,False
59.65,2,51.0,59.5,69.0,65.2,61.4,55.9,68.1,53.5,64.7,62.3,True,False,False,False
62.43,2,67.2,58.8,63.2,60.9,67.5,67.0,68.1,51.0,62.8,64.5,False,False,False,True
64.39,0,97.3,84.4,77.1,93.2,88.8,91.6,64.5,75.0,76.7,89.9,False,False,True,False
53.46,1,64.4,51.7,57.0,54.1,50.3,55.8,56.8,54.6,53.1,50.4,True,False,False,False
56.09,2,60.3,56.0,50.2,56.6,56.5,62.9,52.9,50.2,63.9,51.4,False,False,False,True
53.1,1,51.3,50.9,54.8,51.6,50.9,50.8,55.7,57.1,57.3,50.6,False,False,False,True
57.77,2,56.4,57.2,53.9,54.6,52.4,61.9,55.2,52.5,67.0,66.6,True,False,False,False
55.3,1,57.0,59.0,53.5,56.6,52.2,55.6,64.5,56.2,51.4,54.2,True,False,False,False
54.99,1,57.5,53.7,50.3,64.3,50.4,64.6,64.5,55.2,52.9,57.0,False,False,True,False
55.18,1,53.3,50.5,58.0,58.3,54.5,53.5,52.2,59.0,57.6,54.8,False,False,False,True
64.39,0,84.4,84.2,91.6,90.6,94.0,93.9,89.0,86.9,72.5,82.1,False,False,False,True
67.75,3,62.4,69.6,76.6,64.3,68.6,61.2,70.9,70.8,63.0,68.0,False,False,True,False
54.96,1,50.3,54.8,57.4,55.8,58.1,58.7,53.2,53.1,64.7,55.0,False,False,True,False
64.39,0,77.6,98.4,70.4,75.8,73.6,87.8,80.2,91.1,85.8,94.2,False,True,False,False
85.44,0,92.9,76.9,73.8,96.8,81.0,81.8,86.5,64.8,83.0,86.9,False,False,True,False
58.34,2,64.4,67.4,55.2,58.4,54.7,64.6,57.9,52.2,64.7,55.6,False,True,False,False
68.46,3,62.0,62.3,61.7,76.5,64.4,70.2,73.1,61.8,68.0,71.1,False,False,False,False
54.21,1,54.6,64.5,51.4,54.8,52.4,56.4,51.1,54.0,56.4,53.4,False,True,False,False
71.54,3,77.9,71.3,64.5,71.0,64.4,75.8,65.3,75.7,64.7,76.9,False,True,False,False
87.37,0,64.4,88.3,71.8,93.5,89.3,93.6,84.7,92.5,80.7,64.5,True,False,False,False
58.63,2,52.6,62.9,62.0,53.0,66.1,57.8,63.7,60.2,51.5,56.5,False,True,False,False
58.73,2,59.4,64.5,57.0,51.5,60.1,54.0,50.6,63.1,54.4,68.8,True,False,False,False
59.2,2,58.7,55.7,57.3,58.9,53.9,60.9,60.0,65.3,66.8,54.7,False,False,False,False
54.46,1,64.4,52.5,58.2,51.5,64.4,50.3,52.8,57.3,58.0,56.7,True,False,False,False
69.53,3,74.6,64.5,69.1,65.2,66.7,66.3,66.4,77.7,70.1,68.9,False,True,False,False
86.1,0,98.7,79.5,72.8,75.6,96.9,90.7,80.8,95.7,97.0,73.1,True,False,False,False
84.98,0,64.4,64.5,89.8,94.4,84.1,80.4,64.5,84.5,73.7,90.1,False,True,False,False
54.46,1,51.8,54.6,50.9,52.7,53.2,56.2,57.3,55.8,64.7,54.9,False,False,True,False
54.1,1,51.8,50.5,56.3,64.3,52.8,64.6,53.6,52.7,55.2,53.8,True,False,False,False
58.67,2,53.2,63.1,67.9,64.2,62.4,55.9,52.4,53.5,56.1,58.0,True,False,False,False
64.39,1,55.5,51.3,57.6,58.0,55.8,55.9,52.7,58.4,64.7,58.2,True,False,False,False
84.71,0,64.4,70.2,71.7,75.9,98.5,82.3,95.3,93.8,95.6,91.1,False,False,False,False
70.97,3,78.3,68.1,74.2,64.3,77.4,77.7,64.5,72.9,61.7,61.1,False,False,True,False
61.06,2,62.4,58.7,64.6,56.8,58.4,64.6,68.8,59.3,68.3,62.5,False,False,False,True
71.25,3,76.1,68.6,71.2,76.7,75.6,64.2,68.7,67.8,75.7,68.1,False,False,False,False
60.4,2,68.5,54.9,64.5,57.9,50.6,64.6,63.7,61.0,58.8,54.0,True,False,False,False
88.72,0,93.1,100.0,97.5,81.6,70.9,91.4,82.0,64.8,99.6,80.6,False,False,False,True
65.12,3,66.1,61.8,70.9,60.0,67.9,69.3,62.9,66.8,64.7,60.9,False,True,False,False
87.77,0,64.4,64.5,74.8,91.7,64.4,97.6,95.2,82.0,82.8,82.7,True,False,False,False
85.87,0,99.7,93.6,83.3,94.0,77.6,64.6,86.0,81.4,74.4,64.5,True,False,False,False
55.01,1,52.6,58.1,55.2,56.7,52.5,57.8,56.6,51.3,57.7,51.7,False,False,False,True
84.9,0,64.4,75.8,72.2,73.8,98.8,83.0,73.7,92.2,91.9,98.4,True,False,False,False
58.57,2,53.3,58.7,64.6,68.3,54.5,52.6,67.0,59.6,55.1,52.0,True,False,False,False
64.39,1,58.4,55.6,64.5,58.2,56.6,56.2,52.2,56.1,55.6,53.0,False,False,False,False
58.37,2,68.4,64.5,62.4,56.2,50.2,60.0,53.1,52.6,50.9,62.8,True,False,False,False
70.0,3,74.8,66.5,64.5,78.5,72.1,76.2,64.5,60.9,74.9,62.2,False,False,True,False
58.36,2,64.4,64.5,53.6,63.7,64.4,50.0,58.9,60.1,62.0,65.2,False,False,True,False
69.24,3,77.8,70.4,60.0,74.4,68.2,69.6,72.4,62.1,71.8,65.7,False,False,False,False
83.8,0,64.4,99.0,97.2,80.4,89.5,75.0,77.0,82.2,64.7,78.9,False,False,False,True
89.01,0,99.1,96.8,81.8,93.8,70.5,81.4,95.3,87.3,84.8,99.4,False,False,False,False
64.39,1,56.2,53.5,58.7,50.9,50.6,57.8,51.3,58.3,56.5,52.7,True,False,False,False
55.29,1,52.2,58.5,55.8,58.6,64.4,56.8,57.2,53.7,52.6,53.6,False,True,False,False
53.19,1,56.2,64.5,51.8,64.3,54.8,51.7,53.5,64.8,53.2,55.0,False,True,False,False
59.68,2,52.7,58.2,60.2,59.3,64.4,67.9,56.8,68.0,54.5,52.2,False,False,False,True
57.75,2,64.4,61.8,57.9,56.6,57.9,59.4,64.5,61.1,52.7,68.7,False,False,False,True
70.61,3,69.4,76.3,73.8,70.2,63.4,78.3,73.4,66.5,70.8,64.0,True,False,False,False
84.52,0,64.4,82.7,75.3,81.6,90.4,93.1,90.4,89.3,72.1,97.8,False,True,False,False
57.71,2,64.4,67.4,56.8,53.4,62.7,65.5,52.4,56.5,57.3,51.3,False,False,False,True
70.35,3,72.4,71.4,64.5,73.0,76.2,64.4,69.5,61.2,69.6,71.7,False,True,False,False
72.35,3,74.4,77.6,67.3,72.4,78.0,77.8,69.1,71.0,70.7,65.3,False,False,False,False
59.85,2,51.6,53.2,64.7,57.4,64.0,56.4,55.2,66.4,67.0,62.6,True,False,False,False
55.36,1,57.1,57.8,56.3,57.5,58.5,50.8,54.1,52.8,54.2,54.5,False,False,False,False
86.83,0,71.2,98.2,78.5,80.0,91.8,87.0,97.5,98.7,84.7,80.6,False,False,False,False
64.39,0,80.2,77.9,93.6,73.7,83.5,64.6,75.9,89.3,90.9,64.5,False,False,True,False
89.34,0,94.3,94.1,72.6,88.0,93.9,92.0,79.1,84.4,64.7,99.8,False,False,True,False
87.79,0,82.2,94.3,75.8,99.9,85.2,99.1,70.4,91.6,82.3,97.1,False,True,False,False
53.81,1,50.6,58.5,64.5,52.5,55.2,51.4,58.2,64.8,53.7,51.3,False,False,False,True
68.9,3,76.0,61.8,63.6,64.3,70.0,61.6,71.3,77.8,72.5,71.8,True,False,False,False
68.2,3,77.7,64.7,75.1,66.3,60.4,75.0,63.3,64.8,61.6,64.5,False,True,False,False
89.31,0,92.4,88.7,88.5,96.8,96.3,64.6,79.4,86.6,95.3,72.8,True,False,False,False
54.35,1,64.4,57.9,52.3,56.1,53.6,64.6,52.5,54.9,64.7,57.3,False,False,True,False
86.41,0,92.1,95.8,83.7,99.2,64.4,64.6,74.9,76.0,88.6,70.6,True,False,False,False
64.39,3,71.8,64.5,73.6,77.6,63.8,63.9,65.4,65.0,66.0,60.3,True,False,False,False
58.91,2,50.2,62.1,65.6,64.2,55.1,57.5,65.3,63.0,55.1,51.1,True,False,False,False
68.69,3,74.8,72.8,71.8,61.6,64.4,69.3,61.5,64.8,67.7,64.1,False,False,True,False
54.31,1,64.4,53.7,57.9,58.5,54.0,53.1,50.8,54.4,55.3,52.2,False,False,False,True
64.39,2,63.1,52.8,64.5,67.8,58.6,58.4,50.2,64.9,55.7,54.6,True,False,False,False
88.84,0,92.6,98.0,86.7,77.2,75.1,90.7,86.3,89.9,96.4,95.5,False,True,False,False
68.75,3,60.9,64.5,76.1,66.7,65.7,69.1,68.3,72.4,64.7,75.5,False,False,False,False
83.86,0,64.4,94.6,94.6,72.4,75.6,64.6,73.6,84.2,79.4,98.1,False,False,True,False
57.3,2,53.6,59.0,64.5,50.3,67.2,51.8,57.8,62.8,64.7,64.8,False,True,False,False
60.32,2,64.4,55.9,62.4,67.1,51.5,65.8,63.0,62.2,57.4,59.3,False,False,False,True
69.08,3,76.9,70.1,61.8,71.3,66.4,71.2,66.9,68.7,64.7,63.5,False,False,True,False
86.53,0,93.5,64.5,80.6,89.5,85.4,64.6,87.6,97.9,85.1,86.3,False,True,False,False
83.61,0,91.2,81.2,93.1,73.1,70.1,84.2,90.9,73.1,93.7,64.5,False,True,False,False
59.18,2,57.3,61.1,53.3,57.0,64.4,61.4,51.7,68.1,64.3,62.5,False,False,True,False
81.87,0,88.4,64.5,83.8,76.5,70.6,87.8,83.8,81.6,84.4,76.2,False,False,True,False
60.14,2,62.1,65.5,56.6,59.0,61.6,54.7,55.3,68.5,63.1,55.0,False,False,False,False
53.9,1,55.6,50.1,50.7,52.4,53.1,56.8,57.1,53.0,54.8,55.4,True,False,False,False
71.59,3,71.6,74.5,64.5,76.0,67.3,78.0,78.2,70.9,68.9,64.5,True,False,False,False
85.02,0,94.5,95.9,81.7,87.9,70.3,77.4,71.4,89.4,94.4,64.5,False,False,True,False
88.62,0,81.2,88.3,98.1,98.8,87.6,97.2,77.6,78.8,79.5,99.1,False,False,False,True
61.09,2,52.7,67.4,60.1,64.3,64.7,66.7,65.0,64.8,58.3,62.7,False,False,False,True
64.39,3,66.8,77.6,74.5,64.3,77.6,66.1,66.3,64.8,61.3,65.5,True,False,False,False
55.27,1,53.8,50.3,53.1,58.9,57.3,57.4,56.9,57.9,64.7,51.5,False,False,True,False
84.75,0,97.2,91.9,74.4,90.8,71.4,87.0,77.5,85.4,74.0,97.8,True,False,False,False
62.7,2,64.4,66.2,53.0,63.5,67.6,64.6,55.1,67.1,61.9,64.5,False,False,False,True
54.74,1,51.3,64.5,56.6,56.9,55.2,64.6,57.4,64.8,52.6,51.6,False,False,False,True
86.64,0,74.6,98.1,93.4,92.7,88.5,82.1,90.0,92.0,76.6,78.5,False,False,False,True
81.86,0,72.0,74.7,88.9,75.9,93.9,96.6,70.2,72.5,91.2,82.6,False,False,True,False
59.68,2,57.5,59.9,67.7,65.3,51.2,53.6,55.6,64.8,59.5,61.6,True,False,False,False
53.81,1,64.4,52.7,56.4,52.1,55.7,64.6,51.4,54.5,64.7,51.8,True,False,False,False
61.1,2,67.1,60.5,67.9,64.3,65.5,53.6,65.5,52.6,59.5,60.4,False,True,False,False
64.39,0,92.5,96.1,72.5,72.2,88.9,96.1,82.2,71.1,78.3,92.1,True,False,False,False
84.92,0,73.5,93.4,88.6,82.7,83.2,64.6,94.2,86.9,97.1,75.8,True,False,False,False
64.39,2,52.1,52.1,50.4,64.3,61.2,62.4,65.3,63.2,56.9,56.2,False,False,True,False
70.69,3,67.0,73.6,69.4,60.1,76.3,73.3,76.1,75.4,64.7,62.8,False,True,False,False
54.28,1,54.8,57.1,64.5,51.8,64.4,50.9,57.7,54.0,50.8,55.1,True,False,False,False
86.89,0,89.9,88.3,64.5,64.3,64.4,74.0,86.7,87.8,76.8,92.0,True,False,False,False
70.67,3,64.4,77.6,75.1,66.2,75.0,65.8,60.0,69.3,77.4,67.8,False,True,False,False
59.18,2,68.9,61.8,64.5,53.2,66.9,62.7,53.4,64.8,67.9,51.0,False,False,False,False
60.79,2,60.8,60.4,58.2,64.3,65.6,60.2,67.6,57.0,64.1,62.7,False,False,True,False
60.77,2,64.3,56.2,64.7,65.4,57.5,56.9,57.6,50.3,64.7,67.1,False,False,False,True
64.39,2,60.1,63.7,59.8,62.5,53.9,51.5,51.5,52.3,57.5,65.4,False,True,False,False
61.67,2,67.9,63.1,64.5,65.5,55.7,67.6,62.8,53.2,58.4,55.0,False,False,True,False
59.12,2,65.1,61.7,58.8,56.8,61.9,61.7,61.5,54.4,52.9,56.5,True,False,False,False
86.61,0,83.3,88.6,84.8,87.6,90.1,92.6,96.2,64.8,78.9,91.8,False,False,False,True
53.64,1,51.3,52.8,51.9,52.4,50.1,51.4,58.4,54.3,58.1,55.6,True,False,False,False
60.74,2,61.5,64.5,50.5,63.4,67.1,67.3,65.8,61.8,52.5,63.8,False,False,True,False
59.86,2,52.5,55.0,58.4,68.0,57.8,67.1,66.4,61.5,61.3,50.5,False,False,True,False
67.14,3,61.7,60.5,61.7,64.3,60.5,68.9,60.4,69.3,76.1,79.0,False,False,True,False
59.16,2,58.8,63.9,55.6,61.3,56.1,54.3,59.9,66.8,51.2,63.7,True,False,False,False
64.39,0,90.8,71.3,70.7,74.6,80.4,76.7,90.8,77.0,94.3,91.9,True,False,False,False
55.27,1,56.1,55.5,54.1,50.9,58.6,57.8,54.5,55.4,54.0,55.8,True,False,False,False
83.41,0,99.1,82.2,99.8,78.9,64.4,73.6,73.6,94.2,77.8,71.1,True,False,False,False
54.67,1,50.7,50.7,53.3,56.2,64.4,56.1,56.5,55.3,52.7,58.4,False,False,False,False
88.22,0,90.2,84.6,94.1,88.0,84.7,81.7,64.5,80.8,93.4,98.1,True,False,False,False
64.39,1,50.2,54.9,64.5,58.4,57.2,50.9,57.8,52.1,51.8,64.5,False,False,False,False
53.47,1,51.0,56.0,53.5,57.2,53.7,51.1,50.7,53.3,57.9,50.2,True,False,False,False
61.04,2,52.2,55.9,56.5,60.3,67.7,64.6,62.1,53.4,66.3,68.0,False,False,False,True
72.06,3,72.8,64.5,75.5,72.6,63.1,77.4,76.4,74.9,75.0,70.4,True,False,False,False
55.56,1,57.9,56.9,56.4,64.3,54.3,55.1,50.7,56.6,64.7,58.0,False,True,False,False
73.19,3,73.3,75.0,67.2,78.1,64.4,69.5,66.7,75.1,78.5,74.8,False,False,False,False
59.34,2,61.3,64.5,56.1,56.8,64.4,56.7,57.6,63.9,56.8,63.3,True,False,False,False
68.05,3,65.6,77.9,61.3,62.0,74.2,66.4,60.7,64.8,69.5,74.9,False,False,False,False
55.42,1,64.4,51.7,64.5,51.6,57.3,58.3,54.7,53.6,57.2,54.5,True,False,False,False
91.32,0,97.8,92.8,64.5,64.3,98.5,89.6,92.1,76.9,64.7,90.7,True,False,False,False
84.97,0,94.6,90.8,70.8,70.2,64.4,77.4,96.9,72.6,99.3,99.6,False,False,True,False
64.39,2,66.7,54.9,68.0,66.9,63.6,64.6,50.5,57.1,60.2,64.1,False,False,False,False
64.39,0,87.6,96.3,95.1,83.6,97.9,89.8,99.9,81.6,76.9,98.9,False,False,False,False
69.57,3,61.3,75.8,67.2,66.5,77.0,75.6,63.9,74.1,60.2,74.1,False,False,True,False
60.8,2,62.1,64.5,66.1,50.5,60.9,64.6,68.7,66.3,63.0,60.3,False,False,True,False
58.58,2,57.5,56.9,54.7,53.2,65.0,66.9,53.6,58.9,51.5,67.5,True,False,False,False
59.21,2,64.9,52.6,65.2,62.6,55.8,53.1,67.5,58.3,54.5,57.7,False,True,False,False
55.3,2,51.0,54.9,64.5,50.8,58.8,52.4,64.5,62.5,53.4,56.0,True,False,False,False
70.63,3,67.7,70.4,66.4,76.1,63.8,74.2,78.6,77.8,69.0,62.3,True,False,False,False
59.57,2,61.3,61.4,62.7,53.1,67.1,66.2,60.9,56.4,64.7,53.4,False,True,False,False
87.48,0,64.4,84.3,97.5,90.1,97.6,64.6,91.3,96.2,88.7,76.5,True,False,False,False
57.29,2,53.7,50.2,62.1,55.3,62.0,60.6,60.0,54.3,64.0,50.6,False,False,True,False
57.06,2,63.2,60.9,51.0,53.2,57.5,56.5,54.5,53.4,63.9,56.4,False,True,False,False
62.41,2,68.9,67.7,57.0,52.4,63.9,64.6,68.9,63.4,64.2,55.3,False,False,True,False
53.78,1,54.1,53.8,52.0,57.2,55.9,56.0,52.1,53.5,50.8,52.4,True,False,False,False
53.78,1,50.9,56.3,57.1,52.4,54.4,53.6,53.2,54.9,51.8,53.1,True,False,False,False
60.39,2,59.2,50.2,52.7,66.1,61.3,51.3,64.5,67.6,67.4,59.5,True,False,False,False
55.57,1,55.4,53.9,58.1,54.3,55.6,50.0,53.3,58.2,58.3,58.6,False,False,False,False
82.64,0,70.4,64.5,84.8,90.7,94.1,74.7,73.3,70.7,94.9,64.5,False,False,False,False
58.43,2,51.0,54.4,58.8,68.3,68.8,51.5,50.0,57.1,65.6,64.5,False,False,False,True
87.58,0,64.4,99.8,79.2,99.0,90.1,99.7,87.1,92.2,71.2,83.4,True,False,False,False
58.4,2,68.2,58.5,56.5,68.2,50.4,56.3,54.2,51.7,54.5,65.5,True,False,False,False
81.19,0,64.4,64.5,77.7,82.1,89.8,76.2,75.9,88.4,70.8,64.5,False,False,True,False
56.34,2,61.6,62.1,50.2,64.3,54.9,64.6,51.5,54.6,58.0,64.5,False,True,False,False
64.39,2,56.9,50.6,51.1,60.3,64.4,69.0,52.4,68.6,51.0,63.0,True,False,False,False
56.24,2,51.7,50.9,52.5,67.1,52.7,51.8,55.3,55.1,62.1,63.2,False,False,True,False
59.0,2,56.0,51.8,67.3,54.0,63.1,64.6,64.9,68.6,62.6,50.1,True,False,False,False
84.53,0,64.4,70.4,84.6,99.6,81.2,95.9,80.0,87.0,72.4,88.9,False,True,False,False
59.08,2,61.3,50.8,62.9,68.9,65.2,54.1,65.9,53.7,52.0,56.0,False,False,False,True
60.7,2,63.7,68.5,56.2,62.9,65.6,62.4,51.2,59.5,60.1,57.0,True,False,False,False
54.37,1,54.7,55.0,55.6,50.4,55.9,56.3,57.4,51.2,55.1,52.1,False,False,True,False
53.57,1,57.7,51.5,51.4,53.2,56.2,56.6,52.7,50.2,53.4,52.8,True,False,False,False
64.39,0,82.7,90.1,86.8,72.6,79.2,81.9,87.7,78.6,70.3,84.5,False,False,False,False
84.51,0,93.3,90.3,96.5,78.6,64.4,87.6,77.8,75.5,84.2,86.3,True,False,False,False
57.65,2,50.7,64.5,61.7,63.1,53.7,58.7,64.5,64.8,64.7,62.6,False,True,False,False
54.19,1,52.3,53.9,51.1,51.1,55.0,51.7,56.3,58.5,58.7,53.2,False,False,False,False
59.79,2,64.5,64.5,58.1,60.3,64.7,61.2,57.0,51.9,52.9,58.3,False,False,False,True
70.87,3,71.0,72.6,63.7,70.4,61.8,73.4,73.2,68.6,76.2,77.8,True,False,False,False
54.87,1,50.7,64.5,54.3,57.6,52.5,57.0,52.8,58.2,55.9,64.5,True,False,False,False
53.78,1,54.1,51.2,57.1,53.8,54.7,57.6,50.3,51.6,55.7,51.7,False,False,True,False
64.39,3,62.3,73.5,62.3,61.7,63.1,77.4,66.8,68.6,66.8,62.9,True,False,False,False
69.55,3,65.4,77.7,73.1,67.5,65.0,64.6,78.8,61.0,78.9,62.3,False,False,True,False
60.33,2,59.4,68.7,51.2,64.3,56.8,59.3,68.9,63.4,54.2,53.0,True,False,False,False
79.25,0,76.5,80.0,79.5,81.9,88.1,64.6,82.4,64.8,83.7,71.3,False,True,False,False
67.49,3,66.0,77.6,72.5,62.4,63.9,68.3,73.3,63.7,66.7,60.3,False,False,False,False
53.61,1,51.8,53.5,56.7,50.9,54.6,50.3,53.3,64.8,58.2,56.3,False,False,True,False
54.36,1,55.1,56.8,58.0,55.4,56.4,50.5,64.5,54.1,53.0,51.8,False,True,False,False
57.86,2,63.7,56.8,68.4,56.7,55.9,52.2,64.5,64.8,54.3,52.6,False,False,True,False
61.76,2,53.8,53.7,64.5,55.5,64.4,66.9,68.5,64.5,66.5,61.0,False,False,False,False
55.01,1,50.4,53.9,58.6,64.3,53.5,55.7,52.6,52.2,57.6,58.4,False,False,False,True
70.2,3,69.1,61.5,77.6,62.2,76.7,76.0,71.1,76.2,64.3,67.3,False,False,False,False
82.6,0,79.0,71.3,92.1,95.8,81.4,73.3,79.5,86.4,77.0,90.1,True,False,False,False
69.32,3,68.3,75.7,64.2,74.5,64.4,74.4,60.4,62.1,71.5,64.5,False,False,True,False
70.2,3,67.0,60.4,77.6,64.3,76.2,67.3,73.1,69.4,67.2,72.8,True,False,False,False
82.77,0,78.7,91.2,74.1,73.5,72.4,93.8,91.2,86.3,81.2,85.4,True,False,False,False
60.77,2,57.7,68.3,53.3,67.1,63.0,55.0,62.8,60.3,68.6,51.5,False,False,True,False
88.27,0,84.4,86.7,64.5,96.5,99.4,70.8,94.4,78.8,64.7,64.5,False,False,False,False
54.49,1,50.7,64.5,52.2,55.7,52.4,55.0,54.8,57.1,64.7,56.6,False,False,False,True
60.36,2,58.0,62.3,56.1,63.5,60.4,60.1,64.5,52.8,65.2,64.5,False,True,False,False
60.42,2,63.1,64.5,64.3,59.6,58.4,68.2,59.6,55.5,55.8,62.3,False,True,False,False
62.34,2,68.8,68.5,65.8,62.3,68.9,55.3,61.0,50.3,60.9,61.6,True,False,False,False
68.78,3,69.6,71.8,74.2,71.4,75.4,65.2,68.1,67.3,64.7,63.2,False,False,True,False
67.58,3,72.1,64.2,64.0,64.3,78.2,64.6,62.1,62.6,63.6,74.4,True,False,False,False
66.2,3,62.3,64.9,67.2,68.1,65.6,64.9,65.7,64.8,62.7,77.1,True,False,False,False
85.9,0,64.4,99.8,91.4,99.0,71.3,85.8,77.5,75.1,64.7,93.7,True,False,False,False
53.29,1,56.5,50.5,53.7,51.3,55.8,50.1,53.7,64.8,55.9,53.2,False,False,False,True
88.77,0,85.3,99.6,89.7,81.0,81.1,92.9,88.9,64.8,72.8,97.6,True,False,False,False
68.91,3,68.7,70.5,71.8,64.0,64.4,60.4,70.0,60.1,76.6,71.8,True,False,False,False
62.65,2,62.8,66.8,62.6,68.2,68.2,53.9,65.9,62.8,50.3,64.8,False,False,False,True
70.74,3,60.2,74.6,78.0,64.4,64.4,73.0,64.5,74.8,77.6,60.2,True,False,False,False
54.45,1,58.8,54.5,55.2,55.3,51.6,57.3,53.1,54.6,52.4,51.7,False,True,False,False
54.83,1,53.3,52.4,57.8,58.3,52.5,56.6,57.1,58.2,64.7,51.8,False,False,False,True
60.15,2,64.2,62.6,52.4,59.7,68.3,58.9,61.9,59.6,60.0,54.0,False,False,True,False
68.67,3,78.7,62.1,64.1,61.8,74.4,63.8,74.7,78.9,62.6,65.6,False,False,True,False
59.39,2,63.8,64.1,54.8,50.5,59.0,59.2,61.5,67.9,64.7,50.7,True,False,False,False
85.8,0,71.5,73.3,98.7,76.6,79.1,99.6,64.5,98.9,83.2,79.2,False,False,False,True
62.45,2,67.8,65.0,64.5,65.1,57.2,64.6,55.8,64.8,66.1,51.8,False,True,False,False
55.98,2,55.6,57.6,61.2,62.6,64.4,64.6,52.7,50.7,51.1,59.0,True,False,False,False
53.87,1,53.4,54.6,51.0,64.3,52.9,56.3,51.0,56.5,59.0,51.3,True,False,False,False
64.39,1,58.9,51.0,64.5,50.4,58.0,57.5,58.4,50.2,64.7,56.6,False,False,False,False
87.84,0,70.7,99.2,95.7,88.4,81.0,97.0,82.2,97.1,75.1,91.9,False,False,False,True
69.87,3,64.4,61.7,64.6,62.6,64.4,78.5,77.9,63.6,69.4,67.7,False,True,False,False
58.82,2,60.4,53.6,62.7,64.3,62.4,57.1,52.4,58.6,64.7,51.7,False,False,True,False
87.64,0,96.6,86.6,90.1,87.3,73.3,64.6,74.0,98.8,87.1,95.1,False,False,False,False
58.81,2,53.0,68.5,68.2,51.4,50.9,64.1,51.3,63.7,64.7,59.2,False,False,False,False
54.9,1,57.5,52.4,54.4,53.7,64.4,56.9,51.5,53.3,58.8,64.5,False,False,True,False
64.39,3,67.2,64.5,61.9,74.3,77.5,76.5,74.0,76.7,60.8,77.5,False,True,False,False
59.8,2,53.0,53.6,52.8,65.4,63.4,64.2,57.6,62.7,68.3,64.5,False,False,False,True
71.47,3,68.4,78.8,69.8,73.4,65.1,74.1,76.2,73.1,64.7,73.5,False,False,False,False
59.15,2,58.2,56.5,64.5,64.3,56.6,58.8,51.1,68.2,65.3,58.3,False,False,False,False
58.52,2,53.4,66.7,54.2,68.4,52.9,56.5,52.5,58.9,62.1,59.5,False,False,False,False
58.91,2,58.7,57.6,64.9,64.3,51.7,64.6,68.7,67.0,50.3,58.5,False,False,False,False
64.39,2,51.1,55.2,60.6,62.7,60.1,56.3,65.4,54.5,64.7,63.5,False,False,False,False
86.85,0,95.1,96.4,96.7,75.4,73.8,84.2,96.9,77.9,75.2,96.7,False,False,True,False
54.59,1,51.3,52.7,52.1,56.1,57.1,57.8,51.1,56.5,57.9,53.2,True,False,False,False
61.37,2,68.3,59.7,60.2,57.5,64.4,53.7,62.1,60.4,65.6,65.3,False,True,False,False
71.56,3,78.3,60.5,77.2,77.0,70.7,64.6,65.1,74.0,61.6,74.8,False,False,True,False
54.59,1,54.9,57.1,64.5,53.7,53.0,55.0,56.7,54.3,64.7,64.5,True,False,False,False
53.92,1,50.3,51.3,58.6,52.7,55.8,53.6,52.3,57.9,53.4,53.4,True,False,False,False
88.16,0,96.8,98.5,85.8,86.0,92.2,91.6,64.5,90.9,64.7,94.3,False,True,False,False
85.86,0,93.2,84.1,87.7,74.6,95.6,72.7,64.5,82.8,98.8,74.6,True,False,False,False
64.39,2,51.7,67.8,58.4,64.3,67.8,56.0,61.2,64.8,67.7,60.5,False,True,False,False
86.77,0,70.9,71.5,96.7,93.6,96.1,64.6,95.5,94.3,86.4,74.8,False,False,False,False
53.67,1,52.6,54.0,64.5,53.4,64.4,54.1,57.9,52.3,51.3,50.2,False,False,False,False
67.93,3,68.6,64.5,78.4,72.8,61.6,68.2,74.9,64.2,61.2,64.5,False,False,False,False
61.59,2,56.8,64.6,58.4,67.4,54.8,57.3,68.8,64.8,56.3,68.8,False,False,False,False
64.39,0,83.9,76.7,96.2,83.5,94.5,73.8,72.6,75.2,97.3,79.1,False,False,False,False
61.66,2,60.0,68.8,52.7,64.3,54.8,57.1,62.0,64.8,64.2,66.7,False,False,False,True
62.97,2,68.4,62.5,61.2,64.3,54.7,57.0,62.7,67.6,67.1,61.2,False,False,True,False
54.55,1,54.1,56.1,52.4,55.3,51.3,52.8,57.0,50.0,57.7,58.8,False,True,False,False
83.79,0,74.3,64.5,84.2,70.9,81.5,97.3,98.4,72.5,91.2,85.7,False,False,False,True
60.21,2,61.7,59.1,54.8,66.1,63.5,51.9,64.4,60.6,60.5,59.6,True,False,False,False
55.41,1,55.5,55.1,51.6,57.8,64.4,56.5,58.5,52.3,56.1,64.5,False,False,False,True
59.09,2,67.0,58.8,58.9,58.7,51.6,60.3,55.5,62.5,56.4,61.2,True,False,False,False
87.0,0,95.8,73.5,71.0,99.1,97.2,95.4,86.4,81.6,85.5,84.4,False,False,False,True
55.54,1,57.8,51.6,58.9,54.7,54.1,55.5,58.0,51.6,55.1,58.3,False,True,False,False
64.39,3,78.1,64.5,69.6,67.4,61.6,76.1,68.8,72.9,78.0,78.5,False,False,True,False
54.64,1,51.0,50.6,54.3,55.5,57.8,54.6,57.3,55.2,54.3,55.9,False,False,False,False
84.4,0,98.9,93.8,73.1,70.9,91.1,88.0,82.1,70.7,78.9,96.3,False,False,False,True
84.43,0,78.3,92.7,96.2,92.9,70.1,96.4,88.5,73.2,77.3,78.8,False,False,False,False
60.95,2,62.6,57.8,67.0,54.9,54.3,66.9,56.7,68.4,60.7,60.3,False,False,False,True
64.39,3,72.2,61.1,77.7,64.1,77.0,61.9,67.4,71.5,61.0,78.8,True,False,False,False
54.5,1,50.4,50.3,55.2,57.1,55.7,53.9,50.0,64.8,56.1,64.5,False,False,False,True
87.61,0,98.7,74.5,80.7,64.3,64.4,83.4,78.0,99.1,98.4,93.5,False,False,True,False
53.62,1,56.0,51.7,50.8,64.3,57.1,56.0,50.7,64.8,56.6,50.4,True,False,False,False
68.29,3,65.4,74.2,62.1,63.5,60.2,74.3,69.7,75.3,68.1,70.0,True,False,False,False
83.34,0,64.4,64.5,79.1,79.9,64.4,88.1,64.5,83.1,87.5,88.7,True,False,False,False
72.54,3,76.6,77.4,67.2,74.2,76.3,72.7,63.9,77.6,63.0,64.5,False,True,False,False
64.39,0,91.0,72.4,78.3,80.7,64.4,99.9,64.5,64.8,64.7,80.9,False,True,False,False
64.39,2,60.5,57.1,64.2,68.6,66.3,50.4,50.7,66.6,51.5,65.8,True,False,False,False
62.85,2,68.1,68.7,64.5,56.1,64.3,58.0,54.5,68.1,68.2,67.7,False,False,True,False
55.25,1,54.8,57.8,58.2,56.3,64.4,54.6,55.6,57.2,53.4,51.1,False,False,True,False
64.39,1,58.1,54.7,58.4,50.1,53.5,55.4,55.2,58.4,51.1,58.1,False,True,False,False
55.97,2,52.5,58.5,50.3,56.2,64.4,58.2,56.1,60.7,62.2,54.4,False,False,True,False
61.0,2,52.4,69.0,67.7,65.6,50.6,65.5,67.4,51.9,66.6,53.4,False,False,True,False
64.39,3,64.6,71.2,71.5,60.9,60.6,73.8,72.6,70.3,69.2,73.7,False,False,False,True
55.16,1,50.0,54.9,52.5,54.3,55.4,58.4,52.0,58.8,58.8,64.5,False,False,False,False
69.32,3,72.4,78.0,68.9,76.9,61.2,64.2,63.1,71.9,73.6,64.5,False,False,True,False
54.3,1,58.8,54.9,53.7,64.3,53.8,56.1,64.5,54.2,55.9,51.2,False,False,True,False
57.57,2,63.8,58.6,64.5,54.3,50.3,50.5,66.2,52.1,59.0,57.6,False,False,True,False
64.39,0,81.6,74.2,83.7,88.7,81.6,79.9,89.6,97.2,76.4,97.4,True,False,False,False
64.39,2,59.6,57.0,66.5,66.6,58.3,54.3,56.0,64.8,61.4,50.7,False,False,False,False
54.81,1,52.2,51.7,64.5,50.4,57.2,64.6,55.4,55.3,57.7,54.8,True,False,False,False
54.24,1,57.6,55.4,52.9,54.8,52.8,54.1,53.4,51.8,51.7,64.5,False,False,False,True
85.53,0,83.9,96.5,76.0,75.0,78.3,64.6,95.7,70.2,94.2,90.6,True,False,False,False
72.43,3,77.9,76.6,73.9,77.6,74.9,65.7,68.9,71.3,64.5,73.1,True,False,False,False
53.77,1,54.3,53.8,58.4,51.6,51.7,51.7,58.3,51.9,64.7,52.8,False,False,False,True
58.49,2,53.3,66.4,64.2,64.8,58.1,57.6,56.7,54.9,64.7,51.1,True,False,False,False
54.37,1,56.7,58.8,54.5,55.2,64.4,58.5,50.5,64.8,50.3,53.2,False,True,False,False
56.89,2,51.6,58.2,56.6,55.3,58.9,62.2,51.6,64.2,51.8,58.4,False,False,False,False
67.38,3,63.4,63.0,75.5,64.3,60.2,69.4,62.6,74.3,71.4,70.6,True,False,False,False
59.05,2,65.3,63.4,58.9,59.6,67.8,54.6,64.5,57.5,57.2,55.3,False,False,False,False
55.72,1,64.4,58.7,57.3,55.7,64.4,58.9,56.1,53.8,53.0,51.5,False,False,False,False
54.38,1,54.0,57.8,54.1,64.3,53.4,55.6,54.2,51.4,64.7,56.9,False,True,False,False
63.39,2,65.1,66.8,54.9,64.8,66.5,67.6,59.3,64.1,68.3,56.5,False,True,False,False
64.39,2,64.4,59.8,53.8,67.5,66.7,55.1,67.1,55.6,68.7,58.0,True,False,False,False
82.92,0,71.7,73.4,97.8,89.1,75.6,95.6,88.6,71.7,91.2,74.4,False,False,False,False
71.46,3,62.3,75.1,70.1,74.2,75.7,60.0,72.7,76.3,75.6,72.7,True,False,False,False
64.39,2,66.0,57.9,68.0,66.7,63.8,55.7,65.5,54.1,55.4,64.5,False,False,False,True
62.01,2,66.9,59.8,61.5,60.0,64.4,52.1,67.9,67.6,63.2,65.6,False,True,False,False
91.85,0,97.0,94.0,64.5,95.9,78.9,64.6,95.9,94.3,84.0,93.3,False,False,False,False
83.3,0,64.4,64.5,64.5,89.5,78.1,85.2,79.9,78.8,82.5,92.6,True,False,False,False
71.48,3,64.4,62.1,76.4,77.8,71.9,60.2,77.4,73.3,78.9,60.1,False,False,False,False
64.39,1,51.1,55.8,56.2,55.5,52.0,58.1,54.2,55.9,55.1,50.4,True,False,False,False
64.39,2,53.6,56.0,50.5,52.7,50.4,53.0,68.5,59.8,54.9,50.6,False,True,False,False
64.39,1,51.5,50.4,50.5,54.9,53.6,56.4,56.0,54.0,64.7,51.7,False,False,True,False
85.58,0,73.3,94.8,99.6,93.8,89.0,71.1,87.5,64.8,74.0,95.6,False,False,False,True
64.39,1,50.4,52.9,56.2,64.3,55.2,56.1,54.9,56.0,51.8,50.9,False,False,False,False
55.48,1,53.1,58.0,52.3,57.5,51.0,58.7,58.3,64.8,58.5,50.9,False,False,False,False
53.68,1,64.4,55.3,58.0,52.7,52.6,64.6,51.3,52.1,52.5,56.1,False,False,False,False
64.39,2,52.9,68.2,68.8,60.2,59.4,63.9,56.7,67.1,68.5,56.4,False,True,False,False
71.32,3,78.9,75.6,68.2,71.1,66.2,73.9,76.7,70.9,61.2,70.4,False,False,False,True
57.78,2,53.9,55.7,57.1,56.7,51.3,67.9,61.1,50.4,57.4,66.3,False,False,False,False
54.13,1,52.3,55.3,52.5,51.1,50.1,64.6,55.7,57.6,64.7,54.3,False,False,False,False
57.12,2,59.9,56.7,64.5,51.2,62.0,54.4,61.0,52.4,61.8,57.2,True,False,False,False
64.39,2,64.3,65.7,64.3,52.7,66.3,56.7,61.0,67.0,66.4,64.5,False,False,False,False
60.23,2,64.4,67.0,63.8,52.2,63.9,67.2,51.8,58.7,50.2,63.2,False,False,False,False
60.75,2,56.7,64.5,64.2,64.3,61.1,52.9,60.1,58.5,58.4,66.9,False,False,True,False
69.85,3,66.6,62.8,78.7,77.0,61.1,65.9,78.5,72.2,72.5,64.5,False,True,False,False
54.07,1,50.9,57.9,50.1,50.8,64.4,52.2,64.5,55.9,53.9,53.7,True,False,False,False
59.85,2,61.0,63.0,67.2,56.7,59.1,65.5,54.7,56.9,52.3,62.2,False,False,False,True
58.69,2,51.4,51.9,67.2,60.2,67.2,64.6,53.6,59.2,60.4,62.3,False,True,False,False
67.16,3,74.0,64.1,64.4,70.1,61.3,76.8,66.9,64.1,68.5,64.5,False,False,True,False
53.58,1,52.8,58.6,50.7,50.7,51.8,52.6,55.7,64.8,53.9,58.2,False,True,False,False
67.58,3,70.0,61.2,78.2,67.5,70.0,72.6,62.1,60.9,60.4,72.8,False,False,True,False
84.45,0,81.5,81.2,86.1,89.0,88.8,88.7,77.4,95.2,74.0,82.6,True,False,False,False
88.1,0,87.5,99.9,82.4,99.6,71.7,97.4,83.1,70.1,91.7,97.7,True,False,False,False
69.41,3,78.3,75.9,64.5,60.7,72.0,78.1,69.5,60.8,72.5,60.7,False,False,True,False
58.29,2,54.3,56.8,55.6,63.0,56.6,66.1,51.2,53.7,57.2,68.4,False,False,False,False
59.7,2,53.0,64.5,54.2,67.5,64.4,66.4,60.9,58.3,54.1,66.9,False,False,False,True
71.16,3,74.7,75.3,75.3,64.2,64.4,69.9,61.3,78.1,75.4,61.9,True,False,False,False
55.39,1,57.0,64.5,53.3,58.1,57.0,57.8,50.0,58.8,56.4,50.5,False,False,False,True
57.9,2,51.9,63.4,64.7,57.6,64.4,54.4,51.7,60.3,64.8,50.6,False,True,False,False
69.34,3,63.1,70.4,78.6,75.8,64.7,71.5,71.3,73.3,61.6,63.2,False,True,False,False
66.88,3,60.6,64.5,75.4,76.5,61.0,61.4,64.5,65.4,64.7,74.7,True,False,False,False
86.1,0,79.9,92.6,75.9,81.6,98.5,89.8,93.7,70.8,89.9,88.4,False,False,True,False
85.78,0,64.4,64.5,87.9,91.8,78.8,91.0,95.8,77.1,82.1,86.3,False,True,False,False
62.97,2,65.0,55.6,66.3,65.7,66.1,56.8,64.5,62.1,67.2,62.2,True,False,False,False
57.59,2,60.1,57.1,67.2,59.0,51.1,65.1,64.5,53.0,52.1,58.5,True,False,False,False
69.38,3,73.6,66.1,71.7,75.3,67.3,64.6,78.3,60.8,68.1,67.6,False,False,True,False
85.11,0,79.5,82.0,64.5,70.3,93.5,93.4,84.3,76.8,81.3,93.6,False,True,False,False
82.8,0,95.3,86.0,88.5,92.2,75.0,77.7,79.4,87.6,74.4,72.0,False,False,False,False
54.25,1,51.7,52.3,53.8,51.9,57.0,58.8,56.3,52.1,57.0,51.7,False,False,False,False
62.71,2,57.5,57.2,60.0,67.6,67.2,68.2,58.2,63.6,66.0,61.6,False,False,False,True
70.64,3,77.9,70.3,70.8,64.8,77.8,73.9,69.3,62.9,62.7,76.0,False,False,False,False
53.36,1,54.4,53.1,57.5,51.2,52.2,50.8,53.8,52.9,51.7,56.0,False,False,False,True
60.88,2,69.0,55.0,62.3,63.0,52.5,60.4,64.5,64.2,60.4,64.0,False,False,False,False
60.82,2,66.8,64.0,51.2,58.6,64.4,66.5,52.9,56.1,68.6,64.5,False,False,True,False
59.94,2,54.2,53.2,56.0,67.7,67.9,58.6,64.5,61.7,64.7,66.9,True,False,False,False
59.23,2,53.5,56.2,64.5,67.3,64.2,51.8,67.4,56.6,51.1,62.0,False,False,False,False
64.39,0,76.9,80.8,93.8,64.3,79.8,95.9,64.5,79.0,90.5,71.4,False,False,True,False
70.85,3,72.6,74.4,78.9,75.9,67.4,64.6,64.5,70.5,68.4,69.4,True,False,False,False
64.39,0,96.6,79.9,89.9,98.7,64.4,79.6,80.5,77.5,92.8,88.5,True,False,False,False
68.86,3,72.9,72.8,66.3,64.3,62.9,71.4,63.0,70.3,64.7,62.2,False,False,True,False
55.0,1,64.4,64.5,56.8,56.7,55.8,64.6,56.4,64.8,56.5,53.9,True,False,False,False
57.93,2,55.8,63.5,55.1,56.7,63.4,51.5,59.9,55.6,55.9,61.9,True,False,False,False
88.18,0,81.1,95.1,79.4,64.3,85.0,94.4,84.1,94.8,86.8,86.9,False,False,True,False
54.55,1,64.4,55.8,56.3,51.7,53.9,57.4,51.3,58.8,53.8,53.0,False,False,False,False
55.5,1,51.0,51.7,56.5,64.3,64.4,56.7,58.5,64.8,51.4,55.1,False,False,False,False
64.39,2,57.4,56.6,57.0,68.4,58.6,65.1,60.5,53.3,56.1,57.3,False,False,False,False
71.58,3,70.7,75.5,64.5,75.1,61.0,75.1,71.7,69.4,69.3,78.1,True,False,False,False
88.63,0,92.4,87.5,85.7,94.7,84.0,72.2,90.8,85.7,100.0,64.5,False,False,False,False
83.34,0,77.3,78.4,78.0,82.6,98.1,80.2,83.0,93.3,90.5,64.5,False,False,False,False
82.94,0,99.9,84.7,95.3,79.2,72.4,88.3,64.5,71.9,88.6,71.6,False,False,True,False
54.26,1,64.4,53.1,55.3,54.8,52.4,56.7,51.7,58.9,55.4,52.0,False,False,False,True
84.72,0,74.7,64.5,79.6,74.1,80.6,80.5,90.4,78.7,95.7,93.7,False,True,False,False
72.63,3,76.3,69.2,75.2,64.8,77.6,69.0,73.9,74.8,67.6,77.9,True,False,False,False
87.28,0,73.1,82.6,90.0,92.5,71.9,95.8,78.7,97.0,97.1,94.0,False,True,False,False
87.51,0,78.7,92.9,98.9,79.1,85.6,93.3,85.8,96.2,76.2,64.5,False,True,False,False
64.39,3,69.7,62.2,77.7,64.3,61.8,64.5,70.4,61.9,68.2,60.5,False,False,False,False
53.95,1,53.2,55.9,52.9,50.2,53.1,56.7,55.1,53.5,50.6,58.3,True,False,False,False
81.42,0,81.8,64.5,64.5,93.6,80.1,73.4,89.5,74.3,64.7,71.3,True,False,False,False
55.2,1,56.3,54.9,54.6,53.9,53.8,50.3,59.0,56.7,58.4,54.1,False,False,False,True
64.39,2,57.4,58.3,64.5,59.2,61.7,68.5,67.2,63.6,50.3,66.9,True,False,False,False
54.98,1,64.4,64.5,53.9,54.6,54.7,54.1,56.2,57.5,55.0,64.5,False,False,False,False
83.48,0,82.5,89.3,92.5,78.3,70.6,75.2,83.3,98.0,87.1,64.5,True,False,False,False
54.8,1,57.2,51.1,58.1,55.3,64.4,55.0,55.4,50.3,54.9,58.8,True,False,False,False
66.11,3,60.7,64.2,60.2,63.7,72.2,77.4,66.3,61.4,71.4,63.5,False,False,True,False
64.39,2,64.4,61.9,52.2,59.7,67.0,64.6,65.9,58.2,64.7,64.9,True,False,False,False
64.39,2,59.9,64.5,55.7,60.0,68.0,53.0,63.7,67.6,51.3,64.5,False,True,False,False
83.5,0,64.4,83.3,82.2,86.2,92.9,72.1,99.6,95.4,79.4,64.5,False,True,False,False
81.27,0,64.4,91.6,77.6,99.6,79.9,72.1,80.8,74.4,76.9,64.5,False,False,False,True
88.21,0,97.4,64.5,72.8,64.3,98.7,64.6,64.5,80.1,86.9,76.5,True,False,False,False
60.08,2,51.3,63.7,65.7,60.2,64.1,61.4,66.8,52.0,50.8,64.8,False,True,False,False
67.29,3,61.0,66.6,61.0,76.6,65.7,61.8,75.4,76.3,66.1,62.3,False,False,True,False
69.76,3,74.6,72.8,78.6,74.4,62.6,66.9,66.2,64.9,63.2,64.5,False,False,True,False
60.53,2,59.9,64.5,63.6,64.3,68.1,52.8,68.8,64.8,57.4,54.8,False,False,False,False
53.71,1,55.2,54.9,53.9,56.6,64.4,56.2,53.1,64.8,51.7,50.3,True,False,False,False
64.39,3,67.8,78.9,60.6,69.5,70.9,60.9,67.5,73.8,69.1,78.7,False,False,False,True
55.18,2,52.9,54.7,57.5,52.4,55.8,56.7,51.9,50.2,55.1,64.6,False,False,True,False
56.86,2,55.3,57.4,52.0,51.6,67.5,64.6,60.6,52.5,66.4,52.5,False,False,False,True
84.9,0,82.3,99.6,70.0,79.1,81.2,90.4,64.5,95.3,64.7,86.6,False,True,False,False
85.51,0,95.7,90.4,75.6,82.4,73.7,77.6,80.5,94.9,95.4,88.9,True,False,False,False
68.7,3,72.1,61.4,62.6,75.3,72.8,64.3,68.3,63.3,74.4,72.6,False,False,False,True
54.1,1,58.5,57.9,56.8,51.2,50.7,53.5,53.6,56.2,52.0,50.6,False,False,False,False
86.08,0,99.8,80.6,98.1,64.3,73.7,97.8,64.5,83.0,76.5,73.0,False,False,False,False
73.81,3,78.4,73.7,74.1,74.3,61.7,67.6,76.3,78.9,77.2,75.8,False,False,True,False
63.6,2,68.3,59.6,68.3,67.7,65.8,69.0,52.3,59.1,58.9,67.1,True,False,False,False
63.16,2,53.3,68.1,57.1,68.7,63.8,65.2,67.1,66.5,58.1,63.5,False,False,False,True
66.7,3,62.6,74.5,69.4,70.1,61.2,62.3,66.3,64.8,67.8,67.4,False,False,False,True
54.61,1,52.2,52.2,53.7,54.9,53.7,57.1,53.3,58.5,55.5,55.0,False,False,False,False
69.84,3,66.1,67.6,68.7,67.2,78.1,68.0,68.6,69.5,64.7,67.0,True,False,False,False
68.77,3,76.4,64.5,62.5,78.3,66.2,68.0,75.0,64.8,61.2,60.9,False,False,False,True
54.27,1,50.8,51.6,56.5,57.2,64.4,52.4,64.5,55.3,56.7,64.5,False,True,False,False
69.23,3,73.3,70.5,64.6,76.1,74.5,64.6,60.3,70.3,72.4,63.4,False,False,True,False
58.19,2,52.7,64.7,57.3,51.1,61.6,64.6,61.0,54.7,55.4,59.5,False,False,True,False
71.06,3,72.8,71.5,76.4,73.4,67.7,70.8,63.4,76.7,67.9,70.0,True,False,False,False
81.66,0,83.0,75.3,70.9,64.3,77.8,89.0,74.3,99.2,79.3,64.5,True,False,False,False
69.49,3,74.4,73.1,73.3,64.2,68.9,69.1,63.1,75.8,65.7,67.1,False,False,True,False
82.69,0,64.4,86.6,87.8,98.1,82.0,64.6,79.0,72.3,97.3,73.6,False,True,False,False
83.64,0,96.5,71.6,90.4,89.4,93.9,78.1,71.8,86.4,87.3,71.1,True,False,False,False
53.16,1,53.1,64.5,50.8,54.5,51.5,59.0,51.7,64.8,54.2,50.2,False,True,False,False
64.39,3,70.6,64.4,65.0,67.2,64.4,61.7,77.6,76.4,62.2,76.0,True,False,False,False
64.39,2,56.1,55.1,59.6,64.9,64.1,51.7,56.3,53.8,68.0,52.1,False,True,False,False
70.34,3,63.8,70.0,75.0,68.4,72.9,64.6,70.2,64.4,76.8,63.8,False,False,False,True
60.29,2,65.0,64.5,51.3,61.4,66.2,61.8,62.3,54.7,53.8,67.7,False,False,False,False
52.94,1,56.1,64.5,64.5,53.4,55.8,51.0,53.0,50.4,52.4,50.8,False,False,False,False
86.75,0,85.2,92.2,76.9,78.7,64.4,89.5,92.8,83.7,96.0,99.8,False,False,False,False
85.71,0,74.1,93.4,97.4,64.3,64.4,79.3,96.3,75.8,88.5,77.2,False,False,False,True
58.83,2,61.0,62.0,63.8,58.1,59.3,53.0,56.6,64.8,52.0,60.5,False,True,False,False
54.93,1,56.5,53.0,57.7,54.0,50.9,64.6,56.0,64.8,55.3,54.7,False,False,False,True
52.36,1,50.0,51.3,53.0,55.7,53.8,56.0,52.0,50.2,50.3,51.3,False,False,False,True
53.94,1,51.8,56.3,52.8,50.5,54.3,56.8,56.3,64.8,55.4,53.6,True,False,False,False
85.62,0,76.8,82.6,82.1,76.3,89.9,87.6,98.6,95.6,76.8,89.8,False,False,False,False
54.83,1,50.5,53.5,53.1,57.1,50.7,64.6,64.5,56.8,64.7,57.7,False,False,False,False
54.77,1,53.8,57.1,56.2,52.7,51.8,57.5,58.1,53.4,50.6,56.5,False,False,False,False
60.85,2,66.7,64.5,62.4,58.6,67.8,57.6,55.2,60.4,53.7,59.9,True,False,False,False
89.11,0,90.0,90.0,86.7,87.0,77.4,95.0,92.2,92.8,85.8,94.2,True,False,False,False
56.67,2,67.5,62.3,52.8,50.7,52.9,58.4,53.8,51.1,61.8,55.3,False,False,True,False
58.87,2,67.4,61.8,64.5,52.8,61.9,65.6,54.0,54.6,50.9,66.2,False,False,False,True
86.78,0,99.0,84.1,82.2,74.2,87.0,89.4,77.3,88.4,96.0,64.5,False,False,False,False
69.6,3,70.7,65.7,65.4,70.0,73.6,66.8,67.3,64.8,67.7,70.4,False,True,False,False
86.94,0,71.4,79.8,87.2,82.8,64.4,78.8,64.5,91.0,95.1,94.1,True,False,False,False
66.36,3,64.4,69.6,64.5,64.3,67.3,61.4,69.6,64.8,68.9,76.5,True,False,False,False
69.3,3,72.8,69.7,64.4,64.0,73.5,71.0,75.8,73.4,61.8,66.5,True,False,False,False
86.55,0,74.9,95.0,86.9,74.4,96.5,80.7,70.8,88.5,99.4,98.4,False,False,False,True
53.82,1,54.9,50.9,64.5,52.7,57.2,51.3,50.7,55.3,55.9,52.6,False,True,False,False
87.0,0,73.1,88.7,97.6,96.1,83.9,79.5,97.2,78.0,92.7,83.4,False,False,False,False
53.52,1,55.0,58.1,52.3,51.6,56.2,51.6,53.8,51.9,51.9,52.9,False,True,False,False
60.73,2,67.0,50.6,66.5,56.9,65.5,66.9,52.7,67.2,59.4,54.6,True,False,False,False
83.35,0,81.4,71.9,77.6,84.5,89.7,84.5,92.1,85.1,81.4,85.3,False,False,True,False
55.9,1,52.8,64.5,58.3,57.4,51.7,54.7,57.4,56.8,58.6,56.6,True,False,False,False
61.71,2,63.4,68.3,65.0,64.3,61.7,54.4,50.0,68.6,64.2,64.5,False,False,False,False
64.39,2,65.2,63.0,65.3,51.2,64.6,61.8,64.5,67.6,51.6,64.5,True,False,False,False
69.88,3,73.3,72.3,64.5,73.7,62.4,76.9,64.5,73.0,76.9,60.7,True,False,False,False
77.53,0,77.1,71.7,85.6,78.4,71.9,72.6,73.1,74.8,73.1,97.1,False,False,False,True
70.62,3,62.9,76.5,65.0,74.5,75.6,64.3,76.0,71.4,68.9,71.1,False,True,False,False
86.33,0,64.4,74.4,79.4,98.1,72.5,76.4,98.0,64.8,98.3,95.0,False,False,False,True
54.53,1,50.1,57.9,56.0,50.5,55.6,51.6,58.4,57.7,55.6,51.9,False,False,False,False
52.84,1,55.2,50.4,51.4,57.3,55.3,51.1,51.3,64.8,52.9,51.0,True,False,False,False
55.54,2,55.8,55.9,58.1,64.3,55.1,53.0,59.7,50.1,61.9,55.5,False,False,False,False
64.39,0,75.8,97.0,88.7,90.8,72.5,64.6,89.0,86.4,94.2,75.1,False,False,False,True
58.15,2,60.8,60.8,64.5,51.7,63.1,51.2,57.4,68.4,54.0,64.5,True,False,False,False
67.07,3,72.7,67.7,65.1,62.2,69.0,69.1,61.1,65.3,77.6,61.0,False,False,True,False
82.63,0,87.2,64.5,83.9,82.4,88.1,71.0,97.2,78.3,83.2,83.2,False,False,False,False
86.5,0,80.9,85.2,88.6,64.3,94.1,94.3,75.5,95.6,85.8,82.2,False,False,False,True
54.16,1,55.1,64.5,53.3,52.0,58.7,53.9,56.6,53.8,56.3,51.1,False,False,False,False
60.23,2,62.7,64.0,68.8,62.4,68.5,57.1,52.5,64.8,65.7,50.4,False,False,False,True
79.18,0,71.2,70.8,80.2,64.3,89.0,76.0,77.6,90.7,64.7,72.0,False,True,False,False
69.93,3,76.4,72.1,70.8,71.6,69.2,63.8,75.6,60.3,67.4,72.2,True,False,False,False
53.65,1,50.7,52.2,53.2,50.4,54.3,57.4,56.2,51.5,57.8,52.7,False,False,False,True
61.9,2,68.5,60.5,56.2,63.7,53.5,60.4,66.2,64.4,63.7,61.9,False,False,False,True
60.61,2,63.1,65.4,53.7,53.7,66.8,68.1,58.3,59.6,62.0,55.1,False,True,False,False
86.46,0,75.0,90.3,73.3,96.3,75.0,97.8,94.9,85.4,83.9,92.8,False,True,False,False
58.04,2,51.5,50.9,66.4,61.7,50.9,52.8,63.5,59.9,64.7,53.8,False,False,False,False
52.97,1,51.4,51.5,55.2,50.3,55.7,52.4,52.0,55.5,54.4,51.3,False,False,False,False
59.43,2,60.0,63.2,59.2,51.4,51.2,60.9,50.0,65.1,65.5,67.8,False,True,False,False
70.13,3,74.3,75.9,69.6,63.8,73.6,61.4,61.0,76.0,64.7,70.4,False,False,True,False
64.39,1,51.3,53.5,58.7,53.8,57.0,50.4,58.5,53.4,54.0,50.9,False,False,True,False
57.87,2,68.1,54.0,57.2,66.6,61.0,50.7,64.5,58.4,64.7,64.5,False,True,False,False
58.73,2,67.3,51.3,50.5,63.7,55.3,58.4,61.5,64.8,64.0,65.1,True,False,False,False
87.09,0,64.4,76.8,92.5,92.6,80.0,99.7,64.5,77.5,92.5,96.0,False,True,False,False
54.62,1,52.6,55.0,55.4,53.9,51.8,58.3,52.5,64.8,55.6,57.4,True,False,False,False
82.28,0,74.7,79.9,71.3,80.1,72.7,86.6,78.7,98.6,95.2,84.9,False,False,False,False
65.46,3,63.0,70.2,64.5,60.7,65.4,63.4,74.2,60.3,62.0,62.3,False,False,True,False
56.21,2,52.6,50.3,65.5,50.6,62.6,51.6,56.4,52.0,58.1,62.4,False,False,False,False
53.53,1,55.8,57.3,52.3,56.0,52.6,55.8,51.1,52.1,51.1,51.0,False,True,False,False
64.39,2,66.7,55.9,55.2,50.1,54.4,63.9,61.1,56.5,63.3,50.2,True,False,False,False
53.24,1,52.0,58.9,54.6,52.4,64.4,50.4,55.9,54.9,50.4,51.0,False,True,False,False
54.72,1,56.1,64.5,51.1,50.7,58.5,57.4,57.9,55.2,52.9,56.1,True,False,False,False
68.7,3,60.1,63.5,64.5,68.2,68.9,67.5,70.2,73.4,64.7,76.9,False,False,False,False
60.61,2,64.4,52.4,68.4,55.6,68.1,59.9,64.3,63.4,56.9,63.1,False,True,False,False
64.39,3,74.0,68.3,62.2,70.3,73.7,62.6,64.5,64.6,74.4,60.3,True,False,False,False
64.39,1,53.5,57.2,51.6,58.5,52.6,58.8,50.1,55.6,54.2,54.9,False,False,False,False
85.32,0,89.8,83.2,75.8,64.3,87.0,78.3,91.1,87.3,73.5,96.2,False,False,False,False
68.93,3,67.5,66.8,61.9,74.6,73.6,71.6,78.4,72.1,62.2,60.6,False,False,False,True
61.34,2,65.2,65.3,57.6,66.1,64.4,66.8,58.3,55.3,65.4,60.6,False,True,False,False
53.54,1,55.0,58.8,54.6,56.8,64.4,50.7,52.6,51.3,50.7,51.5,False,False,True,False
59.92,2,65.5,51.4,58.3,59.3,64.0,60.0,61.1,65.6,54.2,59.7,True,False,False,False
54.14,1,51.7,53.1,55.2,56.2,56.1,56.0,52.3,52.4,53.0,55.5,False,False,True,False
72.53,3,75.3,76.5,73.2,60.6,75.9,72.5,73.2,72.2,73.1,72.7,False,True,False,False
70.47,3,78.6,73.5,72.8,71.1,77.0,73.7,66.1,66.1,61.1,64.8,True,False,False,False
54.62,1,64.4,51.3,51.6,54.6,57.2,58.8,53.8,56.6,64.7,57.6,False,False,False,False
69.26,3,61.4,75.2,76.9,72.7,67.2,67.5,61.8,63.9,74.4,71.7,False,False,False,False
64.39,1,56.0,54.8,53.0,58.9,54.3,50.4,54.7,55.6,64.7,53.3,True,False,False,False
55.17,1,55.4,56.2,58.9,52.5,56.3,57.9,51.3,52.4,52.3,58.5,False,False,True,False
61.83,2,61.2,61.5,63.8,68.0,61.9,66.8,63.8,58.2,55.1,58.0,True,False,False,False
69.89,3,70.5,64.8,74.8,68.0,72.6,66.9,74.3,65.2,64.7,70.3,False,True,False,False
60.3,2,55.2,51.6,64.5,58.0,66.3,64.6,58.2,59.0,68.3,64.5,False,False,False,False
66.08,3,68.5,66.6,60.5,61.0,71.1,60.5,64.0,71.5,67.0,70.1,True,False,False,False
54.4,1,55.3,56.6,58.3,55.6,51.6,52.4,53.2,52.0,53.2,55.8,False,False,False,True
67.55,3,61.8,64.9,60.1,63.6,69.7,74.5,63.3,74.6,75.3,67.6,True,False,False,False
86.8,0,64.4,76.7,72.5,89.9,90.1,90.5,92.8,87.1,92.3,81.6,False,False,False,False
83.41,0,91.5,79.7,98.4,78.7,82.8,64.6,86.1,77.8,72.5,80.1,True,False,False,False
57.02,2,62.0,55.6,54.2,54.4,63.3,64.6,57.7,56.8,61.2,52.6,True,False,False,False
72.62,3,75.8,64.4,76.7,75.7,78.8,70.8,72.5,64.8,73.0,69.0,True,False,False,False
59.07,2,63.6,59.1,64.5,60.6,51.2,58.5,52.3,57.2,66.3,66.7,True,False,False,False
83.05,0,64.4,86.9,72.0,71.8,78.6,94.3,83.7,98.2,77.7,79.9,True,False,False,False
77.89,0,72.2,76.7,73.1,70.9,76.9,82.7,98.6,83.1,71.8,72.9,False,False,False,False
83.14,0,82.7,64.5,76.2,78.8,73.6,79.0,95.1,97.4,90.4,72.1,False,False,True,False
86.12,0,64.4,74.0,71.2,92.0,64.4,64.6,97.8,64.8,86.9,83.8,False,False,False,True
64.39,0,80.4,89.8,73.4,72.5,75.5,99.6,74.1,79.6,94.1,74.3,False,True,False,False
69.71,3,69.1,73.9,61.6,73.3,73.2,66.1,76.9,62.5,71.4,69.2,False,False,False,True
64.39,0,76.6,75.8,80.3,88.7,84.2,92.4,76.1,90.3,90.8,82.6,True,False,False,False
55.9,2,54.6,57.4,52.4,50.7,57.5,52.4,54.8,59.1,59.7,64.5,False,False,False,False
68.13,3,64.4,60.9,73.7,66.6,64.9,78.8,64.5,66.5,75.4,65.8,False,True,False,False
54.95,1,56.8,58.2,51.1,57.3,56.8,51.9,54.1,58.2,53.3,51.7,True,False,False,False
64.39,0,99.5,97.5,82.8,94.3,64.4,91.4,79.2,76.1,97.2,94.7,False,False,True,False
59.65,2,51.3,61.5,60.7,67.9,58.1,60.9,55.2,51.1,62.6,66.9,True,False,False,False
60.72,2,64.4,64.5,50.1,67.9,64.4,66.7,63.4,67.4,64.7,55.8,False,False,False,True
53.39,1,54.4,51.1,57.9,54.3,53.5,54.9,50.7,50.2,55.5,51.3,True,False,False,False
70.66,3,65.4,77.6,72.8,63.2,76.3,64.3,77.3,74.3,73.5,61.9,False,False,False,True
55.73,2,62.8,51.0,53.8,51.2,52.2,53.4,62.1,63.4,52.6,54.8,False,True,False,False
71.17,3,71.0,74.7,73.6,77.4,73.8,65.4,64.5,67.6,60.8,76.9,True,False,False,False
64.39,3,75.8,63.3,60.0,70.7,65.6,70.8,64.3,64.8,69.9,63.2,False,False,True,False
79.05,0,72.1,88.8,88.0,64.3,78.3,64.6,71.0,83.8,72.9,73.0,False,False,True,False
64.39,0,73.7,93.7,82.1,77.8,86.5,93.4,97.6,93.9,88.9,92.1,False,False,True,False
68.69,3,73.5,68.9,77.9,60.4,65.2,74.2,63.6,68.5,73.1,61.5,False,False,True,False
88.09,0,100.0,91.5,73.8,86.9,97.4,88.9,79.0,91.0,93.7,78.7,False,True,False,False
85.67,0,97.9,96.0,96.2,76.6,75.5,88.1,87.6,83.1,81.9,73.5,False,True,False,False
59.83,2,51.8,62.2,52.2,62.5,52.8,64.6,61.0,59.1,67.4,64.5,False,False,False,False
59.05,2,64.7,51.6,55.7,59.5,50.3,62.8,66.4,63.8,64.7,51.6,False,False,False,False
54.92,1,54.7,52.7,52.6,50.8,52.1,56.1,58.5,54.6,58.5,58.6,False,False,False,True
64.39,3,75.1,70.9,65.0,73.6,66.4,64.6,70.2,71.3,67.0,65.7,False,False,True,False
54.95,1,57.4,53.5,55.6,53.5,52.0,56.8,53.3,53.5,57.9,56.0,False,False,True,False
60.3,2,52.5,57.7,65.7,53.9,64.4,63.0,64.6,58.3,64.7,56.8,True,False,False,False
72.95,3,73.2,65.7,70.8,74.5,66.9,74.9,73.0,78.8,76.9,74.8,True,False,False,False
64.39,0,93.3,64.5,90.5,72.9,89.8,90.8,64.5,74.3,94.8,64.5,True,False,False,False
68.36,3,64.3,65.7,62.8,60.4,72.4,74.8,74.7,61.6,72.3,74.6,False,False,False,False
58.41,2,60.1,66.5,60.6,53.1,51.5,56.0,61.5,64.5,53.0,57.3,False,True,False,False
58.27,2,56.3,66.9,58.6,66.5,57.2,55.2,57.2,51.9,64.7,64.5,False,False,True,False
54.73,1,56.3,64.5,57.1,56.6,57.2,50.1,53.0,54.5,58.6,53.4,False,False,False,True
62.03,2,65.4,60.0,57.9,59.3,62.7,65.5,52.8,66.2,62.7,67.8,False,True,False,False
55.74,1,55.9,57.3,54.5,64.3,56.4,64.6,57.9,57.5,55.0,56.7,True,False,False,False
60.34,2,54.8,65.1,57.7,64.3,60.2,62.0,58.0,65.4,52.0,61.7,False,False,False,True
61.76,2,66.6,64.5,53.6,67.0,68.5,66.8,63.8,53.4,59.8,50.6,False,False,True,False
64.39,1,52.1,50.2,52.3,58.6,53.0,64.6,51.0,53.1,51.3,53.7,False,True,False,False
82.6,0,78.7,97.9,99.5,70.0,74.2,72.1,75.9,94.1,64.7,76.4,True,False,False,False
60.44,2,64.4,56.9,60.4,58.5,62.8,51.0,68.1,68.3,50.5,61.0,True,False,False,False
57.27,2,56.6,54.9,54.9,55.9,56.2,60.1,53.4,62.0,52.8,64.5,False,True,False,False
64.39,0,83.1,75.7,64.5,70.8,87.5,93.9,64.5,70.1,93.6,94.8,True,False,False,False
54.3,1,53.0,54.1,50.5,58.4,53.6,58.3,50.8,54.8,54.2,55.3,True,False,False,False
82.45,0,97.8,86.9,73.1,74.1,76.3,73.7,86.9,93.3,73.7,88.6,False,True,False,False
59.26,2,64.4,56.7,60.0,64.2,57.1,60.9,63.6,53.8,64.7,50.6,False,False,False,False
67.82,3,74.5,65.4,67.3,76.4,68.1,64.8,63.0,67.8,65.3,65.6,False,False,False,False
83.86,0,96.7,83.8,99.7,77.8,77.0,82.5,76.2,84.7,75.2,64.5,True,False,False,False
71.19,3,66.8,76.7,74.7,62.1,77.1,60.3,69.5,64.8,78.7,72.9,True,False,False,False
83.92,0,82.5,64.5,73.5,94.0,72.8,87.7,87.8,78.3,64.7,93.6,True,False,False,False
55.58,1,58.7,64.5,54.8,55.7,54.7,55.8,64.5,55.3,56.3,52.0,False,False,False,False
60.9,2,55.8,52.0,65.9,59.4,67.8,60.3,68.5,58.2,54.9,66.3,False,True,False,False
71.55,3,60.7,76.7,71.0,66.4,78.4,71.9,77.1,77.3,64.7,60.5,False,False,True,False
58.34,2,54.4,56.1,54.5,68.2,55.8,68.1,51.6,64.8,52.5,64.5,False,True,False,False
67.88,3,63.3,73.6,76.2,74.6,68.5,61.6,62.0,64.8,64.7,68.7,False,False,False,True
70.12,3,77.3,70.5,65.6,68.2,64.4,68.2,62.1,77.0,75.6,64.5,True,False,False,False
53.67,1,53.8,52.8,64.5,53.1,50.6,58.3,57.4,52.8,50.9,54.4,False,False,False,False
60.39,2,56.7,68.2,64.5,51.1,54.6,61.7,63.4,61.0,55.3,65.3,False,False,False,False
60.61,2,66.9,57.7,64.8,56.1,64.4,54.4,64.5,63.6,57.3,64.5,True,False,False,False
71.58,3,66.5,68.7,75.3,74.3,64.4,64.6,66.7,64.8,77.6,68.7,True,False,False,False
88.19,0,95.7,89.2,80.8,84.3,70.7,92.1,96.5,94.1,79.4,99.0,False,True,False,False
54.0,1,50.8,51.6,56.0,55.0,54.7,64.6,58.4,54.3,55.1,53.9,False,False,False,False
85.06,0,70.6,87.4,81.5,94.2,80.0,96.2,81.7,64.8,64.7,86.1,False,False,False,True
54.45,1,52.2,52.7,57.5,55.9,51.8,64.6,50.6,54.9,57.4,56.3,False,True,False,False
68.73,3,72.0,62.2,62.4,63.7,67.5,69.5,77.4,71.5,63.8,77.3,False,False,True,False
54.73,1,51.1,59.0,64.5,53.1,55.3,58.8,50.3,64.8,55.5,53.5,False,False,True,False
70.24,3,62.0,72.7,75.8,73.4,67.2,70.3,62.1,70.3,78.1,70.4,False,False,False,True
70.44,3,69.0,78.3,75.4,71.7,61.8,63.0,69.0,70.0,76.0,70.3,True,False,False,False
53.62,1,50.1,55.5,54.4,53.7,51.1,54.1,52.0,51.8,55.7,57.8,True,False,False,False
57.72,2,52.9,67.4,54.6,60.4,60.4,62.7,63.3,52.6,52.8,50.1,False,False,False,True
88.93,0,78.4,64.5,81.1,89.4,87.8,94.3,95.3,99.3,94.0,80.5,False,True,False,False
54.32,1,54.1,64.5,64.5,51.1,54.4,56.8,57.5,52.7,50.3,56.9,False,False,False,True
55.49,1,58.0,53.6,58.7,58.6,56.9,64.6,51.4,50.9,54.1,58.8,False,False,True,False
60.77,2,64.4,67.0,61.7,56.0,54.7,66.8,54.0,68.6,63.2,64.5,False,False,False,True
57.45,2,51.7,54.7,54.6,67.5,64.8,53.3,64.5,58.0,56.0,61.2,False,False,False,False
55.89,1,64.4,57.8,64.5,64.3,58.5,54.8,55.2,64.8,53.9,54.2,False,False,True,False
58.82,2,67.0,64.3,58.3,52.1,56.3,65.3,56.6,54.0,61.3,53.1,False,True,False,False
53.33,1,52.8,58.0,53.3,64.3,51.8,64.6,53.3,56.2,64.7,51.2,False,False,False,False
64.39,3,78.5,64.5,77.9,64.3,67.0,76.5,78.3,75.1,64.7,77.0,False,False,False,False
70.84,3,68.9,78.7,63.1,64.1,74.6,70.7,70.8,64.8,78.3,62.6,False,False,False,True
69.16,3,75.6,78.0,64.5,62.8,66.8,64.2,64.2,74.2,63.1,72.0,False,False,False,False
84.57,0,95.2,64.5,90.4,77.8,75.3,97.2,80.5,80.1,93.7,85.0,True,False,False,False
54.71,1,58.9,54.6,56.0,58.5,53.7,57.7,50.5,54.1,50.2,52.8,False,False,False,False
64.39,2,64.4,65.5,55.1,53.7,56.9,50.6,66.7,56.3,53.1,54.5,False,False,False,True
61.21,2,68.2,58.8,64.5,64.3,64.7,54.8,62.3,50.8,61.5,59.5,False,False,True,False
54.96,1,58.4,52.5,55.4,54.4,56.4,58.3,52.0,51.5,54.3,56.4,False,False,True,False
59.97,2,59.8,64.5,57.4,64.3,68.1,51.6,63.7,65.5,66.7,57.2,False,False,True,False
54.72,1,57.6,56.4,54.3,64.3,55.7,64.6,52.3,54.4,52.4,53.2,False,False,True,False
58.22,2,64.4,60.8,62.4,59.8,64.4,64.6,55.1,62.6,59.4,60.2,False,True,False,False
90.41,0,72.7,64.5,98.9,93.1,99.6,64.6,99.8,64.8,99.5,64.5,False,True,False,False
55.24,1,51.9,59.0,53.0,64.3,50.4,58.2,53.5,58.9,58.5,64.5,False,True,False,False
57.07,2,61.9,52.7,61.4,58.2,55.0,53.7,50.1,58.0,58.2,61.6,False,True,False,False
59.02,2,57.0,64.7,67.1,52.1,64.4,65.0,64.5,52.5,64.7,66.1,True,False,False,False
71.0,3,72.5,69.9,76.2,62.6,77.7,69.9,74.1,74.6,68.3,64.3,True,False,False,False
82.96,0,84.4,73.4,89.1,94.5,79.9,79.2,90.3,78.6,71.5,88.9,False,True,False,False
86.36,0,89.5,84.7,90.8,84.1,80.5,89.1,95.7,88.7,74.1,86.3,False,True,False,False
63.41,2,60.5,68.1,68.9,54.0,53.1,67.0,64.7,68.4,64.0,65.4,False,False,False,True
60.25,2,68.1,60.5,56.5,64.3,62.0,51.4,64.6,55.4,63.5,65.7,False,False,False,True
60.66,2,55.3,67.1,50.1,65.3,60.0,63.7,53.5,66.9,57.9,66.9,False,False,False,False
54.3,1,53.3,58.3,51.5,55.6,54.4,53.0,58.7,53.9,64.7,50.7,False,True,False,False
54.91,1,56.6,54.2,57.2,54.9,56.4,50.3,54.7,55.2,51.8,64.5,True,False,False,False
64.39,3,60.0,63.8,65.2,64.3,77.9,72.8,60.5,72.9,66.5,67.0,False,False,False,True
64.39,1,52.9,56.1,56.0,54.2,58.1,57.4,58.5,51.3,54.8,53.9,False,True,False,False
67.04,3,60.2,64.5,65.3,64.5,74.2,64.2,71.4,64.5,75.5,61.1,False,False,False,False
72.36,3,74.5,70.8,75.5,66.2,66.3,78.1,78.1,73.7,73.4,67.1,False,False,True,False
55.56,1,52.4,55.5,56.7,58.4,57.9,53.6,58.3,64.8,56.1,51.1,False,False,False,False
64.39,3,76.4,75.3,70.0,72.7,76.7,78.6,65.8,67.2,64.7,73.8,False,False,False,False
60.28,2,64.4,64.8,60.2,65.5,64.4,58.6,55.6,65.8,64.7,66.7,False,True,False,False
70.52,3,61.4,77.1,69.8,69.6,61.7,71.7,77.4,78.1,65.4,64.5,False,True,False,False
53.71,1,64.4,52.1,52.8,50.5,58.7,58.1,51.5,56.7,64.7,51.4,False,False,False,True
69.41,3,64.4,64.5,65.8,68.2,75.2,64.6,64.2,70.8,69.5,66.9,False,False,False,True
84.77,0,73.2,91.6,64.5,99.6,88.3,77.4,88.0,92.8,82.8,78.8,False,False,True,False
70.29,3,74.9,70.6,64.5,79.0,75.1,66.9,66.2,71.8,69.6,61.6,True,False,False,False
58.2,2,62.5,59.3,50.0,62.7,53.0,57.2,54.8,52.7,65.0,64.8,False,False,False,False
55.77,1,58.0,50.1,57.8,55.1,55.5,56.0,54.5,55.6,58.7,56.3,False,False,False,False
85.49,0,81.3,64.5,64.5,89.2,86.0,64.6,94.0,90.9,76.1,64.5,False,False,True,False
68.92,3,70.1,73.4,78.0,78.6,64.7,61.7,65.8,70.1,60.7,66.1,True,False,False,False
86.04,0,80.0,97.4,91.0,91.3,70.7,81.1,75.1,95.5,91.0,87.3,False,False,False,False
60.35,2,59.2,64.5,61.5,60.0,63.7,53.5,51.2,62.7,64.7,61.0,False,False,True,False
68.51,3,67.4,60.9,77.8,63.2,70.3,74.8,73.7,68.6,62.5,65.8,False,False,False,True
69.33,3,77.0,75.0,67.8,76.0,61.5,65.6,73.2,73.5,61.7,62.0,False,True,False,False
59.89,2,50.1,54.7,64.5,65.7,69.0,60.0,52.6,57.4,64.2,59.0,False,False,True,False
68.98,3,70.4,62.6,64.5,77.5,70.6,72.1,64.1,63.1,68.0,71.4,False,False,False,True
82.0,0,81.2,78.4,80.3,82.6,99.9,70.9,79.5,76.6,98.2,72.4,False,False,False,True
62.34,2,63.9,61.3,68.2,50.9,52.3,64.6,68.7,63.1,64.7,61.8,False,False,False,True
72.42,3,75.1,60.1,64.5,76.4,72.8,77.1,73.8,64.8,62.5,75.1,True,False,False,False
64.39,2,55.9,68.0,50.1,65.4,69.0,56.5,51.0,55.3,50.7,57.1,True,False,False,False
72.28,3,74.4,77.9,60.4,78.7,74.7,66.7,74.8,66.1,64.7,72.9,False,False,True,False
54.42,1,58.1,56.6,53.4,53.9,50.6,50.3,55.9,52.6,55.8,64.5,False,False,False,False
53.94,1,54.3,64.5,52.9,64.3,55.9,57.8,51.4,54.5,56.7,52.2,False,False,False,False
62.65,2,67.4,61.8,66.5,66.6,61.9,60.9,64.9,64.8,55.8,63.1,True,False,False,False
82.13,0,90.1,76.9,74.5,91.7,97.9,73.2,70.2,83.8,71.0,92.0,False,False,False,False
59.33,2,54.8,56.6,64.5,60.2,57.9,62.5,53.7,55.0,66.5,64.5,False,False,True,False
82.44,0,93.3,64.5,86.3,86.5,73.9,91.6,72.1,64.8,88.4,83.6,False,True,False,False
74.25,3,78.9,64.5,64.5,64.3,76.7,77.8,76.4,74.5,78.2,70.9,False,False,True,False
87.23,0,85.2,93.4,81.2,91.6,98.5,91.2,99.1,82.0,64.7,64.5,True,False,False,False
84.7,0,94.5,97.2,75.4,82.6,80.8,96.2,71.9,78.0,80.2,90.2,False,False,False,False
69.43,3,67.9,70.1,75.0,71.2,71.7,73.9,73.4,68.1,62.6,64.5,False,False,False,False
54.09,1,64.4,50.0,54.7,52.0,56.3,58.3,50.7,52.9,58.1,56.3,True,False,False,False
64.39,0,73.7,82.4,84.4,75.5,94.3,64.6,87.3,80.3,85.6,80.6,True,False,False,False
56.88,2,54.5,60.4,59.6,59.9,53.3,58.8,55.7,56.6,58.0,51.9,True,False,False,False
71.11,3,71.4,73.7,66.8,64.3,75.6,75.0,64.8,73.9,68.2,77.4,False,True,False,False
85.29,0,99.4,95.0,87.0,84.9,89.7,84.5,64.5,73.3,75.3,64.5,False,False,False,False
67.06,3,72.8,67.1,61.4,63.3,62.0,64.5,73.6,66.8,74.1,64.9,False,True,False,False
61.97,2,56.1,64.3,53.8,59.9,63.9,52.7,68.1,68.7,64.8,67.4,False,False,False,False
70.59,3,64.4,66.8,69.9,73.7,73.4,77.7,64.5,74.5,71.7,77.1,True,False,False,False
68.76,3,62.0,64.5,67.5,68.4,66.0,77.4,62.1,70.7,76.2,63.1,False,False,True,False
58.64,2,65.4,64.5,57.7,59.2,59.1,64.6,53.5,59.2,68.1,50.2,False,False,False,False
71.12,3,74.0,74.9,76.5,64.3,67.7,61.5,70.9,63.6,68.9,75.3,False,False,False,True
59.23,2,60.0,60.4,52.3,63.3,55.8,64.6,64.5,52.6,54.0,67.3,False,True,False,False
56.48,2,64.4,53.4,60.2,58.1,59.1,54.9,61.5,50.7,51.7,61.3,False,False,True,False
59.15,2,65.1,58.4,54.9,53.5,62.1,67.2,59.4,57.7,60.0,53.2,False,False,False,False
68.74,3,76.8,65.7,69.2,67.6,76.4,78.2,62.4,61.8,65.1,64.4,True,False,False,False
68.69,3,64.4,64.5,73.6,61.2,62.8,76.1,64.5,69.8,64.7,68.8,False,False,False,True
55.55,1,54.0,57.5,56.8,58.4,64.4,57.7,55.2,57.0,55.2,53.6,True,False,False,False
72.25,3,67.4,78.3,78.1,76.0,67.9,73.8,64.4,75.6,66.5,74.4,False,False,False,False
83.84,0,96.8,83.3,76.3,83.6,98.3,75.4,64.5,85.7,78.3,88.1,True,False,False,False
53.25,1,50.9,51.0,52.0,52.9,54.5,58.5,58.4,64.8,51.4,50.3,True,False,False,False
64.39,0,89.7,82.9,64.5,83.3,64.4,72.1,98.1,99.7,82.1,74.5,False,True,False,False
91.09,0,90.6,89.2,96.8,64.3,64.4,78.6,92.9,95.8,99.5,92.1,False,False,False,False
66.22,3,63.1,64.5,64.5,69.4,61.8,77.9,68.8,60.9,64.5,62.2,False,True,False,False
69.72,3,70.8,76.2,65.6,71.5,61.7,64.6,62.7,73.6,71.4,77.5,False,False,False,True
54.22,1,64.4,54.1,55.6,53.2,58.2,55.5,57.0,52.0,51.3,51.8,True,False,False,False
67.15,3,64.4,62.8,63.1,74.5,74.9,68.8,64.7,60.6,63.0,75.3,False,False,True,False
54.55,1,56.3,57.5,64.5,56.1,55.7,50.0,54.0,51.4,55.8,64.5,False,False,False,False
64.39,2,65.1,56.4,64.5,63.0,64.4,57.6,56.6,53.7,60.1,50.6,False,False,False,True
70.9,3,64.4,75.0,72.0,76.9,71.3,67.9,71.4,61.3,70.5,66.7,False,False,True,False
63.06,2,67.2,67.5,53.0,64.8,59.6,66.7,68.9,57.6,62.9,62.3,False,False,True,False
54.2,1,56.9,57.3,51.3,52.0,57.3,53.1,57.0,64.8,53.9,52.9,True,False,False,False
67.2,3,68.3,61.9,68.9,61.3,64.4,70.2,69.5,64.8,73.5,60.9,False,True,False,False
52.59,1,64.4,55.3,51.0,50.6,53.2,54.0,52.0,53.4,50.4,53.7,False,False,False,False
55.27,1,50.1,58.7,58.8,58.3,54.2,51.5,57.1,64.8,52.0,57.6,True,False,False,False
85.73,0,85.2,87.8,90.2,87.7,89.2,70.8,79.6,96.3,73.7,96.9,False,True,False,False
64.39,2,59.3,65.0,64.1,58.5,66.0,64.6,53.0,64.8,57.6,54.6,False,True,False,False
54.22,1,57.2,51.0,57.9,56.0,51.4,51.2,57.6,56.0,53.3,50.5,True,False,False,False
59.15,2,61.8,57.1,55.9,68.4,56.1,62.2,64.4,56.4,52.2,57.0,False,False,False,False
83.53,0,78.9,94.4,91.0,70.7,94.0,96.0,71.4,78.8,74.7,85.4,False,False,False,True
54.86,1,56.0,55.3,53.2,64.3,54.3,55.1,54.6,58.5,55.1,51.1,True,False,False,False
55.14,1,50.5,64.5,53.3,64.3,55.9,64.6,56.9,53.5,57.3,56.5,False,True,False,False
54.19,1,51.5,52.7,50.2,55.0,56.6,64.6,50.8,64.8,56.1,56.8,False,False,True,False
89.76,0,99.7,99.4,90.8,85.9,97.8,70.8,90.0,79.3,91.1,93.0,False,False,True,False
55.77,1,57.1,55.8,53.6,64.3,58.5,53.2,58.4,51.1,57.0,57.2,True,False,False,False
85.37,0,73.4,73.6,77.1,98.7,64.4,78.7,89.1,99.7,77.3,98.5,True,False,False,False
58.88,2,65.3,64.5,51.8,54.2,64.4,53.5,61.4,67.2,64.7,61.0,True,False,False,False
59.74,2,64.4,56.9,60.1,53.0,66.2,65.3,61.2,68.6,54.4,64.5,True,False,False,False
54.34,1,58.0,64.5,54.6,54.1,53.0,52.8,53.0,53.0,64.7,58.3,False,False,True,False
71.43,3,68.0,71.9,64.5,66.5,77.8,63.1,75.9,74.9,75.4,62.9,False,True,False,False
64.39,0,95.9,84.2,96.9,81.9,99.9,64.6,99.4,64.8,98.0,82.4,False,False,False,True
86.09,0,95.6,81.2,79.0,89.3,71.9,96.8,64.5,85.9,81.3,90.4,False,True,False,False
64.39,2,64.4,64.5,53.7,55.2,61.3,66.6,56.1,64.8,68.6,59.5,False,False,True,False
58.88,2,64.7,60.0,67.3,51.4,55.0,55.6,62.6,50.1,67.0,54.9,True,False,False,False
67.52,3,64.1,76.5,64.5,70.7,63.7,61.6,71.4,64.8,67.9,60.3,False,False,True,False
68.83,3,67.3,66.4,68.7,65.4,69.5,70.9,77.7,60.5,73.3,68.7,False,False,True,False
61.96,2,64.4,67.2,63.3,60.7,59.7,62.0,62.4,59.8,63.8,52.0,False,True,False,False
87.83,0,89.9,92.9,75.0,75.1,92.6,82.1,89.3,85.5,97.2,98.7,False,True,False,False
86.44,0,80.6,87.8,78.0,97.5,90.0,75.5,86.2,84.8,85.1,98.8,True,False,False,False
54.48,1,52.4,53.3,51.3,56.1,56.0,56.8,64.5,52.2,57.5,50.2,True,False,False,False
70.93,3,70.7,78.5,64.7,61.1,76.5,67.6,77.8,71.7,62.6,64.5,False,True,False,False
54.45,1,50.0,51.0,57.1,58.6,55.9,51.5,54.3,64.8,64.7,55.8,False,False,True,False
54.66,1,57.4,56.0,64.5,54.0,55.2,58.4,52.4,53.7,50.9,56.7,False,True,False,False
53.45,1,64.4,54.1,54.0,53.2,58.4,51.4,50.2,57.1,51.3,53.4,False,False,False,True
60.01,2,50.4,67.7,55.0,54.0,59.1,66.4,56.2,65.5,61.7,64.1,False,True,False,False
71.18,3,78.6,69.7,60.2,64.3,62.0,75.9,74.4,70.8,71.7,78.3,True,False,False,False
59.14,2,60.3,51.8,64.5,68.0,62.4,53.7,58.8,61.4,53.5,64.5,True,False,False,False
70.34,3,72.5,64.5,72.5,62.6,64.4,65.5,64.5,67.7,78.4,64.5,True,False,False,False
71.14,3,74.0,73.1,78.0,64.4,74.5,77.6,65.5,73.6,66.9,63.9,False,True,False,False
55.47,1,53.7,56.0,64.5,53.7,57.0,52.0,56.3,58.3,57.5,53.6,False,False,False,False
70.4,3,66.4,65.2,75.1,64.3,74.2,61.1,72.2,66.3,77.5,68.0,False,True,False,False
68.33,3,66.9,63.9,66.6,68.3,77.5,66.4,60.1,63.2,75.2,75.2,False,False,True,False
59.05,2,53.6,53.1,56.2,62.8,57.0,64.3,55.4,66.3,59.1,62.6,False,False,False,True
71.44,3,73.0,72.6,66.4,74.9,62.1,77.9,74.8,73.6,62.5,76.7,False,True,False,False
59.83,2,54.0,57.1,63.4,65.3,55.5,57.3,65.6,59.7,67.2,53.3,False,True,False,False
70.83,3,64.4,75.6,65.8,69.8,64.6,64.6,78.9,61.6,78.1,69.4,False,False,True,False
69.91,3,79.0,65.6,68.3,73.2,71.0,63.7,68.0,77.0,71.3,61.9,False,False,False,True
88.67,0,83.9,64.5,75.2,64.3,88.7,95.1,72.1,64.8,91.6,99.9,False,True,False,False
54.02,1,54.3,53.6,57.5,54.0,56.0,57.1,51.9,52.1,52.8,50.9,True,False,False,False
54.03,1,64.4,64.5,58.9,56.4,51.0,57.7,54.6,50.7,53.0,53.7,False,True,False,False
66.69,3,64.3,75.4,60.2,68.3,66.7,60.9,60.5,72.4,68.4,69.8,False,False,True,False
71.67,3,75.5,73.3,65.1,64.3,70.8,73.6,64.5,69.9,69.0,66.6,True,False,False,False
69.68,3,73.7,67.8,64.5,66.4,77.6,63.0,60.9,64.8,74.4,68.3,False,False,False,False
55.28,1,53.2,52.7,55.5,56.5,58.2,55.2,50.5,57.9,64.7,56.7,True,False,False,False
72.32,3,64.3,64.5,74.4,69.2,64.6,74.2,72.9,78.3,76.6,74.4,False,False,False,True
83.33,0,95.2,70.8,70.9,80.2,97.8,97.5,72.2,86.1,90.9,71.8,False,False,False,False
85.7,0,85.9,91.6,86.6,77.3,64.4,86.8,97.2,72.9,71.6,92.9,False,True,False,False
70.66,3,61.9,64.5,74.4,62.2,76.5,64.6,73.2,63.2,74.2,77.2,False,False,True,False
59.49,2,66.9,64.7,56.8,59.3,52.1,53.5,56.3,66.8,64.7,54.7,False,False,False,True
54.26,1,58.0,50.6,52.7,64.3,53.5,53.7,57.5,53.3,51.0,58.2,False,False,True,False
53.9,1,53.2,55.5,52.5,64.3,57.0,50.1,55.2,64.8,52.5,56.6,False,True,False,False
64.39,2,56.5,66.0,64.1,55.8,64.4,68.8,65.0,52.5,60.4,54.5,False,False,True,False
89.29,0,88.2,96.5,89.4,89.5,93.3,76.4,99.2,64.8,85.3,98.7,True,False,False,False
54.39,1,64.4,56.5,64.5,50.9,57.5,58.3,57.4,50.5,57.6,53.3,True,False,False,False
70.55,3,72.2,73.7,70.8,60.5,71.7,71.8,69.3,77.7,71.8,65.8,True,False,False,False
86.51,0,92.6,75.8,75.1,88.1,93.7,90.3,91.6,80.7,98.0,79.2,False,False,False,True
68.21,3,65.4,69.6,71.2,63.7,65.2,64.6,76.3,64.8,64.7,63.5,True,False,False,False
60.88,2,60.6,64.0,58.3,56.8,63.7,67.0,57.6,62.8,53.5,64.6,False,False,False,False
84.62,0,73.8,83.5,78.3,78.0,90.6,88.8,64.5,80.3,97.4,76.6,True,False,False,False
64.39,1,58.9,51.7,51.4,55.4,52.3,64.6,58.1,54.6,57.7,50.6,True,False,False,False
54.17,1,53.6,51.4,56.8,54.4,51.8,54.8,56.9,55.4,51.5,64.5,False,False,True,False
85.03,0,64.4,93.4,90.8,75.2,82.3,93.0,75.7,96.3,85.7,84.5,True,False,False,False
55.23,1,64.4,56.4,50.4,51.9,58.1,53.6,64.5,55.0,54.8,58.4,False,False,True,False
56.81,2,53.0,56.1,54.8,58.4,59.5,57.1,50.4,55.7,63.5,59.6,False,False,False,True
85.14,0,64.4,64.5,78.1,89.5,98.5,83.1,91.7,73.9,94.7,77.1,False,False,False,True
69.08,3,76.1,67.6,66.5,65.1,64.4,68.1,75.6,65.9,64.2,67.9,False,False,True,False
62.32,2,68.7,67.1,61.5,67.5,66.9,63.3,60.9,51.7,52.5,63.2,True,False,False,False
61.6,2,65.4,61.7,59.2,58.0,65.6,63.2,64.5,64.8,66.9,67.7,False,False,True,False
82.93,0,90.7,89.5,89.4,74.1,75.1,85.9,77.9,87.8,86.5,72.4,False,False,True,False
68.87,3,62.1,75.8,60.7,74.2,60.6,61.9,67.0,78.8,64.7,74.1,False,False,False,True
59.43,2,60.7,55.1,51.6,55.0,64.4,61.5,67.1,66.5,59.6,61.4,False,False,False,False
58.79,2,67.6,68.0,51.3,52.9,52.1,58.5,52.9,63.3,53.7,67.8,False,True,False,False
69.89,3,61.3,65.1,67.3,63.4,69.3,74.4,64.5,78.5,75.8,73.8,False,False,True,False
59.49,2,54.4,53.6,64.8,53.2,62.1,52.6,67.2,64.8,67.4,64.5,False,False,False,True
54.41,1,54.0,64.5,51.1,50.2,56.0,64.6,64.5,50.8,64.7,64.5,False,False,False,False
80.09,0,89.0,78.9,95.9,70.7,72.7,73.8,64.5,74.9,97.8,75.5,True,False,False,False
61.72,2,64.9,65.8,64.5,57.2,64.4,50.7,62.4,66.3,60.5,63.8,True,False,False,False
85.38,0,75.0,99.5,78.5,80.6,73.3,96.8,77.6,93.2,98.5,80.8,True,False,False,False
68.6,3,76.8,61.8,73.2,66.1,67.0,68.3,69.1,67.6,69.9,66.4,True,False,False,False
72.98,3,76.1,64.5,67.7,78.8,78.9,71.7,78.2,64.8,63.4,64.5,False,False,True,False
68.94,3,62.7,76.7,63.5,76.7,61.1,74.5,63.4,73.3,68.7,68.8,True,False,False,False
64.71,3,70.0,74.6,60.6,62.9,60.6,62.2,61.6,60.8,64.5,69.3,False,False,True,False
82.89,0,77.4,84.8,79.7,74.6,79.8,64.6,93.8,78.5,99.6,88.5,False,True,False,False
54.51,1,55.5,56.4,51.6,51.5,56.7,50.6,57.2,56.7,53.7,55.1,False,False,False,False
54.55,1,64.4,55.9,57.6,55.5,51.6,52.4,57.8,50.7,57.1,55.8,False,True,False,False
69.31,3,63.2,64.5,76.1,78.1,73.0,68.1,76.3,69.5,63.1,60.3,False,True,False,False
64.39,3,70.9,60.1,65.0,62.3,68.9,69.6,72.3,60.2,63.0,77.3,False,True,False,False
54.27,1,50.5,55.2,55.2,52.7,55.7,64.6,55.9,52.3,56.8,54.7,True,False,False,False
87.1,0,93.2,98.0,70.2,77.2,89.0,93.5,96.3,84.8,77.2,64.5,False,False,False,False
60.45,2,57.8,55.4,62.4,59.1,64.4,55.0,61.4,60.4,67.5,67.0,True,False,False,False
55.97,1,58.0,64.5,52.4,58.0,64.4,58.0,53.0,55.8,57.9,56.5,False,True,False,False
71.9,3,68.6,73.1,64.5,64.2,69.9,78.8,76.3,69.4,75.0,75.7,False,False,False,False
85.38,0,99.5,76.7,80.9,87.6,71.1,74.4,88.9,98.0,89.7,87.0,False,False,True,False
54.52,1,52.1,53.9,57.4,51.0,55.8,55.2,58.7,53.7,57.2,50.3,True,False,False,False
64.39,2,68.2,54.4,63.4,64.2,65.6,56.5,67.2,64.8,66.8,65.7,True,False,False,False
81.15,0,77.2,79.0,85.0,84.3,76.6,75.6,94.2,64.8,64.7,82.1,False,True,False,False
57.69,2,64.4,50.4,57.0,63.6,64.4,59.5,64.5,64.8,58.1,52.7,False,False,True,False
70.02,3,69.3,67.7,67.6,64.3,72.2,64.6,63.1,71.9,63.5,68.2,True,False,False,False
58.75,2,68.7,64.5,62.5,58.0,52.3,55.9,65.4,52.1,51.2,64.5,False,True,False,False
90.19,0,87.4,64.5,99.4,97.2,96.4,64.6,79.5,95.4,84.8,85.7,False,True,False,False
85.48,0,74.4,85.5,81.6,95.6,91.3,71.9,64.5,93.6,90.0,74.6,True,False,False,False
54.51,1,56.0,55.9,51.4,52.8,58.0,55.6,57.6,64.8,64.7,64.5,False,False,True,False
56.58,2,56.9,59.9,64.5,58.3,64.2,52.6,62.7,55.1,50.0,52.9,False,True,False,False
64.39,0,97.6,73.1,77.6,72.1,97.1,64.6,71.9,85.9,71.2,64.5,False,False,False,True
59.05,2,50.3,60.7,51.1,56.2,55.2,58.1,67.0,60.3,65.8,65.7,False,True,False,False
68.15,3,60.5,66.3,73.7,78.3,67.7,63.8,64.5,63.6,64.4,73.1,False,False,False,False
68.71,3,70.7,62.5,65.7,70.8,75.1,67.0,78.1,73.7,64.7,63.1,False,False,False,True
68.4,3,64.3,68.8,67.8,75.9,74.8,65.1,73.2,63.2,70.6,60.3,True,False,False,False
55.46,1,57.1,53.2,51.2,64.3,57.3,56.1,58.3,58.2,58.3,52.0,True,False,False,False
69.29,3,66.6,65.6,77.5,77.4,64.4,62.4,74.1,64.8,70.0,60.9,False,False,False,False
59.64,2,59.8,53.9,64.5,60.9,54.5,65.0,52.9,68.9,61.7,57.8,False,False,False,True
59.01,2,61.9,68.5,56.8,60.6,57.9,53.1,64.5,59.1,63.5,58.4,False,False,True,False
87.01,0,70.3,89.0,64.5,64.3,73.4,79.3,79.8,99.5,91.9,96.6,False,False,True,False
90.45,0,90.0,94.1,94.8,90.9,94.6,79.5,77.4,95.0,64.7,91.0,False,False,False,False
55.04,1,59.0,58.5,52.3,56.7,52.2,51.6,52.7,57.0,52.8,57.6,False,False,False,True
91.17,0,97.9,79.8,87.7,99.0,94.8,99.5,79.4,94.8,94.3,84.6,False,False,False,False
55.11,1,55.5,57.9,56.8,50.9,54.0,50.4,57.1,57.8,53.4,57.3,False,False,True,False
61.48,2,58.0,64.5,66.8,50.8,59.0,63.7,63.3,67.5,65.7,54.7,True,False,False,False
82.55,0,96.3,78.5,64.5,96.4,72.8,88.2,75.8,71.9,92.5,73.6,False,False,False,True
54.42,1,52.8,55.8,54.4,56.1,50.1,56.8,57.7,51.9,52.7,55.8,True,False,False,False
54.48,1,56.3,56.0,50.7,50.6,52.9,58.2,58.7,56.3,64.7,53.3,True,False,False,False
54.82,1,51.4,64.5,56.5,50.1,58.4,56.0,58.5,64.8,51.2,57.0,False,True,False,False
55.91,1,57.2,51.2,64.5,64.3,58.6,58.7,53.5,54.1,53.9,57.9,True,False,False,False
67.26,3,71.1,63.8,71.5,61.1,64.8,64.7,60.1,74.5,77.6,63.3,True,False,False,False
55.11,1,51.4,54.3,51.3,57.1,58.7,50.7,57.4,56.1,58.9,55.3,True,False,False,False
83.45,0,83.6,91.5,73.8,76.8,87.2,84.5,85.1,77.1,93.2,81.7,False,False,True,False
69.24,3,62.9,70.9,66.4,76.7,64.1,66.1,77.3,66.5,75.6,65.9,False,False,False,True
88.68,0,76.9,99.3,85.4,64.3,97.2,87.1,85.7,93.2,98.1,79.6,False,True,False,False
61.9,2,60.5,64.0,61.7,60.5,66.2,64.6,64.8,64.8,62.1,68.1,False,False,True,False
58.7,2,56.3,51.9,58.7,60.8,56.7,54.9,68.0,67.3,56.8,55.5,False,True,False,False
68.17,3,69.0,63.8,70.5,63.2,62.5,74.0,69.2,67.7,71.5,70.1,True,False,False,False
53.63,1,51.4,50.6,58.2,57.1,56.6,50.1,50.1,54.6,56.8,50.7,True,False,False,False
54.44,1,51.4,56.8,58.7,50.6,64.4,53.7,53.3,64.8,64.7,57.8,False,False,True,False
64.39,2,52.7,62.9,67.8,54.3,60.4,56.7,56.3,64.8,55.4,64.5,True,False,False,False
61.07,2,67.5,62.0,64.5,57.0,61.5,55.8,66.8,58.3,61.9,61.3,False,False,True,False
61.1,2,58.9,64.2,62.4,62.3,64.4,68.3,52.9,64.8,61.4,64.5,False,True,False,False
54.15,1,51.2,54.8,50.7,54.0,56.0,55.3,53.7,64.8,57.7,53.4,False,False,True,False
54.07,1,57.4,52.5,50.7,51.8,52.8,64.6,50.9,56.8,54.2,64.5,False,False,False,False
64.39,0,96.9,81.2,73.6,64.3,75.7,79.6,64.5,87.9,90.6,93.7,False,False,False,False
78.55,0,95.1,85.2,72.5,64.3,77.2,70.8,75.3,64.8,85.7,74.2,False,True,False,False
62.62,2,64.5,68.1,66.1,66.4,67.7,51.3,64.1,56.0,59.7,62.2,True,False,False,False
54.67,1,53.6,55.5,53.8,58.9,58.5,56.4,50.9,51.7,50.2,57.3,False,False,False,False
60.55,2,56.0,68.5,63.3,64.3,58.5,61.1,59.5,60.0,53.7,66.6,True,False,False,False
53.68,1,57.5,58.1,51.0,53.5,55.3,64.6,54.1,50.4,52.1,64.5,False,False,False,False
70.77,3,64.4,68.2,78.2,69.9,68.5,74.9,64.5,75.6,70.0,64.8,False,False,False,False
56.12,1,64.4,56.2,54.0,55.7,58.3,64.6,56.9,64.8,55.0,64.5,True,False,False,False
59.4,2,52.6,68.2,53.3,58.2,59.0,53.8,63.6,62.0,54.7,68.6,False,False,False,False
59.76,2,52.3,63.2,52.1,64.3,66.9,52.3,61.8,62.1,67.4,57.9,True,False,False,False
58.72,2,61.9,50.1,56.5,60.9,61.3,59.9,50.5,62.1,58.4,65.6,False,True,False,False
72.19,3,74.2,76.3,69.4,72.2,70.7,64.6,71.3,70.2,77.4,77.7,False,False,False,False
74.2,3,78.7,64.5,74.9,64.3,76.4,76.0,64.5,66.0,73.0,71.6,False,False,False,False
64.39,1,64.4,52.8,58.7,53.7,51.4,53.1,55.1,57.1,50.6,55.9,False,False,True,False
58.75,2,63.2,64.5,53.2,62.9,65.9,53.8,64.5,64.8,64.7,50.4,True,False,False,False
69.7,3,71.5,71.8,65.4,75.2,67.0,66.6,64.4,60.7,77.0,77.3,False,False,False,False
55.51,2,60.7,51.9,58.8,50.9,56.2,64.2,50.2,55.8,56.3,50.2,False,False,False,False
53.56,1,54.2,53.4,58.9,50.7,52.5,58.7,50.5,53.4,52.7,50.5,False,True,False,False
53.49,1,53.0,53.6,55.3,53.7,50.5,54.3,51.3,64.8,52.6,57.5,True,False,False,False
55.56,1,51.3,54.9,52.7,52.2,56.0,58.8,58.3,56.1,56.3,58.9,True,False,False,False
64.39,0,77.5,89.1,90.7,83.8,93.3,92.2,96.0,99.5,87.8,76.0,False,False,True,False
53.41,1,64.4,51.8,64.5,53.1,56.7,52.2,51.1,53.5,52.9,64.5,True,False,False,False
58.83,2,53.5,61.4,64.5,57.1,57.8,64.7,53.1,64.8,64.2,54.4,False,False,False,True
52.86,1,51.7,55.3,50.9,57.5,52.6,55.4,50.8,50.9,51.6,51.8,False,True,False,False
53.83,1,55.1,51.5,57.8,54.3,52.7,50.9,56.1,50.9,57.0,51.8,False,False,False,False
84.17,0,85.8,89.7,79.9,84.8,88.4,74.6,72.5,64.8,86.3,90.8,False,False,False,True
54.42,1,50.7,53.7,57.4,52.7,53.8,50.2,52.6,57.8,57.0,58.2,False,False,False,False
53.86,1,64.4,50.9,53.5,50.3,56.3,51.9,50.8,54.7,58.9,54.8,False,False,False,True
85.77,0,99.8,97.6,77.2,78.1,78.1,79.6,85.9,96.5,84.3,80.6,False,False,True,False
54.8,1,58.4,52.6,53.4,56.2,57.6,64.6,57.8,50.1,56.1,64.5,False,False,False,True
87.87,0,90.2,70.5,94.9,100.0,64.4,99.3,89.6,83.9,87.4,84.6,True,False,False,False
80.12,0,93.6,78.3,71.8,89.0,71.9,64.6,94.2,72.3,84.9,72.1,False,False,False,True
52.21,1,52.5,50.6,50.4,50.6,52.3,50.9,53.8,50.6,56.2,54.2,False,False,True,False
61.37,2,65.6,64.5,58.3,67.3,51.0,66.1,60.7,54.2,61.3,63.7,False,False,False,False
54.14,1,57.1,52.5,53.9,50.9,57.8,50.9,56.7,56.3,50.1,55.2,False,False,False,True
88.21,0,72.0,96.1,95.7,85.6,76.0,64.6,86.8,98.6,64.7,99.5,False,False,False,True
85.95,0,94.6,75.1,93.7,91.2,74.9,78.0,95.5,64.8,95.4,75.6,True,False,False,False
53.66,1,50.6,52.8,56.9,54.9,50.1,53.8,64.5,50.8,57.3,64.5,False,True,False,False
60.89,2,63.6,62.2,64.2,65.8,58.4,50.2,64.5,63.4,52.7,67.2,False,False,False,True
61.4,2,61.8,64.5,64.6,64.3,67.6,52.0,67.6,62.7,64.7,55.7,False,True,False,False
61.44,2,63.2,54.8,55.4,68.9,60.8,64.6,64.2,62.9,67.7,50.6,False,False,False,True
64.39,3,63.8,73.4,64.5,74.8,74.4,70.0,72.2,64.8,75.6,73.5,False,True,False,False
54.31,1,51.0,51.0,52.2,56.2,53.9,54.4,55.1,58.6,54.2,56.4,True,False,False,False
57.61,2,50.7,56.5,53.5,64.3,61.3,51.6,68.7,54.8,65.6,51.0,False,True,False,False
69.38,3,70.7,65.7,75.4,64.7,74.9,66.0,60.9,77.6,70.1,64.5,True,False,False,False
68.71,3,72.8,71.1,65.1,71.1,61.9,64.5,68.8,74.1,71.2,64.5,False,True,False,False
67.4,3,73.7,71.1,64.5,62.4,69.0,64.6,63.0,64.5,78.4,66.6,False,False,False,False
68.56,3,63.3,72.5,69.1,73.4,72.4,64.6,60.1,74.8,62.8,68.2,False,True,False,False
59.21,2,64.9,52.7,59.5,58.9,59.7,61.9,63.7,52.8,60.0,58.1,True,False,False,False
64.39,2,60.1,68.0,54.4,51.5,64.4,55.8,51.5,52.7,50.6,64.5,True,False,False,False
65.92,3,75.7,66.2,60.8,64.9,65.1,65.4,62.9,66.8,67.6,63.8,True,False,False,False
64.39,2,62.9,63.9,62.0,64.3,52.5,66.9,50.2,63.1,50.4,55.8,True,False,False,False
74.28,3,75.3,65.8,64.5,66.2,78.6,75.6,78.0,79.0,78.7,70.4,True,False,False,False
56.23,2,50.6,56.0,60.9,61.6,52.7,64.6,52.7,53.5,62.9,53.8,False,True,False,False
90.05,0,81.9,81.8,95.4,77.2,93.9,89.9,97.2,90.5,97.4,95.4,False,False,True,False
67.5,3,68.8,63.3,66.5,62.7,68.2,69.1,72.1,64.2,68.3,64.5,True,False,False,False
55.62,1,55.9,54.4,56.6,57.8,57.7,57.8,51.7,52.0,54.3,58.0,False,False,False,True
70.61,3,74.7,76.0,64.5,64.3,73.8,69.5,65.0,60.3,62.9,78.5,False,True,False,False
64.39,2,64.3,68.4,53.9,64.3,57.1,65.9,61.2,68.9,64.7,65.4,True,False,False,False
54.82,1,56.0,54.8,55.8,53.2,52.8,58.1,52.1,52.9,54.4,58.3,False,True,False,False
57.72,2,58.1,65.0,60.6,51.6,50.9,62.6,53.3,52.9,66.0,64.5,False,True,False,False
84.98,0,92.3,72.2,74.3,72.8,97.0,90.9,79.9,95.5,81.9,93.0,True,False,False,False
54.34,1,55.1,54.8,58.7,52.1,50.8,53.3,58.4,55.5,50.3,54.5,False,False,False,True
55.18,1,52.2,58.4,51.6,54.2,52.8,57.3,54.4,64.8,58.8,64.5,True,False,False,False
60.79,2,60.0,66.4,64.5,64.8,64.4,50.5,63.2,59.3,67.0,58.2,False,False,False,True
56.55,2,61.8,59.4,50.5,51.7,57.5,61.4,59.0,55.3,55.8,53.1,False,False,False,False
58.48,2,51.1,64.5,64.5,50.6,67.9,67.0,64.5,52.0,53.5,65.2,False,False,True,False
69.28,3,61.0,64.9,71.6,73.8,77.3,77.3,67.7,61.3,65.1,72.8,True,False,False,False
64.39,1,55.7,53.4,52.4,52.4,57.5,53.9,54.1,55.8,64.7,55.0,False,False,False,True
69.02,3,64.4,73.4,78.4,69.4,68.5,66.3,62.9,69.6,60.7,76.6,False,True,False,False
64.39,1,50.7,64.5,51.5,57.6,50.3,52.0,52.3,51.8,64.7,52.8,False,False,True,False
85.83,0,78.1,83.2,81.2,74.8,98.6,88.5,91.7,78.2,98.3,85.7,True,False,False,False
69.41,3,69.2,65.1,70.5,76.9,62.9,60.6,78.1,64.8,66.3,68.0,True,False,False,False
64.39,1,64.4,51.5,54.6,57.3,52.5,51.4,58.9,64.8,64.7,64.5,False,False,False,False
68.84,3,77.6,70.5,60.4,70.8,65.1,72.9,74.8,62.9,66.9,66.5,False,True,False,False
85.97,0,64.4,82.4,96.7,88.6,86.7,98.5,94.3,77.0,89.3,75.1,False,False,True,False
61.89,2,58.8,59.7,67.1,52.6,68.3,65.7,64.5,66.1,52.1,62.2,False,False,False,True
89.99,0,94.8,87.0,94.9,96.3,85.2,98.3,92.9,84.9,74.9,90.8,False,False,True,False
83.02,0,86.2,86.7,73.3,99.7,70.8,79.7,85.1,82.4,91.8,64.5,False,True,False,False
68.27,3,71.4,77.0,64.8,68.9,64.4,64.6,70.6,61.0,66.2,76.9,False,False,True,False
60.57,2,61.7,67.3,59.1,51.6,50.6,58.1,64.9,66.4,59.7,66.2,False,True,False,False
82.92,0,64.4,73.1,77.4,84.6,75.8,74.7,99.1,90.2,83.9,89.3,False,False,True,False
54.25,1,53.9,51.3,57.2,53.3,53.5,54.5,56.7,55.2,64.7,51.3,False,False,False,False
52.51,1,51.4,51.1,51.1,51.4,52.2,55.1,51.7,64.8,55.0,51.5,False,False,False,True
84.65,0,99.6,93.9,76.1,64.3,71.1,71.3,79.3,92.2,79.5,90.2,False,True,False,False
54.29,1,51.3,52.6,64.5,55.9,50.5,57.4,55.2,56.5,50.1,58.4,True,False,False,False
62.24,2,64.9,68.9,60.7,67.9,64.7,63.6,58.9,59.2,55.2,58.4,True,False,False,False
55.47,1,54.9,50.9,50.7,58.5,56.1,56.7,64.5,58.8,56.8,57.1,False,False,False,False
85.53,0,82.2,92.5,84.6,81.3,74.4,87.5,74.4,96.4,97.0,84.9,False,False,True,False
55.3,1,58.8,51.9,53.7,55.6,52.4,56.7,52.5,56.8,58.8,55.8,False,False,True,False
83.17,0,64.4,82.0,85.2,64.3,99.1,71.4,78.3,64.8,96.5,77.1,False,False,False,False
59.82,2,57.6,68.9,64.4,57.1,57.8,53.3,50.6,64.8,65.9,67.1,False,True,False,False
54.2,1,55.9,52.1,53.4,57.0,50.3,64.6,52.2,64.8,64.7,54.7,True,False,False,False
61.78,2,57.1,65.4,65.9,51.3,64.5,56.5,68.7,68.3,67.5,52.5,False,True,False,False
68.93,3,63.3,64.9,69.5,78.1,71.4,75.1,66.3,78.2,61.8,60.8,False,False,True,False
61.58,2,68.4,64.8,64.5,50.5,58.8,68.6,68.6,59.4,63.6,62.6,False,True,False,False
61.8,2,63.9,62.4,65.7,53.9,59.0,53.8,68.2,68.1,68.3,54.6,True,False,False,False
63.2,2,51.3,68.7,61.7,64.7,62.6,66.6,63.3,67.4,65.4,60.3,False,False,False,True
82.98,0,75.6,88.2,76.6,82.9,78.9,84.5,91.7,83.5,88.8,79.0,False,False,False,True
55.27,1,57.0,53.0,51.1,50.2,54.8,58.2,64.5,64.8,57.9,58.3,False,False,True,False
59.87,2,56.3,56.6,65.2,59.5,66.0,66.8,53.2,68.9,55.7,50.5,False,False,False,True
58.72,2,60.0,51.1,56.7,64.3,54.7,52.8,64.5,62.4,59.5,64.5,False,False,False,True
64.39,2,59.1,51.9,53.5,66.2,66.1,50.8,68.9,68.0,56.2,56.7,True,False,False,False
85.3,0,84.7,79.7,94.4,94.3,72.7,96.8,64.5,88.5,79.1,87.8,True,False,False,False
54.86,1,55.6,53.4,57.9,54.9,57.1,52.8,55.9,51.5,57.2,52.3,False,True,False,False
61.36,2,55.5,64.5,56.2,50.1,64.4,68.8,64.1,63.3,56.7,68.7,False,False,False,True
70.36,3,67.7,66.5,64.5,78.0,73.5,74.4,65.9,75.2,69.0,68.9,False,False,False,True
53.13,1,64.4,52.3,52.8,52.0,50.7,51.9,57.3,52.5,52.1,51.5,False,True,False,False
84.12,0,70.1,86.2,86.5,92.7,76.1,64.6,95.8,94.0,89.1,74.7,False,False,True,False
54.61,1,54.9,55.5,57.3,64.3,54.8,55.4,52.7,55.9,50.5,58.9,True,False,False,False
56.59,2,65.3,64.5,51.6,64.3,58.9,55.5,51.3,54.4,64.7,51.6,False,True,False,False
64.39,2,61.6,66.4,51.0,61.7,63.9,55.3,64.5,57.8,63.2,50.3,False,False,False,True
54.19,1,54.3,54.5,58.3,51.9,53.1,51.4,51.9,64.8,56.4,56.1,False,True,False,False
70.04,3,63.0,72.7,73.0,75.9,62.7,72.7,76.1,78.2,63.4,62.6,False,False,False,True
62.0,2,66.9,52.3,59.3,64.9,57.3,64.6,64.5,59.8,66.7,65.9,False,True,False,False
86.25,0,64.4,92.1,94.4,82.0,98.3,86.9,97.3,70.6,89.8,64.5,True,False,False,False
82.57,0,97.9,90.3,72.6,74.6,78.6,81.0,78.2,73.2,97.6,81.8,False,False,True,False
68.35,3,65.7,69.4,66.2,61.1,70.3,74.9,66.1,65.6,66.4,77.7,False,False,False,False
53.94,1,52.8,50.5,56.6,51.2,58.9,57.7,57.6,64.8,50.9,64.5,False,False,False,False
54.46,1,64.4,54.6,54.5,50.8,56.6,64.6,56.3,58.0,52.5,55.3,True,False,False,False
67.52,3,65.9,64.5,64.1,71.2,76.9,66.7,63.5,65.3,68.4,68.7,True,False,False,False
59.98,2,61.1,61.3,65.7,64.3,68.0,56.6,65.5,51.3,60.5,59.0,False,False,False,False
84.66,0,94.9,64.5,85.9,77.4,93.3,95.4,78.5,81.4,74.0,94.0,False,False,False,False
83.59,0,94.6,82.6,97.5,79.5,91.3,64.6,64.5,83.1,74.3,64.5,False,False,False,True
60.88,2,52.3,67.9,62.8,53.8,63.9,66.1,66.1,62.6,51.4,62.0,False,False,False,True
54.33,1,55.8,57.2,54.9,57.8,64.4,57.5,53.1,51.5,52.2,50.6,False,True,False,False
64.39,3,72.6,64.5,64.5,60.5,69.8,64.6,61.1,61.1,78.9,77.5,True,False,False,False
69.35,3,74.5,69.9,64.5,61.5,73.8,64.6,77.5,70.1,64.9,69.9,False,False,False,True
86.79,0,90.9,77.7,64.5,72.6,83.9,87.3,64.5,89.0,94.7,83.6,False,True,False,False
68.79,3,64.0,67.6,72.2,64.3,69.8,62.1,75.9,64.8,70.9,78.8,True,False,False,False
64.39,1,64.4,53.9,55.1,52.1,56.9,51.5,51.8,51.9,54.0,64.5,False,True,False,False
60.54,2,61.8,62.3,67.4,60.7,64.4,56.0,62.8,63.5,55.7,56.5,True,False,False,False
82.97,0,91.3,97.2,86.0,83.3,76.8,72.1,95.5,73.6,74.8,79.1,False,False,False,True
61.54,2,68.0,62.5,51.1,68.6,66.0,58.8,68.0,58.1,55.1,59.1,False,False,True,False
57.1,2,64.4,50.6,62.7,68.3,64.4,64.6,51.2,53.1,50.8,57.2,True,False,False,False
64.39,3,64.4,71.2,61.7,64.3,66.5,64.6,63.1,60.9,78.5,72.0,True,False,False,False
61.0,2,61.4,55.2,60.1,55.7,60.1,66.8,66.4,66.4,58.8,59.1,False,False,False,True
54.28,1,53.1,57.4,56.9,50.5,50.8,54.6,58.9,52.7,51.1,56.9,True,False,False,False
57.43,2,66.0,50.9,56.4,54.5,54.8,53.2,66.3,57.6,51.5,63.1,False,False,True,False
56.94,2,53.5,51.2,56.2,62.9,58.7,53.6,65.3,50.6,53.4,64.0,False,False,False,False
59.8,2,63.5,59.0,50.1,62.1,66.5,67.7,51.1,66.3,50.6,61.0,True,False,False,False
54.39,1,51.5,54.8,57.1,50.6,58.6,64.6,54.2,64.8,54.2,56.9,False,False,False,False
54.3,1,50.6,53.8,58.7,51.1,55.2,54.9,53.3,55.2,64.7,55.8,False,False,True,False
85.49,0,64.4,82.7,82.6,82.4,64.4,87.9,86.1,64.8,82.9,91.3,False,False,False,False
67.34,3,64.3,62.0,78.9,71.4,64.4,62.9,63.7,69.7,74.6,61.4,False,False,False,False
82.59,0,94.0,84.5,72.8,84.8,99.0,92.0,73.1,81.4,73.2,71.1,False,False,False,False
83.55,0,75.9,75.5,95.8,82.3,75.9,80.3,88.6,94.5,85.2,81.5,True,False,False,False
64.39,2,67.2,54.4,57.5,62.3,62.4,64.6,64.5,55.7,68.4,51.2,False,False,False,False
64.39,2,68.8,69.0,56.0,66.0,60.3,53.4,63.7,56.3,68.3,64.5,False,False,True,False
62.22,2,59.8,55.6,64.5,66.9,62.8,64.6,52.6,66.0,68.1,64.5,False,False,False,True
82.0,0,77.6,84.1,73.1,70.4,75.9,76.8,64.5,89.9,80.9,92.5,False,False,False,True
53.76,1,56.5,50.6,54.7,58.1,50.9,53.6,57.1,51.7,52.5,51.9,False,False,False,False
53.88,1,56.4,53.4,58.5,64.3,53.1,51.2,57.8,52.5,51.9,50.7,False,True,False,False
87.99,0,75.3,83.2,95.6,91.8,73.3,98.0,97.8,98.9,92.1,64.5,False,False,False,False
54.34,1,58.1,53.0,64.5,55.7,53.0,54.3,54.6,50.2,51.1,55.7,False,True,False,False
54.98,1,54.0,53.7,54.9,57.7,57.0,58.6,52.4,58.5,52.8,50.2,False,False,False,False
79.51,0,79.7,81.8,77.4,79.5,85.8,71.5,73.7,71.6,64.7,64.5,True,False,False,False
54.31,1,52.6,52.2,50.5,55.2,58.7,58.3,53.1,64.8,54.6,53.9,False,False,True,False
59.42,2,65.0,60.5,50.9,53.3,64.4,66.9,61.3,60.7,58.0,61.0,False,True,False,False
59.13,2,60.3,53.1,56.3,67.6,50.7,59.8,62.3,62.2,64.7,51.9,False,True,False,False
87.13,0,64.4,74.3,97.1,87.8,85.4,73.4,78.0,99.2,85.3,93.1,False,False,True,False
85.83,0,64.4,64.5,70.1,97.6,89.5,83.3,79.6,72.0,99.9,95.5,False,False,True,False
68.54,3,64.4,72.4,65.0,60.3,76.6,78.0,60.0,67.6,74.5,67.5,False,False,False,True
59.83,2,53.3,62.3,54.2,55.8,53.1,64.6,62.1,58.9,66.2,67.0,False,False,True,False
68.31,3,77.3,68.7,71.6,63.6,64.6,69.1,69.6,71.6,66.3,60.8,True,False,False,False
55.01,1,52.0,58.2,58.1,57.5,51.8,50.7,64.5,56.2,53.4,54.5,True,False,False,False
67.73,3,67.9,62.3,60.0,76.2,71.6,64.6,70.3,64.4,68.6,71.8,False,False,False,False
83.64,0,100.0,79.0,82.7,70.3,70.9,90.8,91.2,82.6,76.3,64.5,True,False,False,False
54.46,1,57.7,51.3,55.4,64.3,56.2,53.6,64.5,57.2,55.7,50.6,False,False,True,False
64.39,3,74.0,63.2,60.3,67.1,74.3,64.4,75.5,64.4,77.6,68.0,True,False,False,False
59.38,2,64.4,59.7,62.4,61.9,61.3,62.1,62.0,51.0,60.4,57.7,False,False,False,False
84.36,0,79.3,90.7,75.7,75.8,64.4,85.8,86.3,64.8,90.8,99.0,True,False,False,False
53.01,1,51.8,50.3,50.3,55.9,50.3,50.6,58.2,53.6,54.4,54.7,False,False,False,True
57.35,2,51.6,50.7,57.6,56.5,68.4,52.5,64.5,64.8,60.6,61.7,False,False,True,False
54.22,1,54.4,64.5,54.3,56.1,55.0,52.7,64.5,64.8,50.4,51.8,False,False,True,False
61.5,2,60.9,56.6,55.4,65.8,63.2,59.4,67.1,64.8,52.9,68.5,False,False,False,False
67.53,3,74.5,60.7,64.4,61.7,76.4,61.2,66.1,68.9,73.8,67.6,False,False,False,False
90.08,0,96.1,96.0,82.6,92.3,87.4,98.7,84.0,96.3,83.3,83.9,False,False,True,False
82.42,0,77.3,75.0,92.8,81.8,91.0,81.6,71.5,75.0,89.9,88.3,True,False,False,False
59.81,2,57.2,64.5,64.8,51.8,59.3,55.0,67.4,67.1,53.1,66.7,False,True,False,False
87.18,0,80.3,93.5,64.5,99.2,82.5,95.1,85.3,80.0,80.0,80.2,True,False,False,False
86.21,0,95.5,87.7,74.4,74.8,87.1,97.1,93.5,64.8,89.5,88.6,False,False,False,False
61.78,2,66.7,68.1,65.2,59.8,51.5,55.7,68.6,65.6,62.8,53.8,True,False,False,False
76.99,0,64.4,64.5,70.1,85.3,87.8,71.3,70.6,71.8,64.7,64.5,True,False,False,False
57.22,2,55.2,55.9,64.5,52.8,61.5,63.8,54.5,66.9,64.7,50.6,False,False,False,True
54.99,1,59.0,57.6,50.8,50.2,58.6,52.9,56.6,53.2,54.3,56.6,False,True,False,False
72.91,3,72.2,76.9,78.1,77.8,64.4,72.7,63.5,70.4,77.9,71.7,False,False,False,False
86.03,0,79.1,90.5,95.8,90.6,90.1,82.2,74.8,93.0,77.8,86.4,False,True,False,False
53.05,1,57.2,52.4,51.9,50.6,50.3,56.4,52.8,64.8,55.8,64.5,False,False,False,True
69.9,3,68.2,61.0,73.4,73.2,73.4,64.6,64.5,69.7,66.9,66.7,False,False,True,False
68.29,3,67.4,76.2,71.3,74.1,62.8,69.9,68.8,64.3,64.7,65.2,False,False,False,True
83.21,0,72.9,87.8,74.1,94.1,93.3,75.7,75.1,98.9,71.3,88.9,False,True,False,False
57.12,2,51.7,67.8,65.2,54.8,57.5,52.9,50.6,64.8,51.7,60.2,False,False,False,False
70.03,3,64.4,63.9,71.2,76.5,66.5,62.1,65.5,70.1,74.8,70.8,False,False,False,True
85.97,0,90.3,77.3,72.7,85.9,75.3,77.0,98.1,97.4,91.0,94.7,False,True,False,False
69.72,3,64.4,64.5,64.5,69.5,62.9,64.6,65.9,72.7,75.9,68.0,True,False,False,False
70.18,3,71.9,64.5,69.6,73.0,75.5,71.3,78.1,62.5,65.3,67.0,False,False,True,False
65.02,3,64.2,61.1,62.4,60.4,73.3,68.4,68.0,60.8,64.7,61.3,False,True,False,False
60.6,2,52.0,61.0,51.1,67.4,67.7,53.1,64.5,66.9,69.0,64.4,False,False,False,False
54.85,1,51.4,55.5,54.8,57.5,54.3,64.6,56.1,53.7,64.7,53.6,False,False,False,False
53.57,1,50.7,52.3,53.7,54.1,54.1,54.9,58.9,64.8,51.2,51.6,True,False,False,False
55.36,1,64.4,64.5,57.1,50.6,59.0,51.3,53.9,54.7,57.2,57.5,False,False,False,True
85.04,0,90.2,79.2,64.5,84.9,64.4,91.5,85.3,86.4,64.7,86.4,True,False,False,False
83.24,0,64.4,80.9,84.6,82.5,87.1,72.5,79.3,88.6,91.7,82.1,True,False,False,False
87.6,0,93.2,88.6,84.1,92.4,99.8,93.8,90.9,77.7,81.7,73.9,False,True,False,False
71.47,3,73.0,74.4,73.2,64.9,77.2,70.2,74.9,64.7,64.7,77.5,True,False,False,False
86.3,0,80.7,80.6,93.5,91.3,77.1,79.2,94.6,89.2,82.0,94.8,False,False,True,False
85.83,0,99.2,71.6,97.5,86.4,77.1,64.6,82.8,95.7,76.9,64.5,False,False,False,False
64.39,0,78.7,75.0,97.8,64.3,78.0,70.5,91.2,79.7,94.5,75.1,False,False,True,False
62.71,2,59.5,64.3,63.4,59.1,66.9,63.7,63.5,56.3,65.2,65.1,False,False,True,False
85.54,0,86.8,95.5,64.5,82.1,88.3,85.2,74.2,79.6,86.5,84.7,True,False,False,False
60.82,2,63.0,53.0,52.5,58.2,64.4,64.6,68.3,66.8,57.5,68.2,True,False,False,False
74.24,3,77.6,64.9,77.5,78.4,68.0,76.7,77.9,64.8,74.4,76.3,False,False,False,True
87.82,0,94.9,96.7,88.8,87.4,80.0,97.6,88.8,76.4,90.6,77.2,False,False,False,True
62.62,2,59.8,60.5,50.4,64.8,66.7,68.7,68.6,61.5,59.5,65.7,False,False,True,False
67.63,3,74.9,61.3,62.2,73.4,71.1,64.6,62.4,69.9,66.2,71.2,False,False,False,False
58.05,2,55.4,59.0,59.1,64.3,62.2,66.2,64.5,59.5,52.7,58.9,False,False,False,False
60.99,2,54.8,64.5,68.5,64.3,54.1,55.8,66.9,57.9,61.1,65.1,True,False,False,False
64.39,0,78.9,92.8,84.9,88.0,87.8,98.0,79.8,93.2,92.4,75.6,True,False,False,False
64.39,1,55.1,59.0,56.0,57.2,58.3,50.7,58.2,51.3,50.9,57.6,True,False,False,False
82.85,0,85.9,78.9,76.7,93.7,78.1,83.0,75.6,64.8,64.7,64.5,False,False,False,False
87.78,0,83.3,91.5,75.0,78.4,71.3,99.2,97.9,93.6,97.5,90.2,False,False,False,True
54.5,1,56.5,64.5,52.9,52.0,64.4,51.2,53.7,55.4,52.9,56.6,False,True,False,False
54.6,1,64.4,64.5,55.4,64.3,54.8,57.0,51.9,54.0,50.5,51.4,True,False,False,False
84.56,0,87.4,71.1,72.5,93.4,90.8,73.5,92.9,84.9,83.3,95.7,True,False,False,False
54.85,1,53.8,55.8,56.8,57.6,50.3,52.8,55.3,64.8,58.1,52.6,True,False,False,False
54.13,1,51.3,58.4,51.7,56.6,64.4,51.7,57.5,58.0,50.2,52.2,False,True,False,False
88.07,0,64.4,72.2,95.3,64.3,90.6,89.5,94.1,90.5,99.0,90.4,False,True,False,False
70.81,3,70.2,77.6,65.7,70.3,64.4,64.6,74.0,73.9,69.4,65.8,False,False,True,False
67.94,3,73.8,64.5,64.5,70.4,73.1,60.8,70.2,75.1,62.3,68.7,True,False,False,False
58.2,2,57.9,56.2,52.0,63.8,50.6,62.0,64.5,67.1,54.9,61.3,False,False,False,False
55.41,1,56.7,58.3,51.7,55.2,55.7,56.5,52.9,55.5,57.5,54.1,False,True,False,False
84.3,0,64.4,89.9,64.5,92.4,78.1,91.8,82.9,78.3,64.7,70.9,False,False,False,False
60.92,2,57.7,60.8,64.5,50.3,62.1,64.6,50.3,63.3,66.4,68.7,False,False,False,False
61.25,2,68.0,52.8,68.6,62.4,50.6,60.9,64.5,64.8,65.6,52.1,False,False,True,False
87.78,0,95.0,98.2,95.1,70.3,92.9,86.7,92.8,86.6,86.3,74.0,True,False,False,False
53.37,1,55.4,50.1,52.4,52.2,56.6,55.8,54.1,53.1,51.1,64.5,True,False,False,False
57.2,2,51.5,50.6,50.2,56.3,50.6,64.1,68.9,50.6,69.0,60.4,True,False,False,False
69.01,3,63.4,64.5,66.0,72.8,62.0,70.8,64.5,78.0,74.6,64.4,False,False,False,True
58.52,2,60.3,50.9,55.3,61.0,64.4,54.1,66.3,51.3,62.8,64.5,False,True,False,False
56.35,1,57.5,58.0,58.4,58.9,58.7,54.6,58.9,50.4,57.7,50.4,False,False,False,True
64.39,2,55.3,54.2,63.0,61.6,61.1,61.8,54.8,64.8,64.7,53.2,False,False,False,False
60.09,2,62.3,50.1,66.7,53.3,62.5,60.4,64.4,66.7,61.6,53.0,True,False,False,False
52.59,1,50.2,64.5,56.3,55.1,56.0,50.6,51.4,51.3,54.1,50.0,True,False,False,False
85.83,0,71.2,64.5,76.9,91.2,64.4,76.7,86.8,87.3,93.1,98.3,True,False,False,False
70.56,3,77.2,66.7,69.3,69.1,76.3,72.0,71.3,69.2,74.3,60.3,True,False,False,False
54.74,2,51.4,51.9,50.5,51.0,52.1,51.7,61.2,52.0,64.7,61.0,False,True,False,False
87.35,0,64.4,99.8,74.7,64.3,83.6,91.5,93.2,88.9,64.7,74.9,False,False,False,True
65.48,3,70.8,60.3,63.0,65.1,66.6,66.3,62.5,62.6,63.4,74.2,True,False,False,False
64.39,2,53.2,61.0,68.1,64.3,57.9,65.7,52.0,67.2,60.5,60.3,False,False,True,False
84.17,0,93.8,73.9,72.8,86.3,90.6,80.7,82.9,98.1,87.8,74.8,True,False,False,False
67.58,3,67.1,60.5,77.4,73.9,67.0,66.6,61.6,62.4,66.3,72.9,False,False,False,True
56.42,2,64.4,64.5,61.4,50.8,52.8,50.5,59.6,52.6,62.8,62.1,False,False,False,True
58.68,2,54.5,54.0,64.5,55.5,57.4,59.2,65.4,64.8,56.5,58.9,False,True,False,False
82.06,0,72.2,82.5,90.7,79.0,64.4,87.9,94.5,73.7,81.7,80.4,False,True,False,False
53.82,1,56.3,56.2,53.8,50.9,55.1,52.5,51.8,53.7,51.0,57.0,True,False,False,False
64.39,3,72.5,67.5,71.8,60.0,66.0,64.7,74.0,73.9,63.4,64.5,False,False,False,True
82.87,0,83.4,85.3,73.4,85.5,95.0,87.3,72.9,75.7,78.0,92.1,True,False,False,False
56.19,1,56.6,54.8,51.8,57.8,58.8,64.6,57.2,55.1,58.5,56.3,False,False,True,False
53.64,1,57.7,54.7,50.4,52.7,50.5,51.5,58.0,52.9,55.8,52.2,False,True,False,False
53.52,1,56.9,64.5,50.0,58.7,52.4,50.7,57.0,54.0,64.7,50.0,False,False,False,True
57.21,2,60.3,62.5,50.7,52.5,59.4,61.2,56.0,58.2,54.6,56.7,False,False,True,False
52.59,1,51.4,51.4,52.9,53.1,57.3,54.8,50.0,50.2,52.2,52.5,False,False,False,False
68.05,3,77.4,70.6,60.6,66.8,61.2,66.1,74.1,61.4,66.6,75.7,False,False,False,True
53.3,1,54.8,52.3,55.2,50.9,64.4,54.9,54.3,53.0,52.0,53.4,True,False,False,False
69.52,3,74.1,64.8,74.3,62.9,78.9,60.5,70.8,63.9,74.9,70.1,True,False,False,False
58.41,2,62.7,64.5,64.2,56.9,63.7,51.1,64.5,64.8,50.4,58.0,False,False,False,False
87.03,0,72.4,96.3,77.0,99.8,88.6,91.4,64.5,92.1,76.8,98.1,True,False,False,False
84.5,0,75.3,73.4,98.3,84.3,96.6,92.0,78.4,80.8,64.7,78.3,False,False,False,True
54.12,1,58.4,59.0,52.2,52.6,52.4,64.6,50.6,51.0,64.7,54.2,True,False,False,False
70.92,3,72.1,71.8,62.4,74.4,73.6,68.0,67.3,77.5,69.0,73.1,False,False,True,False
64.39,2,52.9,57.8,59.4,54.3,57.1,58.9,59.2,57.3,58.9,50.4,False,True,False,False
88.58,0,96.0,84.6,94.7,85.4,77.0,84.8,64.5,84.7,92.4,86.6,False,False,False,True
54.93,1,51.9,57.8,58.3,51.9,54.7,64.6,56.3,58.1,64.7,51.2,False,False,False,True
70.76,3,77.1,61.8,64.5,64.3,71.0,74.2,67.7,69.1,68.2,74.5,False,False,False,True
67.03,3,68.5,70.1,68.0,73.0,60.2,61.3,64.5,65.8,68.7,69.4,False,False,True,False
64.39,2,64.4,66.1,53.7,64.8,58.3,61.9,62.5,64.8,62.5,61.8,False,False,True,False
85.73,0,95.8,77.6,77.2,93.4,73.1,98.3,72.3,91.1,95.7,64.5,False,False,False,True
57.98,2,59.7,52.2,59.9,51.2,61.6,59.0,67.3,53.8,53.0,62.1,True,False,False,False
84.41,0,91.9,80.3,93.7,96.4,70.9,64.6,87.9,83.6,86.3,82.0,False,False,False,False
54.14,1,50.5,51.6,55.6,64.3,50.3,64.6,55.9,58.9,55.1,55.0,False,False,False,True
68.17,3,64.4,67.8,60.2,73.7,75.4,64.6,65.5,77.3,64.0,61.5,False,False,True,False
83.73,0,64.4,64.5,92.2,79.3,71.3,88.4,97.5,77.9,70.3,64.5,False,False,False,False
81.45,0,71.1,95.1,80.4,76.1,73.9,72.6,72.0,99.0,81.6,92.7,False,False,False,True
85.23,0,79.4,94.4,78.3,82.3,90.4,85.5,64.5,74.6,64.7,86.9,False,False,False,True
55.38,1,55.7,50.4,58.3,58.1,50.8,58.7,53.4,57.0,57.3,64.5,False,True,False,False
59.27,2,56.0,50.4,60.6,60.8,62.6,66.0,64.5,63.2,52.9,52.9,True,False,False,False
68.81,3,67.1,73.8,70.8,68.8,71.9,66.3,66.8,75.2,62.5,64.9,False,False,True,False
53.65,1,51.9,58.5,57.5,50.1,56.1,54.5,64.5,55.2,51.7,64.5,False,False,False,False
63.1,2,64.4,55.4,61.7,64.3,60.7,66.5,63.2,65.2,66.5,64.5,False,False,False,False
81.13,0,79.6,76.7,80.1,77.6,70.6,97.6,90.0,71.9,83.6,83.6,False,True,False,False
66.56,3,60.0,63.1,63.5,69.4,66.2,73.2,65.6,67.0,67.6,69.7,False,False,True,False
59.4,2,68.9,56.8,68.4,52.6,52.6,55.4,53.2,64.8,51.5,67.8,True,False,False,False
84.7,0,84.1,64.5,75.3,98.6,76.6,78.3,96.0,72.1,87.1,97.3,False,False,True,False
72.0,3,77.0,64.4,62.1,71.4,68.2,73.7,73.7,64.8,73.9,77.2,False,False,False,False
80.31,0,84.4,78.3,89.6,72.7,64.4,73.8,72.2,72.2,88.7,78.7,False,False,False,True
89.11,0,75.9,73.1,99.4,89.9,94.1,89.8,81.8,98.7,90.6,97.9,False,False,False,True
57.51,2,67.3,51.4,60.7,61.1,51.3,54.2,50.3,67.4,51.8,59.7,False,True,False,False
64.39,1,54.8,54.6,50.6,52.3,52.5,53.6,54.1,52.1,58.9,55.1,False,False,False,False
68.14,3,71.5,62.3,64.6,76.6,63.3,64.6,64.5,69.5,60.5,77.6,True,False,False,False
60.43,2,59.8,59.5,62.9,66.1,64.7,62.7,59.6,57.2,59.6,52.1,False,False,False,True
56.06,1,57.4,57.9,54.7,58.7,55.8,64.6,64.5,57.6,54.7,64.5,False,False,True,False
64.39,2,64.1,65.0,63.7,64.3,60.2,58.8,65.0,68.2,66.0,59.1,True,False,False,False
67.51,3,64.4,67.4,62.7,64.3,60.1,65.2,75.8,64.8,64.5,74.0,True,False,False,False
61.84,2,65.1,68.0,64.5,63.5,66.3,53.9,61.0,64.8,58.1,50.6,False,False,False,False
64.39,3,74.3,78.5,74.4,64.3,63.6,65.0,70.8,72.1,62.3,60.7,False,False,False,True
84.76,0,87.9,83.7,98.1,64.3,76.0,70.5,83.2,80.2,91.4,77.2,True,False,False,False
61.48,2,53.3,64.3,69.0,56.5,65.6,63.4,64.3,59.4,64.8,54.4,True,False,False,False
58.72,2,65.7,62.1,61.9,56.1,63.5,51.1,62.3,51.3,52.4,60.8,False,False,False,True
68.53,3,68.8,72.4,64.5,68.2,68.8,60.2,68.0,73.2,78.4,64.5,True,False,False,False
61.04,2,62.3,55.3,63.4,58.0,66.4,57.9,65.0,67.9,62.1,52.2,False,True,False,False
68.64,3,78.9,68.2,60.7,62.4,68.1,68.1,69.7,73.2,65.1,72.0,True,False,False,False
64.39,3,64.4,68.1,78.2,63.0,68.2,65.5,77.7,64.8,75.8,78.8,False,True,False,False
55.62,1,58.0,56.9,54.4,56.4,56.3,57.9,54.9,50.9,51.7,58.7,False,False,True,False
70.84,3,72.9,65.3,72.2,75.8,71.0,77.5,72.8,69.7,67.4,63.9,False,True,False,False
71.07,3,73.9,60.8,66.6,70.3,67.3,66.3,64.5,76.1,64.7,77.1,False,False,False,False
55.15,1,50.6,50.5,51.9,57.0,57.0,55.9,58.9,64.8,58.0,64.5,True,False,False,False
54.93,1,56.1,57.0,64.5,56.8,54.5,53.1,53.4,51.6,64.7,57.0,True,False,False,False
59.93,2,59.3,66.3,63.0,60.0,52.1,65.9,64.5,63.2,58.1,57.8,False,True,False,False
54.33,1,53.0,58.3,56.8,50.7,54.7,56.3,50.1,51.1,53.9,58.4,False,False,False,True
57.44,2,65.9,64.5,64.5,51.7,53.2,52.5,59.7,50.9,60.0,58.2,True,False,False,False
80.31,0,72.6,64.5,72.7,64.3,70.7,87.2,98.5,83.1,85.7,78.7,True,False,False,False
64.39,3,63.7,73.4,76.4,68.4,64.9,76.1,61.5,72.8,78.2,71.8,False,False,False,True
64.39,3,64.4,73.5,65.9,69.1,68.3,77.5,61.8,70.2,60.2,60.4,False,False,False,True
70.43,3,77.4,72.8,76.0,69.6,64.3,69.3,66.1,69.7,72.4,66.7,False,False,True,False
81.48,0,83.7,71.7,79.0,71.4,77.4,87.6,94.9,72.9,98.8,77.3,False,False,False,False
62.41,2,64.4,63.8,67.5,68.0,65.4,53.8,61.3,55.1,67.0,60.0,True,False,False,False
67.99,3,60.4,70.1,60.2,63.5,76.3,71.0,78.1,62.7,62.8,74.8,False,True,False,False
85.45,0,97.2,75.2,89.0,95.1,64.4,74.9,90.5,87.8,80.8,93.3,False,False,True,False
70.89,3,77.1,69.8,69.0,66.8,64.5,67.8,69.4,77.2,78.4,69.0,True,False,False,False
68.31,3,64.4,70.8,64.5,64.3,74.6,71.0,64.5,63.9,64.7,72.6,True,False,False,False
69.62,3,71.1,70.0,75.5,77.7,66.6,61.5,75.8,70.3,65.6,62.1,False,True,False,False
59.77,2,56.9,58.7,57.7,61.9,65.1,68.4,64.5,58.0,62.4,53.3,False,False,False,False
59.22,2,53.2,61.1,64.5,54.0,53.5,64.6,63.3,50.5,60.3,63.0,True,False,False,False
64.39,3,62.8,67.0,72.1,73.3,65.3,64.6,62.0,66.0,71.7,63.4,False,True,False,False
59.35,2,62.8,58.3,53.7,66.4,52.0,53.8,63.2,55.5,67.1,64.5,False,False,True,False
58.12,2,60.3,60.2,53.5,57.3,60.1,60.6,64.5,54.0,51.5,62.0,False,False,False,False
53.72,1,52.7,64.5,53.3,52.4,50.3,57.3,55.7,50.1,53.4,58.2,False,False,False,True
54.16,1,57.2,56.6,52.0,53.7,53.0,53.3,52.4,52.2,64.7,57.7,False,False,False,True
85.38,0,83.4,88.9,82.0,73.0,95.6,85.2,89.6,76.2,87.3,64.5,False,True,False,False
54.5,1,51.7,58.4,55.5,56.2,51.3,57.2,51.5,57.6,55.3,50.3,False,False,False,True
64.39,2,66.2,64.5,56.9,64.3,67.5,56.4,50.6,62.9,55.4,51.8,False,False,True,False
59.44,2,56.0,68.9,64.9,52.8,64.4,56.9,59.6,61.8,50.3,59.4,False,False,False,True
67.33,3,64.4,62.0,66.3,78.1,73.8,60.4,62.5,73.7,62.4,67.3,True,False,False,False
62.73,2,51.8,69.0,68.5,66.1,62.3,52.5,68.5,55.0,67.0,66.6,True,False,False,False
70.38,3,69.2,65.4,72.7,74.2,64.4,64.6,78.0,70.2,64.7,65.3,False,True,False,False
62.67,2,57.4,63.7,67.4,57.3,64.5,67.2,64.2,54.3,68.6,62.1,False,False,False,False
62.13,2,61.6,53.7,64.5,66.3,58.2,67.8,62.6,56.2,64.7,68.6,True,False,False,False
54.62,1,58.4,55.0,56.2,56.2,50.7,51.7,56.2,58.2,52.2,51.5,False,False,True,False
62.36,2,66.3,54.1,57.8,64.3,63.7,63.6,68.2,59.7,60.7,65.2,False,True,False,False
61.17,2,66.8,67.5,66.9,64.3,63.2,55.1,54.3,67.1,57.2,63.1,False,False,False,True
64.39,0,77.8,93.5,91.0,73.5,95.0,74.7,71.1,76.0,94.6,96.9,False,True,False,False
59.77,2,54.9,64.5,57.7,60.2,64.4,59.4,60.5,50.2,66.4,57.9,False,True,False,False
60.17,2,52.4,64.4,64.5,56.3,67.3,54.1,64.8,59.5,54.4,62.7,True,False,False,False
55.4,1,56.1,58.2,55.3,54.2,58.1,57.4,58.4,51.0,51.9,53.4,False,False,True,False
87.21,0,88.4,98.0,82.7,91.1,99.3,64.6,98.5,80.5,86.3,70.1,True,False,False,False
68.79,3,77.1,73.8,64.4,77.2,74.9,61.2,60.7,64.8,69.5,65.7,False,False,False,True
68.36,3,73.5,67.9,67.8,71.2,61.4,64.3,62.5,61.7,75.0,78.4,False,False,True,False
64.39,3,71.5,73.7,77.7,67.0,72.6,76.8,77.7,60.4,62.8,78.2,True,False,False,False
70.85,3,64.4,70.9,72.0,74.5,70.9,64.6,76.0,63.9,74.6,72.0,False,False,False,False
88.0,0,64.4,81.3,92.1,97.9,75.1,81.7,92.0,95.5,92.6,72.5,True,False,False,False
66.74,3,64.1,68.2,70.5,66.9,73.7,65.8,63.9,60.8,67.4,66.1,True,False,False,False
53.36,1,50.6,58.3,50.0,51.2,55.9,51.4,55.9,53.6,54.5,52.2,False,False,True,False
68.07,3,73.0,67.3,73.0,68.8,71.0,64.7,72.4,63.8,62.4,64.3,True,False,False,False
83.98,0,73.0,92.1,86.3,80.8,87.3,84.1,92.4,75.8,80.8,87.2,False,False,False,False
68.15,3,66.4,65.3,64.5,64.3,65.7,76.5,78.5,66.8,62.1,69.8,False,False,False,True
61.19,2,65.0,67.2,65.3,55.9,51.7,65.2,58.5,55.7,68.0,59.5,True,False,False,False
64.39,2,62.2,61.1,56.0,61.9,53.2,51.3,56.0,67.2,54.1,66.0,True,False,False,False
57.57,2,56.0,52.2,66.4,68.0,50.6,50.1,52.5,57.8,57.5,64.7,False,False,False,True
55.47,1,58.5,64.5,54.0,52.1,58.9,64.6,51.7,55.1,64.7,57.2,False,True,False,False
55.21,1,51.1,64.5,58.4,51.5,57.1,55.4,57.5,55.8,64.7,51.0,False,False,False,False
83.07,0,91.5,93.7,79.7,71.3,82.6,82.1,73.3,94.6,80.7,64.5,False,True,False,False
69.76,3,60.7,63.1,71.9,65.8,70.6,76.9,77.9,76.5,64.9,64.5,False,True,False,False
55.27,2,51.9,51.3,54.9,51.6,53.2,60.7,52.9,64.8,51.5,58.8,False,False,True,False
71.64,3,71.6,78.3,78.1,69.0,74.7,66.8,74.1,71.0,65.6,67.1,False,False,False,True
67.89,3,63.1,64.5,64.5,67.8,64.6,77.5,77.6,72.6,60.5,63.4,True,False,False,False
86.35,0,84.5,96.4,76.9,90.1,85.9,75.1,91.3,92.5,85.8,85.1,False,False,False,True
57.12,2,60.0,65.5,55.1,62.9,50.9,58.4,52.6,60.2,64.7,54.0,False,True,False,False
55.48,1,58.7,52.3,64.5,58.1,56.7,54.2,64.5,51.2,57.7,52.5,False,False,True,False
84.8,0,81.3,89.6,73.6,75.3,93.6,84.6,84.1,88.4,78.7,98.7,False,False,False,False
70.22,3,65.0,66.7,75.0,61.2,75.5,71.8,65.8,77.4,65.9,77.9,True,False,False,False
89.46,0,64.4,88.3,98.2,93.3,99.4,75.2,94.7,64.8,87.6,93.9,True,False,False,False
69.83,3,67.7,75.2,76.4,75.8,70.3,62.2,77.7,64.4,66.3,62.3,False,False,False,True
68.43,3,68.1,64.4,64.5,69.4,68.3,61.9,77.9,61.2,78.5,62.3,False,True,False,False
85.45,0,79.3,79.8,76.7,100.0,73.4,73.8,91.4,95.3,98.7,86.1,False,False,False,False
88.95,0,90.5,94.7,92.2,64.3,92.5,82.7,64.5,99.6,78.1,64.5,False,False,True,False
64.39,0,64.4,86.1,85.0,96.9,77.7,64.6,76.5,98.9,89.2,86.0,False,False,True,False
85.89,0,95.3,91.7,75.7,64.3,73.3,86.7,75.4,95.0,96.1,98.8,False,True,False,False
65.29,3,60.1,64.7,66.7,74.9,62.0,61.4,76.3,65.2,60.2,61.5,False,False,True,False
57.84,2,56.1,52.9,62.4,66.9,56.8,59.2,54.2,58.9,56.1,54.9,False,False,True,False
64.39,0,94.3,97.3,78.2,78.7,78.3,76.3,77.7,75.9,89.4,98.4,False,True,False,False
70.26,3,75.0,67.3,66.4,67.4,78.0,72.8,64.5,72.3,75.5,62.6,False,False,True,False
71.38,3,62.9,64.5,71.4,74.4,69.0,78.3,68.3,76.3,73.0,75.2,True,False,False,False
53.16,1,50.6,51.2,55.7,52.5,52.1,53.3,57.2,54.8,51.4,52.9,True,False,False,False
68.76,3,68.0,64.9,68.6,76.6,62.2,78.6,72.6,68.8,65.4,61.9,True,False,False,False
68.79,3,64.4,63.9,72.0,70.4,66.3,62.1,64.5,69.4,63.9,70.6,False,True,False,False
64.39,1,58.6,53.3,58.1,51.8,57.9,55.4,52.7,54.3,64.7,54.2,False,False,False,False
54.98,1,57.2,58.7,52.9,51.3,53.3,53.7,64.5,52.8,54.8,56.1,True,False,False,False
69.39,3,71.3,67.4,60.2,64.3,77.2,64.6,66.8,68.7,79.0,63.8,False,False,False,True
62.05,2,63.6,58.9,61.4,62.4,68.5,65.2,67.0,51.2,64.1,58.1,True,False,False,False
67.89,3,70.9,64.5,61.2,66.1,73.2,60.8,72.6,73.7,68.5,61.3,True,False,False,False
64.39,1,54.7,57.1,50.5,51.3,53.1,55.5,64.5,54.8,54.2,50.3,False,False,False,True
58.76,2,50.9,58.0,64.5,50.7,66.4,65.8,57.4,57.7,59.7,67.6,False,False,False,True
71.56,3,77.9,64.5,64.5,78.5,74.5,68.6,62.1,72.6,74.7,66.2,False,False,False,False
70.82,3,74.9,60.3,64.5,64.3,71.8,61.5,74.5,71.4,73.4,67.3,False,False,False,True
54.65,1,52.8,52.3,64.5,64.3,53.3,56.6,57.5,50.4,54.9,58.1,False,False,False,True
53.5,1,53.6,52.4,54.7,52.9,52.4,52.2,55.7,58.7,64.7,51.7,False,False,True,False
63.62,2,67.5,67.5,64.6,66.7,61.3,51.5,64.5,64.8,66.1,66.4,False,False,True,False
65.2,3,62.7,70.1,64.5,63.9,67.9,63.4,62.2,67.8,62.5,60.4,False,False,True,False
54.92,1,52.0,57.3,53.5,55.9,54.5,64.6,53.8,54.7,54.4,56.4,True,False,False,False
87.84,0,97.4,98.3,80.0,77.5,64.4,75.9,94.1,96.1,78.3,84.3,False,True,False,False
66.97,3,60.8,64.5,64.1,61.8,69.1,71.7,76.3,62.5,75.2,63.0,False,True,False,False
54.06,1,56.1,64.5,50.6,54.9,57.8,64.6,54.0,50.7,54.9,54.4,True,False,False,False
71.32,3,75.7,71.9,64.5,71.4,64.4,76.2,68.9,60.6,73.1,71.1,True,False,False,False
67.82,3,68.2,76.0,72.6,60.3,76.9,64.6,61.2,69.7,69.9,61.5,False,False,True,False
68.06,3,75.6,65.9,64.4,60.5,74.9,67.0,63.0,74.1,68.2,66.9,False,False,False,True
82.04,0,81.2,89.8,82.5,77.7,79.0,64.6,70.4,94.7,64.7,78.8,False,False,True,False
54.19,1,58.8,64.5,57.5,50.4,56.6,53.5,51.5,55.2,50.9,56.5,False,False,False,False
54.23,1,57.0,52.1,52.4,64.3,55.8,51.5,57.6,55.1,58.5,51.7,False,False,False,True
71.28,3,67.4,70.2,71.3,72.8,75.6,68.9,69.9,64.8,64.9,73.0,False,False,True,False
84.39,0,84.4,70.4,94.2,72.3,73.7,76.5,92.8,99.5,64.7,93.2,True,False,False,False
83.72,0,87.3,92.6,73.3,80.0,99.1,85.4,75.0,86.6,64.7,80.7,False,False,False,False
68.37,3,74.3,78.0,71.5,65.7,64.4,69.2,62.5,69.4,64.7,63.7,False,False,True,False
89.06,0,96.3,98.1,98.8,71.2,97.8,64.6,99.9,83.8,74.6,78.4,False,True,False,False
64.39,0,76.5,74.5,88.9,72.8,75.3,98.9,94.9,64.8,71.7,76.4,False,True,False,False
84.66,0,71.1,88.1,71.6,92.5,93.5,85.9,75.5,64.8,86.5,85.4,False,False,False,True
54.93,1,56.5,64.5,50.8,58.1,52.8,64.6,53.4,58.7,64.7,55.5,False,False,False,True
91.25,0,64.4,95.5,64.5,96.8,87.9,93.4,94.7,89.0,89.6,85.2,False,False,False,True
69.16,3,70.1,63.3,78.8,66.3,64.4,69.0,75.4,72.6,62.0,64.1,True,False,False,False
70.48,3,74.4,67.5,73.3,64.3,78.5,64.6,64.0,60.5,67.7,69.4,False,False,True,False
69.25,3,64.5,68.9,71.9,72.1,62.2,63.2,69.4,70.5,72.5,77.4,False,False,False,True
66.47,3,64.4,60.4,71.1,71.1,67.3,64.6,64.5,64.1,62.2,62.3,False,False,True,False
64.39,1,58.9,56.8,56.6,50.4,64.4,52.9,50.7,56.3,53.7,54.2,False,False,True,False
54.33,1,51.0,54.1,56.4,52.9,57.0,56.3,56.1,53.1,55.2,51.3,False,True,False,False
68.48,3,67.7,68.3,71.6,64.4,64.4,64.6,75.9,64.1,68.9,63.7,False,False,True,False
80.62,0,77.1,71.4,81.2,72.4,85.8,71.5,91.2,64.8,82.0,74.5,False,True,False,False
80.04,0,71.3,76.8,81.1,78.2,74.6,92.4,78.4,72.3,99.5,75.7,True,False,False,False
69.42,3,72.7,64.5,65.2,76.3,70.0,61.7,72.3,66.1,65.8,71.5,False,False,False,False
70.83,3,66.2,78.9,74.3,75.5,60.1,72.6,73.2,64.5,64.7,64.5,False,True,False,False
70.57,3,64.4,71.0,77.5,72.2,78.5,67.5,62.7,64.8,65.8,77.4,True,False,False,False
53.1,1,51.8,52.2,55.8,50.1,55.0,52.2,53.8,51.6,64.7,52.5,False,True,False,False
89.46,0,92.8,90.5,97.0,90.1,78.5,76.0,64.5,96.7,79.6,97.1,False,True,False,False
84.68,0,72.5,89.1,64.5,94.7,64.4,95.3,89.6,93.3,70.6,73.2,True,False,False,False
53.59,1,64.4,56.0,53.4,50.6,64.4,64.6,50.4,53.9,51.4,58.0,False,False,False,False
85.55,0,98.1,73.5,82.0,93.5,95.4,84.6,90.3,71.7,85.6,80.9,False,False,False,False
85.8,0,88.5,95.6,93.5,82.2,93.9,79.8,75.0,88.3,70.9,90.3,False,False,False,True
53.75,1,53.4,52.8,57.7,55.5,50.7,50.3,56.2,64.8,53.9,54.1,False,True,False,False
56.69,2,58.5,52.3,55.2,53.7,50.3,64.4,59.6,64.8,64.4,56.8,False,False,False,False
59.53,2,51.3,61.4,68.4,56.1,66.5,55.4,57.9,56.5,55.5,66.1,False,False,False,True
60.87,2,59.5,50.7,61.5,61.4,65.2,57.9,61.8,63.8,58.7,68.1,False,False,False,False
53.14,1,50.0,50.1,64.5,55.2,57.0,55.7,53.7,53.5,50.7,64.5,False,True,False,False
70.99,3,62.8,72.2,61.7,64.3,73.2,64.6,78.7,78.0,72.4,76.3,False,False,False,True
69.1,3,64.3,64.8,66.3,66.4,76.0,65.3,69.8,77.8,65.4,74.9,False,False,True,False
53.79,1,50.5,56.9,54.7,50.4,58.3,51.0,54.9,57.3,52.8,51.0,False,False,False,True
59.32,2,53.0,55.3,65.6,63.0,60.0,57.8,68.3,55.0,64.7,50.6,False,False,True,False
79.07,0,77.5,79.6,75.4,89.1,64.4,77.0,83.0,75.1,81.4,72.3,True,False,False,False
87.36,0,89.3,70.9,99.8,98.7,95.1,93.9,86.5,71.2,78.3,89.8,False,False,False,True
80.87,0,94.2,83.1,82.1,84.5,73.5,72.9,73.8,73.8,95.4,75.6,True,False,False,False
56.3,1,58.9,54.1,56.2,53.5,56.1,58.8,56.6,55.0,64.7,64.5,True,False,False,False
66.72,3,60.1,61.9,64.2,64.3,77.1,69.6,66.2,73.5,73.8,60.3,False,False,False,True
83.84,0,80.1,81.3,87.4,96.4,91.5,89.6,64.5,70.5,84.8,76.9,False,False,False,True
84.01,0,86.4,96.7,75.9,64.3,85.0,91.5,89.0,76.7,73.0,85.5,False,False,True,False
64.39,1,64.4,53.8,56.8,52.9,56.3,64.6,57.7,53.3,52.9,53.7,False,False,False,False
86.21,0,75.2,89.7,98.8,91.2,94.0,99.7,73.7,70.8,92.0,76.9,True,False,False,False
57.55,2,51.0,50.3,64.5,58.5,68.2,63.4,57.7,50.7,52.3,64.5,False,False,False,False
62.16,2,61.0,68.5,64.5,64.1,53.8,67.9,61.5,60.9,68.7,63.7,True,False,False,False
58.6,2,52.6,50.3,63.1,51.3,66.9,61.4,62.3,62.8,57.6,57.9,False,False,True,False
57.83,2,51.8,55.3,53.6,60.6,64.4,55.9,65.4,59.2,56.7,51.1,False,False,False,True
54.59,1,53.1,53.8,50.9,55.4,53.6,56.4,54.4,58.0,54.9,55.5,True,False,False,False
87.32,0,79.8,87.6,78.4,82.8,77.6,98.3,87.9,83.7,97.6,99.6,True,False,False,False
55.52,1,50.1,64.5,57.2,57.2,58.7,55.5,57.9,54.5,50.4,58.6,True,False,False,False
54.28,1,50.3,58.2,58.1,51.7,53.3,58.7,50.8,56.4,53.2,52.2,True,False,False,False
68.04,3,66.5,75.0,64.5,72.1,73.3,65.4,62.1,64.8,77.4,62.3,False,False,False,True
85.28,0,82.2,80.6,95.1,70.3,64.4,87.8,90.8,94.2,82.7,94.8,True,False,False,False
85.39,0,79.8,97.5,79.4,91.6,80.2,96.5,84.5,79.7,64.7,64.5,False,False,True,False
83.57,0,93.5,85.0,82.5,94.5,72.4,83.3,85.1,78.9,64.7,76.2,False,False,True,False
60.53,2,64.4,57.4,56.6,55.4,63.1,68.7,66.8,62.9,54.0,53.5,False,False,False,False
55.25,1,53.8,57.4,64.5,55.6,52.8,64.6,64.5,56.5,58.3,54.0,False,False,False,True
82.71,0,89.3,70.2,90.7,64.3,78.1,76.7,83.6,90.8,80.4,64.5,False,False,False,True
54.02,1,52.7,55.7,64.5,50.8,50.5,57.5,58.0,52.3,64.7,53.0,False,True,False,False
86.97,0,76.4,83.4,95.6,83.2,99.0,85.9,76.6,83.0,89.0,97.5,False,True,False,False
64.39,3,74.9,64.5,69.6,62.1,64.1,62.2,60.8,65.3,75.4,68.2,False,False,False,False
54.51,1,57.7,52.2,51.5,58.0,58.5,50.9,54.4,52.9,57.1,51.8,False,False,False,False
54.47,1,58.1,51.5,54.4,51.8,56.9,52.0,57.7,54.4,64.7,54.8,False,False,False,False
59.95,2,62.5,59.9,68.0,54.5,59.9,50.5,60.4,68.8,51.2,63.8,False,False,False,False
70.72,3,69.1,77.7,69.2,62.6,72.4,75.6,63.4,67.0,76.8,73.4,False,False,False,False
67.09,3,75.4,68.5,66.5,66.3,61.1,61.2,72.3,69.0,67.2,63.4,False,False,False,False
90.04,0,91.7,86.4,64.5,97.3,86.5,84.1,89.9,85.6,64.7,99.1,False,False,True,False
68.37,3,60.6,74.5,72.9,77.3,61.2,71.2,72.7,64.8,70.9,60.2,False,False,True,False
54.36,1,64.4,64.5,52.1,51.4,64.4,51.6,64.5,51.1,53.4,58.7,True,False,False,False
85.7,0,87.7,85.9,91.5,82.7,73.3,79.6,83.5,95.7,91.2,64.5,False,False,False,True
57.62,2,64.8,54.3,60.9,63.4,55.9,59.7,57.3,51.4,52.1,56.4,True,False,False,False
59.6,2,60.5,62.5,50.4,61.6,54.2,54.8,65.0,59.9,62.1,64.5,False,True,False,False
70.51,3,63.5,73.0,73.0,73.4,75.3,61.1,77.2,68.6,66.5,73.4,False,False,False,False
55.94,1,52.0,54.9,56.8,56.2,58.7,54.7,56.9,54.6,57.5,56.9,False,False,False,False
60.36,2,64.4,56.8,68.1,56.4,65.7,68.7,53.8,51.5,56.9,57.2,False,True,False,False
83.18,0,87.8,95.3,88.2,88.8,72.3,85.1,90.8,70.9,77.1,64.5,False,False,False,False
54.41,1,55.5,56.8,58.6,54.8,64.4,59.0,51.9,50.6,54.4,50.5,True,False,False,False
58.12,2,52.4,62.1,66.7,61.9,64.4,52.7,58.5,51.0,53.1,65.4,False,False,False,False
69.4,3,63.0,61.9,63.0,71.6,64.4,78.5,77.0,68.4,71.9,73.3,False,False,False,True
54.68,1,50.2,58.4,58.5,51.2,55.0,55.1,53.8,57.8,56.2,50.7,False,False,True,False
71.94,3,63.3,64.5,77.3,70.8,71.3,69.8,64.5,76.9,71.8,78.0,False,False,True,False
71.13,3,70.5,64.5,78.8,61.4,69.4,64.1,69.2,77.1,76.5,67.9,False,False,False,False
58.77,2,50.5,55.3,50.4,68.1,67.7,54.9,64.5,63.4,59.8,54.3,False,False,False,False
69.5,3,60.5,73.0,68.2,60.2,73.9,74.4,73.3,74.1,72.9,64.5,False,False,False,True
66.64,3,68.4,62.5,63.3,63.8,61.1,62.9,77.8,74.3,60.8,71.5,False,False,True,False
54.63,1,50.5,58.5,53.2,58.0,58.9,51.3,52.5,53.9,55.5,53.9,True,False,False,False
80.75,0,86.6,73.2,80.1,79.1,76.9,80.6,90.5,89.9,75.8,74.9,False,True,False,False
54.1,1,57.7,56.5,51.9,55.3,51.0,55.1,52.6,54.8,51.9,54.2,False,False,False,True
69.71,3,68.6,64.4,66.9,63.0,64.4,64.6,75.1,75.8,73.5,62.2,False,True,False,False
64.39,2,64.4,58.1,56.9,51.0,51.3,57.4,62.3,58.1,68.0,59.9,True,False,False,False
77.89,0,90.3,64.5,71.1,74.2,87.4,70.5,70.0,74.3,77.0,76.7,False,False,True,False
70.1,3,65.7,73.1,78.2,77.2,65.7,61.7,66.6,76.0,75.9,61.0,False,False,True,False
57.4,2,60.1,68.7,53.2,62.2,64.4,52.2,57.9,64.8,52.3,60.1,False,True,False,False
56.03,1,54.7,55.9,56.5,58.0,55.7,50.9,57.7,64.8,55.0,57.4,False,False,False,True
56.98,1,58.9,58.5,58.0,57.8,64.4,58.6,57.0,50.7,55.4,58.5,False,False,False,False
56.1,1,64.4,57.8,64.5,56.0,58.4,64.6,55.0,52.5,56.0,54.8,False,True,False,False
84.51,0,92.5,76.3,97.7,75.2,73.5,94.3,88.7,73.9,94.1,78.9,False,False,True,False
56.01,1,64.4,57.7,52.1,57.0,58.7,54.8,64.5,53.5,57.6,53.4,False,False,False,True
53.07,1,53.9,51.0,54.0,52.0,54.1,53.7,57.6,50.8,53.2,50.5,False,False,False,True
54.3,1,54.5,64.5,52.2,64.3,57.0,50.6,50.0,58.0,55.5,53.8,False,True,False,False
67.42,3,67.0,60.1,67.9,74.6,71.6,61.0,66.7,77.2,66.7,61.4,False,True,False,False
64.39,3,71.4,74.5,76.5,61.0,64.4,67.6,76.2,71.1,75.7,72.1,False,False,False,False
71.61,3,64.4,65.1,72.0,78.0,76.5,77.7,73.4,61.7,68.7,78.6,False,True,False,False
71.15,3,78.1,70.3,78.1,67.6,78.8,66.1,68.2,68.1,64.7,61.6,True,False,False,False
71.92,3,72.1,71.0,72.3,77.0,61.5,77.9,73.2,75.4,61.5,77.5,False,False,False,False
64.39,0,95.5,73.0,78.3,94.8,82.4,81.9,73.6,92.3,93.0,75.1,False,False,True,False
54.25,1,53.6,56.1,53.4,57.4,54.5,55.9,50.3,51.5,53.4,56.5,False,False,False,False
85.19,0,73.7,96.7,96.3,76.1,86.1,95.3,86.0,76.2,71.3,94.1,True,False,False,False
56.12,1,55.8,56.4,53.0,58.6,58.7,59.0,57.2,56.3,53.3,52.9,False,True,False,False
70.61,3,64.4,69.3,67.7,66.4,67.7,61.2,64.5,77.2,74.5,68.7,False,False,True,False
71.86,3,64.4,75.2,69.9,64.3,67.2,78.1,64.5,71.5,60.5,76.3,False,False,False,True
83.5,0,89.1,79.5,92.8,86.2,78.3,79.2,86.8,82.7,86.1,74.3,False,True,False,False
84.19,0,99.6,85.1,71.5,64.3,77.6,78.0,77.3,95.1,64.7,80.4,False,False,False,False
53.59,1,56.7,57.1,50.2,64.3,64.4,51.3,53.6,64.8,51.9,52.4,False,False,False,False
88.52,0,84.4,85.8,78.5,94.3,93.1,96.3,89.0,94.1,80.2,89.6,False,False,True,False
72.48,3,63.6,78.8,70.0,72.8,76.0,71.0,75.2,77.8,76.1,63.4,True,False,False,False
71.02,3,64.4,73.9,76.5,65.7,64.4,64.6,62.1,77.0,63.8,74.5,False,False,True,False
70.1,3,67.0,64.0,68.7,77.0,64.4,69.3,62.2,78.9,66.6,71.7,False,True,False,False
57.24,2,64.4,57.8,50.5,62.2,60.6,64.6,51.4,64.8,66.5,51.4,False,False,False,False
64.39,1,54.7,53.8,64.5,53.9,51.4,51.6,54.0,58.0,50.7,53.4,False,False,False,False
70.28,3,66.1,76.6,78.6,67.9,68.8,60.1,70.6,78.9,60.1,75.2,False,False,False,True
68.34,3,73.4,69.0,66.1,75.7,60.7,68.2,73.9,66.4,62.9,67.1,True,False,False,False
71.64,3,72.8,78.1,72.8,72.5,67.2,74.8,68.0,78.0,69.2,62.9,False,False,False,True
82.93,0,83.7,74.4,84.4,71.9,91.9,73.6,86.9,76.1,87.5,98.8,True,False,False,False
62.53,2,60.7,57.3,66.3,60.1,64.6,62.1,58.6,66.9,66.2,62.4,False,False,False,True
52.23,1,57.9,51.2,64.5,50.7,55.1,51.7,52.4,50.6,50.7,50.3,False,False,False,True
58.93,2,58.7,56.4,52.9,64.3,52.2,64.6,61.4,58.3,63.7,56.7,False,True,False,False
88.27,0,97.5,64.5,86.3,83.4,90.4,97.3,73.1,91.6,84.2,96.7,False,False,False,True
64.39,2,66.2,60.0,59.8,59.1,57.2,67.3,62.2,54.1,51.2,66.8,False,False,False,True
72.56,3,76.8,63.3,70.2,78.0,67.4,75.7,69.0,70.6,76.8,64.5,False,False,True,False
71.85,3,63.5,77.6,66.9,74.8,74.2,69.9,64.5,77.8,74.4,68.1,True,False,False,False
68.01,3,67.9,68.7,61.8,75.3,63.5,68.3,66.6,62.5,73.5,72.0,True,False,False,False
54.92,1,54.5,52.2,57.9,55.7,53.2,57.9,51.2,52.5,58.8,55.3,False,True,False,False
67.12,3,76.7,65.8,68.5,61.3,71.2,60.4,60.7,68.9,74.3,63.3,False,False,False,False
59.35,2,56.0,50.6,50.5,66.1,63.5,57.5,63.9,63.3,58.4,63.8,False,False,True,False
55.6,1,51.9,58.0,54.5,55.6,54.9,54.3,57.7,58.7,53.1,57.2,False,True,False,False
54.26,1,51.9,51.7,58.5,54.7,54.7,54.6,53.8,53.1,50.8,64.5,True,False,False,False
54.02,1,54.6,53.1,64.5,54.2,64.4,54.1,53.3,53.8,53.1,53.6,False,False,True,False
58.35,2,53.8,61.9,64.5,68.7,52.0,51.4,65.9,50.8,61.9,62.7,False,False,True,False
64.39,3,66.1,72.2,68.2,75.0,62.7,67.0,73.1,63.4,74.8,67.5,False,False,True,False
54.6,1,58.6,53.0,64.5,55.1,58.7,51.2,54.7,51.0,50.4,54.6,True,False,False,False
68.97,3,68.3,71.3,62.4,63.3,72.8,77.8,75.7,71.0,64.7,65.8,False,True,False,False
69.48,3,73.2,65.2,64.5,61.9,72.6,73.5,64.5,61.9,64.7,73.2,False,False,False,True
81.69,0,72.9,82.5,64.5,79.6,85.0,91.3,72.8,70.2,83.3,81.4,False,False,False,True
53.91,1,54.1,51.1,64.5,52.1,56.0,50.0,52.3,56.1,52.0,56.6,False,False,False,True
54.09,1,58.7,51.5,55.5,51.5,55.4,54.3,52.5,51.7,64.7,55.8,False,False,False,True
62.59,2,63.6,59.0,64.3,55.7,66.6,65.4,61.2,54.8,67.3,68.0,False,False,False,True
83.43,0,77.2,93.4,85.5,75.1,95.8,87.2,71.0,78.1,86.3,64.5,False,False,False,False
69.7,3,78.5,65.3,64.7,76.5,71.5,60.3,77.0,69.2,60.7,73.4,True,False,False,False
84.15,0,77.8,96.8,83.0,73.0,79.7,85.8,80.5,85.0,84.3,95.5,False,False,False,False
85.19,0,98.8,64.5,89.9,90.1,77.2,94.3,70.4,72.6,87.7,92.7,False,True,False,False
63.68,2,63.0,68.1,53.2,64.3,57.5,68.9,68.0,68.5,67.3,57.7,False,False,False,True
70.45,3,64.4,71.4,78.4,75.9,73.4,78.0,68.8,62.5,67.2,66.1,False,False,True,False
53.51,1,57.8,51.4,50.6,51.0,50.7,58.0,56.3,64.8,54.7,50.2,False,False,False,True
54.22,1,51.9,51.4,53.5,53.1,64.4,56.5,51.0,54.9,54.2,58.0,False,True,False,False
61.22,2,68.7,53.7,64.6,56.5,60.5,68.1,65.6,61.6,58.5,54.5,True,False,False,False
59.91,2,64.4,64.5,51.3,67.0,61.9,67.4,64.5,50.6,61.3,65.2,False,False,False,True
61.18,2,50.2,64.4,51.7,68.5,62.7,60.1,65.1,58.2,67.1,63.9,False,False,False,True
64.39,1,55.0,53.9,53.2,50.1,55.4,58.8,53.0,53.9,57.3,52.0,False,False,True,False
54.24,1,53.6,57.5,50.3,52.2,54.4,53.8,52.2,57.0,54.8,56.5,False,True,False,False
58.75,2,60.2,62.4,52.1,59.3,60.5,54.2,64.5,66.5,54.3,64.8,False,False,False,True
53.82,1,56.3,56.9,50.6,50.3,50.8,56.6,54.1,53.2,57.4,64.5,False,False,True,False
83.43,0,93.1,70.9,87.1,88.3,82.0,64.6,76.4,78.9,92.4,82.3,True,False,False,False
60.27,2,61.1,59.6,68.1,64.1,60.6,53.2,60.6,60.8,52.1,62.5,False,True,False,False
72.81,3,76.4,60.1,77.3,67.7,72.8,63.0,75.3,78.8,78.4,78.4,True,False,False,False
54.77,1,56.7,50.9,58.4,56.8,52.3,53.0,52.2,64.8,56.4,54.4,False,False,False,True
53.47,1,50.1,51.0,53.1,51.3,64.4,54.8,54.4,53.6,51.5,56.4,False,False,True,False
71.58,3,75.4,76.5,64.0,67.9,64.4,77.0,73.4,71.1,73.3,62.8,False,False,False,False
58.65,2,62.3,55.6,58.4,53.5,58.4,65.8,53.6,53.9,60.3,64.5,False,False,True,False
55.53,1,64.4,54.8,58.5,54.6,55.5,54.9,54.2,50.8,56.2,64.5,False,True,False,False
72.17,3,67.8,78.6,69.2,60.6,75.8,73.2,76.5,74.1,76.3,69.6,False,False,False,True
71.69,3,76.6,70.2,74.2,71.2,62.6,69.4,79.0,70.7,65.5,64.5,False,False,True,False
88.7,0,93.8,64.5,88.1,85.7,91.7,70.5,90.7,95.4,64.7,64.5,True,False,False,False
69.91,3,65.7,77.8,74.6,71.9,66.4,62.8,73.9,72.3,63.1,70.7,True,False,False,False
68.78,3,64.0,67.9,71.7,72.1,69.2,60.8,76.2,68.9,63.5,73.3,False,True,False,False
54.56,1,55.2,52.6,54.9,52.2,50.7,64.6,58.8,56.4,54.5,56.7,False,False,True,False
60.78,2,65.8,66.6,64.7,68.3,58.3,55.7,56.4,52.3,51.1,68.7,False,False,False,False
57.96,2,53.1,64.5,51.2,54.4,58.9,57.8,67.2,59.9,59.5,64.3,True,False,False,False
64.39,0,82.2,93.7,99.7,64.3,79.9,70.8,75.8,82.8,84.2,64.5,False,False,True,False
64.39,0,85.6,84.3,72.2,80.3,98.9,88.7,98.0,83.2,83.9,64.5,False,False,False,False
55.05,1,57.2,56.4,50.5,54.5,57.7,54.8,57.0,58.8,50.4,53.1,False,False,True,False
53.97,1,56.1,52.1,56.4,58.1,54.8,51.7,52.9,54.7,52.0,51.0,True,False,False,False
67.67,3,64.4,71.8,61.4,73.4,64.4,65.0,63.2,72.3,67.9,63.6,False,False,True,False
68.25,3,74.7,78.3,72.8,66.8,60.2,65.2,76.0,61.4,65.4,61.7,False,False,True,False
73.11,3,77.5,77.2,64.5,68.5,76.0,78.0,64.5,77.9,64.7,77.6,False,True,False,False
84.6,0,90.7,78.2,76.7,87.9,89.8,99.7,71.4,71.2,64.7,88.0,True,False,False,False
53.61,1,55.6,53.4,53.9,58.8,50.6,55.2,50.2,51.2,52.4,54.7,True,False,False,False
61.01,2,57.0,61.4,67.4,59.6,61.5,56.8,64.5,55.1,58.2,66.0,False,True,False,False
84.48,0,97.8,86.9,74.2,90.9,88.6,82.6,94.1,76.8,71.2,64.5,False,True,False,False
64.39,3,66.9,64.2,62.8,78.9,68.9,61.0,65.4,68.7,78.5,68.7,False,False,False,True
88.2,0,83.4,88.9,98.9,64.3,70.4,94.4,79.1,94.2,93.0,64.5,False,False,False,True
53.72,1,56.6,54.9,57.4,50.5,56.0,51.5,50.3,64.8,52.2,53.6,False,False,False,True
61.86,2,59.9,51.1,58.6,66.8,64.2,64.6,65.2,60.0,55.4,68.5,False,False,True,False
56.52,2,50.2,60.5,53.8,64.3,56.5,64.4,53.2,64.8,53.4,54.6,True,False,False,False
55.62,1,54.0,56.2,52.9,57.6,54.1,58.3,58.9,58.1,52.6,53.5,True,False,False,False
69.24,3,64.4,78.1,61.2,61.1,76.7,63.9,64.6,66.7,66.0,64.5,False,False,False,False
53.89,1,58.8,59.0,52.5,52.7,55.5,64.6,51.8,56.9,50.3,51.0,False,False,False,False
54.1,1,56.9,54.2,58.0,50.3,58.6,64.6,50.4,50.4,53.0,58.7,False,False,True,False
58.46,2,50.7,55.8,60.8,55.3,51.7,65.5,67.7,64.8,55.6,64.5,False,False,True,False
60.57,2,58.8,53.0,61.0,63.4,65.1,53.7,66.2,67.6,53.8,62.9,True,False,False,False
64.39,2,58.8,64.5,59.4,59.9,64.4,64.2,61.7,51.2,64.7,67.1,False,False,False,True
84.26,0,77.1,95.4,76.5,87.2,96.0,100.0,72.0,86.0,81.5,70.9,False,False,True,False
61.45,2,67.6,60.9,67.9,59.6,61.6,53.0,66.5,59.8,61.9,55.7,True,False,False,False
64.39,0,94.1,90.2,72.1,71.5,86.4,90.0,97.4,83.6,76.7,64.5,False,False,False,True
55.17,1,57.2,51.1,56.2,57.7,56.1,53.2,54.6,56.4,51.7,57.6,False,True,False,False
63.15,2,68.6,64.5,63.6,59.8,59.4,67.9,55.0,59.2,67.3,61.8,False,False,False,False
60.37,2,59.3,50.9,63.3,68.3,56.0,58.6,66.7,68.0,58.2,54.4,False,True,False,False
83.26,0,72.5,89.0,85.2,93.5,89.4,74.7,89.5,75.6,73.6,64.5,False,True,False,False
69.23,3,66.9,76.3,67.7,66.9,72.5,65.8,65.3,67.0,68.7,64.5,False,True,False,False
70.27,3,71.5,61.1,72.0,63.5,73.2,74.2,64.5,74.0,73.2,64.5,False,False,True,False
58.91,2,55.1,60.6,63.8,51.4,54.0,54.3,62.4,64.0,55.7,67.8,True,False,False,False
60.37,2,53.0,62.3,64.5,65.8,65.4,68.2,65.4,57.1,57.6,58.6,True,False,False,False
60.19,2,61.3,51.9,65.5,54.0,60.8,55.8,64.3,68.8,55.8,63.7,False,False,True,False
59.88,2,64.4,62.6,64.5,64.3,63.7,64.8,55.1,59.4,53.9,64.5,False,True,False,False
54.88,1,52.5,52.0,55.3,54.4,54.1,64.6,57.1,64.8,54.6,54.7,False,False,False,True
59.84,2,67.2,63.3,68.0,55.8,55.0,64.6,52.4,52.3,64.2,60.0,False,False,False,True
86.04,0,64.4,84.1,83.2,64.3,88.9,87.5,82.9,96.8,78.9,91.3,False,False,False,True
70.23,3,75.5,73.5,72.9,66.5,63.7,64.6,75.1,74.1,74.5,60.3,False,False,False,True
87.52,0,95.1,82.4,64.5,82.6,73.1,95.0,81.2,64.8,81.2,92.3,False,False,True,False
57.61,2,50.3,51.9,59.2,55.3,60.7,64.6,51.4,63.4,63.9,63.3,False,True,False,False
83.55,0,73.7,73.5,96.3,83.2,77.4,87.3,64.5,86.1,96.5,91.2,True,False,False,False
53.69,1,51.3,53.8,55.4,51.4,51.5,55.7,54.7,55.9,54.2,52.9,False,True,False,False
67.86,3,62.8,64.5,64.5,67.1,71.1,72.7,63.4,66.8,69.2,65.6,False,True,False,False
59.18,2,51.4,64.5,64.5,63.3,51.3,68.7,53.7,53.7,58.7,59.6,False,False,False,True
54.46,1,52.5,54.8,57.4,64.3,53.9,51.4,64.5,54.3,57.1,55.7,False,True,False,False
69.49,3,65.8,64.5,63.0,75.0,65.1,69.5,69.6,60.4,64.7,78.6,True,False,False,False
70.56,3,71.0,64.4,67.7,76.2,64.4,72.3,68.4,75.8,61.1,78.0,False,False,True,False
69.89,3,76.0,71.8,78.0,75.7,72.0,61.5,66.3,64.8,61.6,62.0,False,True,False,False
56.42,2,57.0,50.6,56.9,56.8,56.3,56.5,66.4,53.8,64.7,51.8,False,False,False,False
54.31,1,51.1,53.1,52.1,55.8,53.4,58.3,53.8,52.3,54.6,58.7,False,True,False,False
53.45,1,50.7,52.6,50.5,57.4,50.2,53.2,55.9,54.8,56.7,64.5,True,False,False,False
55.47,1,54.4,57.2,56.2,53.5,64.4,57.6,64.5,57.8,52.6,55.4,False,False,True,False
86.7,0,97.6,88.1,75.5,81.6,77.3,85.4,98.0,74.1,93.9,95.6,True,False,False,False
80.7,0,71.2,79.7,75.8,76.9,74.3,70.8,78.9,89.9,94.7,94.8,False,True,False,False
59.41,2,54.5,61.4,64.7,53.7,62.0,57.9,56.1,64.8,55.2,65.8,False,False,False,True
59.3,2,63.1,57.9,65.3,63.6,54.1,53.7,61.7,65.7,51.4,56.4,False,False,False,True
68.94,3,76.6,66.9,64.8,65.9,66.4,67.7,69.5,73.6,64.8,73.3,True,False,False,False
55.52,1,50.8,58.6,56.3,53.2,53.1,58.2,64.5,53.8,57.6,55.3,False,True,False,False
70.65,3,76.6,71.3,63.7,73.1,68.2,74.5,67.9,75.9,73.1,62.3,False,False,False,False
55.91,1,58.8,57.7,57.8,51.9,52.9,57.9,52.7,57.8,53.5,58.2,False,True,False,False
71.93,3,64.4,68.2,67.8,73.4,75.2,61.5,73.4,73.3,78.1,74.9,True,False,False,False
87.77,0,95.9,83.6,84.6,91.0,97.3,82.7,91.5,85.8,82.5,82.7,True,False,False,False
55.12,1,55.1,55.8,57.3,64.3,50.6,53.7,58.9,50.4,57.0,55.2,False,False,False,False
56.16,1,55.3,58.4,58.5,58.6,52.8,57.0,56.3,53.9,53.9,56.9,False,False,False,True
70.18,3,60.7,77.3,61.2,78.8,73.0,66.1,73.9,65.0,69.8,76.0,False,True,False,False
64.39,2,52.6,64.9,66.5,51.3,56.2,59.3,55.7,62.3,64.7,67.3,False,True,False,False
70.24,3,70.4,71.2,61.4,77.8,64.0,68.2,76.5,64.3,73.9,74.6,False,False,False,True
69.16,3,72.6,76.4,71.2,61.5,61.7,75.1,69.2,66.7,62.2,64.5,True,False,False,False
55.52,2,56.9,54.9,64.5,55.7,56.8,53.5,66.7,50.7,53.4,50.5,False,False,True,False
84.33,0,80.0,83.9,83.9,91.0,80.0,93.6,64.5,89.4,73.2,91.4,False,False,False,True
70.44,3,60.9,75.1,67.5,75.6,61.7,73.3,76.3,76.1,77.3,60.6,True,False,False,False
69.29,3,74.6,71.9,72.0,61.7,78.1,65.6,64.0,66.3,69.6,68.9,False,False,True,False
71.15,3,77.1,77.5,66.3,69.8,71.1,67.5,74.9,76.4,64.4,64.5,False,True,False,False
53.15,1,64.4,50.1,50.4,54.7,52.0,53.8,64.5,50.0,53.7,53.8,False,False,True,False
54.8,1,56.4,50.7,55.0,56.8,52.9,64.6,64.5,55.9,64.7,51.0,False,True,False,False
59.45,2,62.3,68.2,58.8,57.4,68.3,53.9,50.4,62.2,54.7,58.3,False,True,False,False
60.33,2,68.7,52.1,60.6,64.9,64.4,56.1,60.8,66.1,66.5,56.4,True,False,False,False
67.78,3,68.4,65.3,67.3,66.9,69.7,67.4,74.2,64.5,60.9,73.4,True,False,False,False
54.97,1,58.8,52.9,55.5,64.3,55.4,58.2,51.1,64.8,64.7,56.5,False,True,False,False
87.21,0,64.4,89.6,83.1,92.9,71.0,64.6,86.3,84.0,97.1,64.5,False,False,False,True
71.3,3,77.6,62.9,69.4,60.0,75.1,74.9,71.8,70.4,77.8,73.0,False,True,False,False
58.24,2,50.2,54.7,61.4,68.6,53.4,59.4,51.2,68.4,64.6,50.4,True,False,False,False
85.96,0,96.4,97.6,86.4,91.8,87.0,78.8,78.2,76.7,89.6,77.1,False,False,False,False
60.97,2,68.7,62.9,51.6,63.3,67.3,50.3,65.5,63.6,58.5,58.1,True,False,False,False
86.64,0,88.2,78.8,98.4,87.3,82.4,64.6,84.6,73.6,93.0,84.7,False,False,False,True
67.88,3,64.4,67.8,60.7,61.4,64.4,75.2,68.9,67.8,61.9,75.0,False,False,True,False
59.23,2,58.7,63.2,58.6,53.6,52.0,66.2,65.8,53.1,68.5,52.5,True,False,False,False
64.39,3,67.4,64.5,73.4,65.9,67.9,64.6,67.9,61.9,66.8,71.4,True,False,False,False
54.87,1,53.6,52.4,54.3,64.3,57.4,64.6,58.9,56.3,51.8,51.5,False,False,False,True
69.3,3,61.1,69.4,68.7,70.6,61.8,63.6,64.5,76.2,69.8,79.0,True,False,False,False
54.05,1,52.4,53.4,58.4,50.2,53.4,53.5,53.4,54.8,59.0,52.1,False,False,False,False
61.85,2,65.3,62.8,62.9,67.8,60.4,62.5,54.1,60.4,61.5,60.8,True,False,False,False
69.53,3,75.7,74.1,77.0,69.7,64.4,64.6,76.5,68.4,61.1,72.4,True,False,False,False
84.15,0,96.7,85.1,97.1,74.0,71.8,99.4,83.0,84.1,74.7,75.5,False,False,True,False
59.19,2,51.4,52.6,68.2,66.9,62.3,50.9,64.1,64.8,59.1,62.4,True,False,False,False
70.38,3,77.1,66.2,69.0,70.4,68.2,76.9,66.4,62.0,73.1,74.4,False,False,False,True
70.09,3,73.7,69.8,65.3,76.9,62.1,66.6,71.4,68.8,73.4,73.0,False,False,True,False
72.43,3,67.8,75.8,65.4,66.8,75.3,64.6,69.6,77.6,78.5,73.7,True,False,False,False
54.51,1,53.6,58.3,51.5,51.0,58.8,56.0,51.5,52.1,53.8,58.6,False,False,False,False
64.39,2,53.5,50.1,68.7,64.3,53.8,56.7,54.0,50.2,59.7,64.5,False,False,False,True
59.84,2,64.4,58.6,64.5,53.6,64.0,63.2,56.3,64.8,54.5,60.9,False,False,False,True
64.39,3,68.2,73.0,67.0,77.3,77.4,73.0,60.9,64.2,67.0,64.5,True,False,False,False
83.75,0,76.9,96.0,90.5,78.7,92.7,88.6,75.1,87.2,64.7,81.0,False,False,False,False
54.74,1,56.7,57.4,54.5,51.2,50.1,56.3,56.2,50.7,58.9,55.6,False,False,True,False
64.39,3,71.2,68.6,78.7,69.8,62.4,75.5,60.2,67.8,70.4,62.1,False,False,False,True
55.71,1,58.5,54.1,50.5,57.9,64.4,64.6,56.4,54.7,57.1,56.5,False,False,True,False
55.07,1,64.4,54.3,58.1,53.4,56.0,64.6,55.7,58.9,52.3,52.6,False,True,False,False
70.11,3,70.2,78.0,72.1,63.5,65.8,72.6,78.0,69.1,68.8,64.5,False,False,False,True
90.02,0,98.2,91.9,92.7,78.9,86.7,93.3,96.1,90.6,81.7,89.9,True,False,False,False
64.39,2,53.2,68.9,51.8,64.3,63.6,59.6,51.2,60.0,63.5,61.1,True,False,False,False
56.74,2,54.5,50.8,54.0,61.3,61.2,61.6,50.2,65.2,50.2,58.3,False,False,False,False
72.65,3,77.8,76.8,77.0,73.0,69.9,78.6,72.4,60.3,69.2,64.5,True,False,False,False
85.77,0,73.9,82.4,77.2,77.6,86.6,64.6,98.8,64.8,89.6,64.5,True,False,False,False
60.59,2,65.4,64.5,54.1,60.6,64.4,64.4,66.7,67.0,64.0,53.6,True,False,False,False
72.77,3,64.4,77.7,71.6,77.6,74.0,66.7,70.5,76.2,77.5,69.8,False,False,False,True
53.59,1,50.8,50.1,50.5,52.5,51.6,56.0,64.5,56.5,56.3,53.7,True,False,False,False
64.39,3,61.5,72.2,65.8,72.0,60.5,70.9,77.2,61.2,77.4,64.5,False,False,False,False
57.64,2,67.5,54.3,64.5,66.4,53.9,55.4,53.3,65.6,52.3,52.8,False,True,False,False
60.49,2,67.8,64.5,67.6,54.7,66.8,57.7,67.0,64.8,53.6,54.1,True,False,False,False
57.51,2,50.0,66.0,57.8,55.3,65.7,55.3,64.5,57.7,52.9,57.7,True,False,False,False
61.66,2,66.0,64.5,57.0,68.3,61.3,58.7,65.9,64.8,55.1,62.2,False,False,False,True
58.29,2,58.9,59.1,59.8,58.3,62.9,58.2,54.9,58.1,64.7,52.7,False,False,False,False
57.86,2,62.2,63.4,56.9,57.9,64.8,54.5,50.2,52.1,59.4,57.1,False,False,False,False
83.45,0,77.3,81.0,86.1,83.3,89.0,72.4,88.8,72.5,90.4,93.7,False,False,True,False
86.37,0,82.7,64.5,84.1,78.7,96.5,76.3,93.8,90.1,85.8,92.6,False,False,False,False
90.34,0,100.0,64.5,84.7,97.9,83.8,99.0,76.3,64.8,90.8,94.3,False,False,True,False
55.07,1,55.7,54.4,52.2,54.6,58.2,55.4,56.4,53.9,64.7,57.5,False,False,False,True
60.26,2,64.4,60.7,68.1,51.8,63.6,60.0,66.7,57.4,64.7,52.2,True,False,False,False
87.37,0,93.2,98.2,88.8,70.7,95.5,72.4,85.8,95.2,94.3,79.6,False,True,False,False
64.39,1,56.4,58.4,50.8,52.5,50.9,54.1,64.5,51.4,64.7,57.6,True,False,False,False
57.74,2,51.4,51.9,59.3,67.8,55.0,61.9,53.4,55.5,68.7,52.4,False,False,False,False
54.4,1,58.8,53.4,56.5,56.2,50.6,51.1,57.4,56.6,64.7,50.6,False,False,True,False
63.19,2,68.5,64.5,64.5,66.7,64.0,58.3,64.4,64.2,58.8,67.4,False,False,False,False
55.45,1,57.3,54.1,50.5,54.8,55.3,57.3,57.3,64.8,53.5,56.3,False,False,True,False
85.5,0,82.1,71.9,96.7,83.2,81.4,94.0,91.2,72.8,89.4,64.5,True,False,False,False
84.83,0,82.7,64.5,88.7,64.3,81.6,91.3,77.1,77.1,93.8,83.6,False,False,True,False
55.82,1,58.4,56.1,58.9,50.5,56.7,55.6,53.4,57.8,58.8,51.9,False,False,False,False
63.89,2,64.4,63.3,66.5,60.5,65.4,60.6,64.5,68.6,67.5,61.0,False,False,False,False
64.39,1,56.4,54.1,64.5,50.3,51.5,53.8,57.2,52.3,64.7,57.6,False,False,False,False
69.73,3,66.3,61.7,68.5,69.5,76.8,64.6,64.5,68.0,74.2,74.0,False,False,True,False
58.69,2,68.7,54.0,52.6,55.8,54.5,54.8,65.7,55.8,64.7,60.4,True,False,False,False
71.41,3,60.3,74.8,67.4,77.3,72.0,78.6,64.5,78.2,68.3,67.8,False,True,False,False
84.22,0,64.4,96.9,76.6,82.2,86.3,74.7,76.8,77.3,96.4,79.6,False,False,False,True
84.67,0,81.0,73.0,92.6,83.8,87.7,86.3,88.1,91.0,77.9,64.5,True,False,False,False
71.02,3,75.5,67.9,64.5,64.3,63.4,76.9,64.5,64.8,69.2,78.0,False,True,False,False
67.87,3,67.4,67.9,69.5,63.5,70.7,70.7,61.8,74.5,63.8,68.7,False,True,False,False
56.45,1,55.7,55.9,57.5,57.9,53.9,56.4,64.5,58.9,58.9,50.4,False,False,False,True
66.63,3,60.3,60.2,61.3,75.2,76.4,64.2,72.1,64.7,60.4,64.5,False,False,False,False
85.44,0,90.1,77.2,88.3,85.6,85.7,64.6,99.0,89.7,86.2,75.7,False,False,False,True
64.39,3,64.7,69.8,70.8,68.9,61.4,61.0,63.8,64.5,76.1,73.9,True,False,False,False
60.82,2,57.0,50.5,64.5,61.0,63.4,65.5,67.8,67.6,61.1,52.2,False,False,False,True
86.26,0,75.4,78.6,83.8,96.4,92.2,95.8,70.1,77.6,94.6,98.1,False,True,False,False
57.24,2,59.8,65.1,56.5,52.3,53.7,64.6,63.2,56.5,52.0,60.5,True,False,False,False
54.82,1,55.3,58.5,56.7,58.8,51.9,51.3,52.0,54.6,53.8,55.3,False,False,True,False
58.33,2,57.1,54.4,60.8,61.1,64.4,64.6,57.0,52.3,57.0,64.5,True,False,False,False
54.99,1,52.7,57.8,55.5,58.9,52.0,54.5,52.0,58.6,55.8,52.1,True,False,False,False
55.53,1,56.7,54.4,53.7,57.6,50.7,52.2,58.2,56.3,57.9,57.7,True,False,False,False
57.98,2,51.9,50.1,57.4,54.7,62.6,66.9,52.7,67.7,65.7,50.1,True,False,False,False
54.44,1,64.4,59.0,56.7,64.3,50.3,56.4,53.1,50.8,58.6,54.6,True,False,False,False
55.24,1,53.6,64.5,50.5,57.0,50.3,56.4,58.4,56.1,52.9,58.6,False,False,False,True
70.77,3,64.7,77.7,64.5,76.1,77.6,67.0,63.8,64.8,64.3,76.5,False,True,False,False
69.69,3,69.3,72.5,70.2,63.3,78.5,72.8,66.4,66.2,72.3,65.5,True,False,False,False
60.43,2,64.4,54.3,57.4,51.1,64.5,57.4,68.0,60.3,67.3,66.8,False,False,True,False
57.51,2,50.8,64.5,64.5,59.3,52.1,68.0,50.5,58.1,58.8,55.3,False,True,False,False
59.45,2,52.7,56.0,53.0,55.4,63.7,68.9,62.9,68.2,58.4,55.2,False,False,True,False
66.14,3,64.4,64.0,64.1,70.3,62.0,64.7,63.6,61.3,71.7,71.3,False,False,False,True
60.26,2,58.1,56.3,64.5,61.5,58.9,57.7,51.7,66.9,68.3,54.5,False,False,False,True
71.0,3,70.1,67.1,63.0,70.7,71.2,73.2,74.2,74.0,69.7,76.5,False,False,False,False
54.49,1,53.0,50.5,56.3,64.3,55.5,57.7,54.1,51.3,58.7,53.6,False,False,True,False
55.22,1,53.9,54.3,55.8,52.6,56.6,55.7,55.7,55.2,57.7,54.6,True,False,False,False
53.73,1,64.4,50.0,64.5,53.4,52.6,53.6,51.3,58.3,55.4,54.4,False,True,False,False
82.46,0,80.0,92.5,82.1,70.5,64.4,70.4,70.4,92.7,88.2,90.4,False,True,False,False
59.0,2,57.5,50.1,54.5,67.6,64.6,50.2,65.1,55.3,68.2,57.0,False,False,False,True
54.06,1,56.7,57.8,64.5,53.2,51.4,54.7,54.2,57.0,50.7,53.6,False,False,False,False
59.41,2,56.0,61.9,51.2,65.6,67.1,52.9,61.4,68.3,54.8,64.5,False,False,True,False
64.39,0,71.1,71.8,74.1,98.4,77.3,99.1,75.4,64.8,99.1,83.2,False,False,True,False
88.02,0,64.4,99.3,85.4,98.6,77.3,96.9,95.7,84.9,71.3,83.5,False,False,False,True
60.92,2,67.5,52.7,63.4,52.4,56.9,66.5,67.1,55.4,64.5,62.8,True,False,False,False
70.84,3,72.1,72.5,68.2,78.7,64.4,65.4,64.5,61.2,74.2,64.8,False,False,True,False
68.91,3,70.8,66.5,65.2,61.7,74.0,69.4,78.3,64.5,70.2,68.4,False,False,False,True
54.59,1,53.4,56.1,55.2,51.0,64.4,56.8,56.8,52.1,54.3,55.2,False,False,True,False
60.54,2,64.4,60.0,55.2,68.7,55.1,56.2,55.2,65.2,66.8,59.9,False,False,True,False
83.93,0,86.1,76.1,88.6,64.3,64.4,96.3,74.7,95.3,89.2,81.4,True,False,False,False
88.08,0,97.5,64.5,84.5,89.7,88.5,73.5,86.3,95.7,96.8,88.1,True,False,False,False
79.92,0,90.7,79.6,74.6,71.4,75.8,72.7,64.5,89.4,88.5,74.2,True,False,False,False
59.69,2,62.4,61.4,52.0,53.6,60.2,58.5,59.4,64.8,66.8,53.6,True,False,False,False
53.78,1,55.4,54.7,53.5,51.7,50.6,57.1,51.8,51.4,64.7,54.4,False,False,True,False
91.0,0,86.7,96.3,88.0,94.4,92.2,97.6,93.1,96.4,64.7,77.7,False,False,False,False
54.73,1,51.3,55.1,53.6,55.2,51.4,56.6,58.7,64.8,56.0,58.2,False,False,True,False
69.41,3,70.2,70.5,68.1,76.5,67.6,70.3,78.7,66.1,61.7,64.3,False,False,False,False
56.53,2,53.8,58.1,57.6,50.4,64.3,65.7,51.6,50.9,64.7,57.4,True,False,False,False
58.5,2,64.4,62.0,65.9,58.0,59.9,64.6,53.2,53.0,50.3,54.8,False,False,False,False
68.7,3,65.4,73.1,64.5,62.4,68.3,66.8,70.7,78.5,70.7,63.0,False,False,True,False
54.19,1,53.6,52.5,50.9,54.3,50.5,56.1,53.0,55.6,58.4,64.5,True,False,False,False
54.16,1,55.5,50.4,57.1,55.2,59.0,57.5,52.5,50.5,53.4,50.5,False,True,False,False
64.39,2,56.6,55.8,58.4,52.8,60.4,57.1,51.0,66.5,68.3,64.9,False,False,False,True
83.01,0,89.7,91.9,78.7,73.6,71.4,72.8,91.0,94.0,91.1,76.0,True,False,False,False
71.02,3,65.5,71.0,75.4,64.3,67.2,77.0,71.7,71.7,68.0,71.7,False,False,False,False
87.72,0,64.4,80.7,96.5,91.1,86.6,64.6,80.9,87.8,84.8,74.5,False,False,True,False
64.39,3,64.8,69.7,72.0,66.5,69.3,71.2,71.1,74.2,63.5,61.2,True,False,False,False
58.18,2,50.6,68.7,52.2,57.6,62.0,54.4,64.5,64.8,54.9,65.6,False,True,False,False
64.39,1,54.4,58.7,53.1,53.5,50.9,54.8,64.5,52.2,57.9,58.6,False,False,False,True
83.43,0,74.4,91.8,71.3,83.7,95.6,86.5,96.2,74.1,82.8,78.0,False,False,False,False
53.6,1,54.1,51.3,50.2,57.0,51.4,54.8,54.4,54.4,55.3,53.1,False,False,False,True
55.72,1,53.7,55.9,56.7,56.9,55.2,57.9,55.3,56.4,51.8,57.4,False,False,False,False
70.85,3,69.4,66.4,77.7,68.0,78.6,63.1,61.4,73.8,75.0,75.1,False,False,False,False
69.45,3,78.9,67.1,68.5,67.5,66.6,66.9,68.7,75.3,66.6,64.5,False,False,False,False
70.84,3,73.1,70.7,72.3,77.2,61.5,72.9,64.7,70.8,78.6,66.6,False,True,False,False
88.99,0,79.6,92.5,86.0,64.3,93.9,99.8,92.3,64.8,97.0,76.5,True,False,False,False
67.9,3,67.4,78.1,65.7,60.8,76.7,61.7,67.9,63.0,64.7,72.8,False,False,False,False
82.22,0,73.9,64.5,75.4,91.9,77.0,83.1,81.8,94.4,84.0,87.1,False,False,False,False
55.07,1,64.4,54.5,57.5,56.0,51.0,57.6,53.2,52.7,57.3,58.9,False,True,False,False
54.51,1,56.5,53.5,55.9,54.6,57.4,54.0,52.7,52.5,53.5,54.4,False,False,True,False
59.57,2,63.4,67.1,64.5,52.8,65.4,52.8,55.0,52.3,66.7,62.9,True,False,False,False
57.98,2,51.4,62.5,54.7,63.8,61.3,64.6,67.9,53.1,52.0,61.1,False,False,False,True
59.46,2,56.9,64.2,60.5,68.0,52.6,65.5,53.2,61.1,58.7,53.9,False,False,False,True
87.79,0,79.9,87.9,92.3,92.9,96.9,74.8,93.6,98.3,87.8,73.6,False,False,False,True
55.85,1,57.6,58.9,52.3,57.8,53.4,55.9,64.5,52.5,54.7,56.7,False,False,False,True
54.53,1,57.1,64.5,52.5,53.1,52.7,57.0,54.2,57.1,50.3,64.5,False,False,False,True
89.84,0,90.7,88.6,95.2,82.5,89.8,71.1,88.6,97.2,95.4,99.3,True,False,False,False
71.82,3,72.6,76.6,71.3,72.7,72.8,60.8,73.7,64.9,74.8,78.0,False,False,True,False
57.75,2,59.6,66.8,54.1,65.2,56.0,54.0,50.7,58.6,58.5,54.0,False,False,False,True
63.13,2,59.9,64.5,65.0,61.3,58.8,65.0,67.7,67.4,62.6,64.5,False,False,False,True
64.39,1,56.6,51.9,54.2,52.2,51.9,52.6,64.5,56.5,50.4,58.8,False,True,False,False
54.44,1,51.2,58.3,58.7,50.9,57.0,58.1,54.4,50.8,53.3,51.6,False,False,False,False
67.65,3,73.1,78.2,65.4,65.6,64.4,62.0,68.9,70.9,64.7,63.8,False,False,False,True
87.84,0,87.8,87.1,95.5,74.8,94.4,83.3,76.3,87.9,91.4,100.0,False,False,False,True
69.72,3,60.4,70.5,64.2,66.3,62.0,69.6,72.8,77.5,75.2,78.8,False,False,False,False
64.39,0,78.8,64.5,94.6,97.4,94.7,89.4,73.6,71.3,76.3,93.3,False,False,True,False
54.5,1,55.4,50.1,50.3,57.7,64.4,54.9,57.4,56.5,58.9,51.6,True,False,False,False
69.95,3,63.1,68.4,76.4,73.4,73.7,75.5,64.5,64.8,71.3,60.3,False,False,False,False
70.22,3,65.0,76.2,71.1,77.0,63.7,64.6,64.5,66.3,71.5,69.3,True,False,False,False
58.69,2,66.7,53.0,64.9,50.4,66.2,63.3,51.2,55.6,64.7,59.6,True,False,False,False
70.06,3,64.4,64.5,71.4,64.3,78.3,76.9,61.4,68.2,76.7,75.8,False,False,True,False
54.99,1,52.4,54.9,55.4,53.4,56.3,55.2,56.3,64.8,52.8,55.5,False,False,True,False
71.74,3,64.4,78.6,72.7,60.2,73.7,72.6,69.1,68.4,77.4,71.6,False,True,False,False
54.83,1,58.4,53.3,50.2,56.6,56.6,55.9,56.2,64.8,54.5,53.2,True,False,False,False
85.86,0,82.2,94.2,73.8,97.5,92.1,84.4,73.2,97.0,92.4,71.8,False,True,False,False
67.79,3,67.7,64.2,72.7,62.4,65.2,65.5,66.9,69.2,78.9,65.2,True,False,False,False
56.06,2,66.4,50.2,62.4,51.6,53.8,52.5,62.0,53.8,64.7,57.8,False,False,False,False
70.97,3,63.7,64.5,72.8,67.0,62.2,64.6,67.1,64.8,78.6,69.8,False,False,True,False
85.4,0,71.0,85.5,98.4,85.1,97.3,88.5,71.1,82.2,64.7,87.5,False,False,False,True
72.04,3,68.9,73.3,75.9,67.8,78.5,68.6,64.7,76.1,69.8,76.8,False,False,False,False
84.12,0,64.4,76.8,82.3,86.1,87.0,83.1,79.5,93.5,79.2,97.1,False,True,False,False
53.65,1,57.9,53.4,55.1,52.1,50.6,64.6,50.6,52.7,56.3,52.1,False,False,False,True
59.19,2,63.8,62.8,52.3,64.3,59.3,68.6,62.1,65.0,54.9,52.6,False,False,False,False
54.42,1,50.7,51.4,52.1,56.3,57.7,54.8,58.1,51.7,53.5,58.0,False,True,False,False
67.47,3,64.4,60.4,78.3,64.5,76.6,62.3,66.5,74.8,68.7,62.3,False,True,False,False
69.42,3,66.0,64.9,69.7,64.8,64.4,74.4,72.3,77.0,73.8,60.5,False,True,False,False
71.39,3,71.1,65.3,76.7,66.1,69.1,77.0,67.9,74.6,75.9,70.2,False,False,False,False
64.39,3,61.1,60.4,64.5,64.3,69.2,66.5,67.6,64.8,67.6,76.1,True,False,False,False
60.2,2,55.2,64.5,64.5,64.3,56.9,59.0,59.1,63.8,68.8,64.5,False,False,False,False
88.14,0,90.1,70.6,76.8,98.3,88.3,95.8,91.5,90.6,97.1,82.4,True,False,False,False
55.16,1,55.4,51.7,54.9,55.6,58.4,64.6,58.6,53.9,55.7,51.6,False,False,False,True
54.39,1,51.6,64.5,55.5,55.9,52.8,58.2,53.8,57.7,51.7,51.5,True,False,False,False
53.06,1,57.2,51.5,64.5,50.4,51.3,53.9,58.7,50.6,51.3,53.3,False,False,False,True
69.49,3,63.3,61.0,64.0,64.3,71.8,75.2,73.0,73.1,62.1,73.8,False,False,False,False
55.27,1,53.2,56.7,53.9,57.5,52.1,64.6,64.5,58.5,53.9,57.9,True,False,False,False
62.92,2,64.8,61.8,61.2,65.6,63.2,65.4,67.8,60.2,67.1,52.2,False,False,True,False
84.54,0,98.7,95.1,64.5,64.3,86.2,81.2,82.9,94.2,64.7,73.8,True,False,False,False
67.26,3,68.7,65.5,62.4,73.3,74.7,70.5,61.8,62.9,60.2,72.6,False,False,False,False
64.39,0,70.7,71.3,86.2,97.5,85.8,81.7,76.2,71.2,76.5,96.9,True,False,False,False
58.09,2,54.4,50.3,64.5,50.0,59.0,68.5,55.7,56.4,66.0,58.2,False,False,True,False
54.64,1,52.3,57.6,58.8,51.8,54.2,53.9,55.3,54.0,64.7,50.5,True,False,False,False
67.87,3,60.4,60.0,62.8,69.2,72.5,76.5,61.6,77.7,72.5,64.5,False,False,False,True
67.55,3,75.9,60.2,62.2,75.1,64.4,68.8,64.5,73.9,64.7,64.8,True,False,False,False
64.39,2,56.0,67.8,59.1,57.8,64.4,60.0,58.1,52.0,65.1,57.4,False,False,True,False
55.73,1,64.4,64.5,56.1,58.1,56.3,50.6,54.2,57.8,50.8,58.0,False,False,False,False
54.59,1,57.3,56.5,54.9,64.3,54.3,51.5,55.5,50.6,58.7,50.4,False,False,False,False
59.77,2,57.1,66.9,61.9,57.6,57.3,63.3,66.1,52.4,54.1,61.0,True,False,False,False
54.02,1,55.4,56.0,64.5,50.9,57.8,50.4,64.5,54.8,52.0,52.1,True,False,False,False
70.44,3,74.1,64.5,68.7,70.4,66.4,69.6,72.3,65.1,75.7,69.0,False,False,False,True
55.84,1,55.6,58.5,53.9,64.3,52.6,55.5,64.5,55.8,56.9,56.8,False,False,False,True
69.15,3,65.1,64.5,64.5,76.5,60.4,71.4,75.3,70.5,67.2,61.6,True,False,False,False
64.39,1,53.0,56.5,53.1,54.2,56.9,58.4,55.0,64.8,50.7,55.0,False,False,False,True
67.58,3,62.3,62.1,64.3,70.8,63.9,70.1,60.1,74.5,74.1,73.7,False,False,False,False
69.07,3,70.2,67.4,64.5,65.3,65.1,70.7,68.6,76.7,68.2,64.5,True,False,False,False
86.59,0,87.1,64.5,76.9,88.5,84.3,70.0,95.2,86.3,88.3,98.0,False,False,False,False
58.63,2,63.4,53.0,62.3,64.3,54.0,62.3,61.3,61.3,52.1,60.1,False,True,False,False
87.55,0,70.7,79.9,95.3,71.4,91.2,98.8,93.7,90.1,64.7,64.5,False,False,False,False
84.1,0,83.6,80.3,83.7,95.7,73.8,64.6,99.6,64.8,85.1,89.7,True,False,False,False
67.62,3,64.4,64.5,61.1,71.0,76.5,61.3,75.6,75.2,62.0,63.6,False,True,False,False
54.66,1,55.0,53.8,64.5,51.2,56.4,58.0,56.9,57.4,53.8,50.0,True,False,False,False
64.7,2,64.0,56.6,66.8,64.3,62.8,63.4,63.3,64.8,68.1,68.9,False,True,False,False
55.17,1,64.4,52.8,58.7,55.1,64.4,55.4,54.7,56.2,57.0,56.9,False,False,False,False
68.59,3,64.7,77.0,68.4,68.4,68.3,64.6,60.2,77.6,64.1,73.5,False,False,True,False
54.37,1,54.7,51.4,55.3,58.5,53.5,58.1,57.2,52.3,50.5,52.2,False,False,True,False
65.96,3,66.4,67.0,64.5,61.1,66.8,76.1,64.2,66.9,64.7,64.5,False,True,False,False
64.39,2,52.6,66.9,67.8,51.8,67.2,63.4,55.8,68.9,64.7,59.1,False,False,False,False
53.99,1,57.8,50.4,64.5,51.8,55.6,50.9,51.0,56.0,53.8,55.7,False,False,False,True
82.17,0,80.8,71.5,73.1,83.4,93.4,78.3,76.2,92.8,85.8,86.4,True,False,False,False
58.77,2,64.4,58.8,50.6,50.7,54.3,66.5,67.6,57.0,64.7,58.8,False,True,False,False
58.88,2,52.7,54.9,60.6,58.8,59.6,58.1,60.6,66.6,65.2,51.7,False,False,True,False
64.39,3,76.5,61.3,73.2,77.9,77.9,75.0,64.5,66.7,78.4,68.6,False,True,False,False
83.66,0,72.6,64.5,94.2,88.3,96.4,93.3,83.9,73.9,64.7,84.7,False,False,True,False
54.08,1,64.4,54.9,64.5,50.4,54.7,50.0,54.5,54.7,52.4,64.5,False,True,False,False
55.24,1,54.4,64.5,55.3,57.8,57.9,52.2,55.0,58.2,53.2,55.8,True,False,False,False
53.98,1,55.7,54.3,55.3,57.3,55.1,53.3,53.4,52.6,52.3,50.6,True,False,False,False
70.18,3,74.6,61.1,75.6,75.6,67.0,66.3,73.4,68.9,64.7,65.4,True,False,False,False
56.39,1,56.3,52.9,52.8,56.4,55.7,64.6,57.7,58.9,58.4,57.3,False,False,True,False
89.23,0,64.4,90.0,99.0,87.1,85.1,94.7,81.1,93.3,88.6,98.2,True,False,False,False
54.23,1,52.7,55.2,64.5,58.5,51.7,56.9,51.1,54.5,50.2,55.5,False,False,True,False
84.02,0,78.3,91.2,79.0,64.3,90.0,83.7,73.3,74.6,92.6,98.2,False,False,False,True
83.01,0,89.3,90.8,76.5,71.5,80.7,80.3,72.9,93.6,88.7,85.8,False,False,True,False
68.64,3,65.4,75.0,65.1,62.1,69.8,72.6,78.1,73.8,61.3,63.2,True,False,False,False
58.27,2,51.8,52.3,65.2,62.3,64.4,60.8,67.6,59.5,50.5,52.9,False,False,True,False
86.47,0,70.8,70.0,94.2,99.7,93.5,96.6,86.0,76.2,93.9,83.7,False,False,False,False
54.48,1,64.4,64.5,56.4,56.1,58.6,50.3,54.0,51.0,51.0,52.7,False,False,False,False
70.79,3,74.7,69.0,64.5,65.2,70.9,66.6,64.5,78.1,74.7,72.0,True,False,False,False
64.39,1,57.4,58.0,64.5,58.8,53.5,50.1,54.9,56.4,58.4,58.5,False,False,False,True
85.16,0,98.8,85.3,76.2,64.3,75.0,78.9,99.7,70.6,80.3,96.7,False,False,False,False
60.03,2,60.7,60.0,60.8,50.6,61.2,55.5,65.8,60.2,65.8,59.5,False,False,False,False
84.71,0,79.6,64.5,96.8,90.6,87.1,78.9,78.9,98.9,71.2,81.8,False,False,False,False
54.74,1,56.6,64.5,64.5,50.2,54.3,56.5,50.8,54.5,56.3,64.5,False,False,True,False
55.57,1,57.2,54.1,64.5,53.1,57.3,58.9,51.6,56.3,52.7,58.2,False,False,False,True
70.93,3,62.2,71.3,74.2,74.2,73.4,69.2,64.4,72.0,71.0,77.5,False,False,False,True
64.39,0,90.8,89.2,64.5,94.5,78.4,83.4,76.3,71.3,96.2,64.5,False,False,False,False
63.94,2,60.6,55.6,58.6,67.9,65.7,68.8,64.7,67.1,61.8,68.6,False,False,True,False
57.46,2,57.5,64.5,61.0,61.5,51.7,64.6,52.8,58.7,51.2,55.3,True,False,False,False
54.74,1,57.3,54.3,64.5,50.5,56.3,59.0,52.2,56.5,51.5,54.2,False,False,False,False
64.39,0,78.6,74.0,71.1,91.7,81.5,92.1,96.5,64.8,96.9,95.3,False,False,True,False
54.74,1,51.2,53.3,53.5,64.3,55.7,56.3,52.2,53.6,58.2,64.5,True,False,False,False
54.85,1,53.7,51.2,53.1,58.8,53.0,58.2,50.6,56.9,56.5,56.5,False,False,True,False
81.79,0,91.0,64.5,97.7,97.6,77.0,71.8,80.4,64.8,70.9,89.5,False,False,False,False
64.39,0,90.4,93.4,91.0,64.3,64.4,88.1,87.2,83.2,64.7,94.0,False,False,False,False
86.98,0,77.0,92.2,64.5,99.9,94.1,64.6,78.6,92.5,77.9,88.6,False,True,False,False
69.69,3,75.7,78.3,69.5,62.6,64.4,72.7,64.8,66.7,77.6,65.1,True,False,False,False
68.55,3,62.8,72.1,72.1,64.4,61.2,67.1,73.5,77.4,72.4,62.7,False,False,False,False
83.44,0,86.5,79.7,98.4,93.0,64.4,70.2,74.0,81.5,71.9,98.8,True,False,False,False
83.86,0,78.0,86.5,82.3,91.1,94.4,78.5,85.1,94.1,64.7,71.2,False,True,False,False
55.35,1,58.2,58.7,50.4,58.0,55.6,57.7,54.4,54.8,54.5,64.5,False,False,False,True
69.26,3,67.2,64.5,77.5,66.7,71.5,62.0,62.3,74.2,68.3,67.8,False,True,False,False
64.39,1,52.2,52.6,64.5,51.2,57.6,55.6,54.7,55.5,57.7,51.0,False,False,False,False
70.28,3,72.6,65.6,76.7,70.2,77.9,65.8,64.5,66.3,64.7,71.5,True,False,False,False
68.37,3,64.5,72.2,78.8,73.4,73.1,68.3,63.4,60.3,64.7,64.6,False,False,False,True
69.2,3,61.5,77.9,75.4,61.9,64.4,69.3,61.7,78.1,64.7,60.9,False,False,False,False
83.96,0,64.4,82.4,79.7,94.5,79.4,88.9,64.5,73.3,79.8,85.5,False,True,False,False
59.72,2,52.5,51.9,61.2,66.0,59.3,63.1,67.9,61.3,50.1,64.0,False,False,False,False
85.6,0,64.4,74.6,64.5,72.2,99.2,88.1,83.4,91.1,93.0,87.2,False,True,False,False
69.43,3,66.4,61.4,70.9,62.2,64.4,65.1,66.8,76.1,76.9,76.5,False,False,True,False
54.56,1,53.1,58.7,53.3,56.9,64.4,64.6,64.5,52.3,55.8,52.4,False,False,True,False
53.42,1,64.4,58.5,52.4,64.3,50.3,51.4,50.2,53.2,50.9,53.2,False,False,False,False
64.39,3,70.0,64.1,64.5,64.3,72.1,67.0,62.7,70.6,71.2,76.1,False,False,False,True
61.06,2,62.1,64.5,66.8,60.9,66.9,57.1,67.7,62.4,50.3,62.6,False,True,False,False
53.05,1,52.5,55.8,54.1,51.0,50.4,52.7,52.7,52.8,51.4,57.0,False,True,False,False
64.39,1,58.8,52.0,53.7,53.0,53.6,51.2,52.3,57.9,56.6,55.6,False,False,False,False
64.39,2,61.0,56.0,54.3,60.0,56.6,66.3,65.8,52.8,64.7,62.7,True,False,False,False
59.1,2,67.1,55.7,58.9,64.3,61.2,56.5,57.2,64.8,65.1,63.7,False,False,False,True
52.92,1,51.6,52.4,64.5,54.6,50.9,54.7,54.6,50.9,53.6,51.4,False,True,False,False
63.36,2,65.0,62.1,58.1,64.3,64.4,66.0,62.5,59.6,57.0,67.9,False,True,False,False
82.78,0,71.4,76.8,96.9,73.3,89.4,76.1,97.7,80.6,95.3,70.2,False,False,False,True
56.04,1,55.6,58.6,53.6,58.9,52.6,55.7,58.5,53.3,55.7,57.8,True,False,False,False
84.67,0,80.2,91.5,71.1,64.3,94.9,81.1,64.5,87.0,85.0,64.5,False,False,False,False
59.29,2,64.4,57.8,65.5,52.7,62.8,60.2,64.5,58.5,65.4,54.6,False,False,True,False
82.83,0,84.8,82.8,73.4,77.5,95.8,78.2,87.1,78.5,81.1,89.2,False,True,False,False
68.83,3,65.4,61.6,77.0,61.2,64.4,61.5,78.8,64.8,65.9,76.8,False,False,False,False
59.02,2,57.1,63.8,64.5,57.7,51.9,67.5,60.6,61.3,50.6,61.3,True,False,False,False
58.37,2,56.3,60.2,65.8,53.5,51.9,50.4,53.4,65.4,60.6,66.1,False,True,False,False
53.63,1,50.7,64.5,64.5,64.3,50.3,55.5,51.2,64.8,54.8,55.3,False,False,False,False
60.6,2,64.8,61.5,68.9,63.7,54.8,55.9,60.4,56.5,64.7,67.6,False,True,False,False
64.39,3,60.7,67.4,68.7,70.9,64.2,66.3,64.6,73.4,74.0,64.5,False,False,False,True
54.2,1,52.3,55.1,56.1,53.2,57.9,52.3,53.3,55.1,55.8,50.8,False,False,True,False
58.21,2,55.0,58.5,61.8,60.0,59.6,59.2,61.4,64.8,57.8,57.0,False,False,False,True
58.43,2,58.5,68.2,65.3,51.5,52.0,57.2,64.7,50.7,61.6,54.5,False,False,False,True
54.36,1,50.2,53.8,52.8,55.8,52.6,59.0,56.1,58.6,53.1,51.7,True,False,False,False
59.25,2,62.5,60.7,64.5,67.3,61.8,51.4,64.5,62.0,62.2,64.5,False,False,True,False
64.39,0,98.3,72.3,77.4,64.3,85.4,74.0,64.5,89.7,64.7,83.7,False,True,False,False
64.39,3,78.8,77.9,73.8,61.4,67.8,68.4,71.9,73.5,64.3,77.3,False,False,False,False
69.75,3,64.4,64.5,78.8,70.2,64.4,73.7,65.6,70.0,70.2,64.5,False,False,False,False
67.06,3,60.6,77.8,65.0,71.8,61.6,66.6,71.1,64.8,60.9,71.2,True,False,False,False
61.27,2,66.7,59.5,61.7,60.2,62.3,59.1,64.5,62.1,65.3,51.6,False,False,False,True
55.0,1,56.7,57.6,55.3,58.4,50.0,56.9,50.3,57.2,57.2,50.4,True,False,False,False
67.48,3,73.6,62.0,78.8,65.3,64.4,69.4,63.9,74.5,60.4,65.6,False,True,False,False
53.53,1,50.3,51.3,50.0,58.5,57.5,54.6,55.8,56.2,50.2,50.9,False,True,False,False
57.35,2,51.6,66.2,64.5,63.3,51.3,59.1,68.4,50.8,60.2,50.3,False,False,True,False
84.48,0,96.8,71.4,91.2,81.5,84.9,74.2,70.4,91.0,85.1,98.3,False,False,False,False
53.96,1,50.9,57.4,53.0,64.3,56.8,55.6,55.4,54.6,51.5,50.9,False,False,False,True
69.55,3,74.1,73.8,78.6,74.6,66.3,63.4,77.5,61.3,65.6,60.4,False,False,True,False
70.33,3,77.5,73.4,71.2,72.9,61.2,71.6,60.9,64.8,66.2,73.6,False,False,False,False
58.13,2,67.3,55.7,58.8,58.6,50.7,60.7,61.2,53.9,59.0,55.5,True,False,False,False
64.39,2,54.8,59.8,64.5,54.9,65.1,61.6,65.9,59.9,65.4,58.7,True,False,False,False
70.5,3,67.3,77.9,69.4,74.3,62.2,75.5,64.6,60.5,77.8,75.5,False,False,True,False
54.95,1,57.7,55.7,54.5,53.6,53.9,55.5,55.6,50.3,64.7,64.5,False,False,True,False
68.49,3,69.3,70.1,76.6,67.1,70.9,61.0,64.5,63.0,73.9,71.2,False,False,False,False
58.77,2,64.4,61.5,55.9,56.4,58.1,64.6,53.9,59.2,61.1,63.5,False,True,False,False
87.18,0,64.4,83.1,86.7,98.7,76.5,80.2,95.8,94.9,99.6,73.1,False,False,False,False
57.76,2,57.7,67.5,51.3,55.1,61.1,53.1,64.5,59.1,55.9,64.5,False,False,True,False
85.15,0,84.5,92.2,71.3,81.7,94.3,84.9,97.5,73.4,96.4,75.4,True,False,False,False
55.3,1,51.0,58.4,54.3,64.3,52.5,58.6,57.7,54.0,55.1,64.5,True,False,False,False
68.58,3,71.5,77.6,64.5,77.0,61.7,72.0,73.7,60.5,60.6,67.9,True,False,False,False
55.89,2,51.9,60.4,54.0,64.3,51.4,64.6,63.7,51.9,52.2,53.6,True,False,False,False
66.88,3,78.8,63.2,61.6,64.3,71.2,61.5,66.8,65.8,66.3,65.4,False,False,False,True
54.69,1,53.1,56.8,54.4,58.7,57.6,56.2,53.7,50.5,53.9,52.1,True,False,False,False
83.27,0,84.9,77.2,88.3,82.0,81.0,99.9,76.9,85.4,85.0,72.0,False,False,False,True
83.89,0,92.1,93.3,95.7,76.3,79.7,72.2,73.4,86.9,83.7,85.7,False,False,False,False
80.87,0,73.0,73.5,70.9,99.2,86.5,78.0,77.2,64.8,79.8,79.1,False,True,False,False
80.56,0,80.5,82.1,71.9,72.9,94.4,76.8,73.9,96.3,81.4,75.5,False,False,False,True
61.61,2,62.9,57.4,64.5,57.0,57.2,69.0,62.3,66.4,62.1,64.6,False,False,True,False
69.51,3,70.3,65.5,64.5,72.3,69.3,64.2,64.5,74.6,77.4,65.3,False,False,True,False
60.25,2,62.0,54.5,65.9,59.4,54.5,67.7,60.2,64.0,55.9,58.2,False,False,False,False
56.05,1,64.4,58.1,58.0,53.9,50.1,56.6,57.6,57.2,55.6,56.8,True,False,False,False
55.39,1,56.3,58.9,53.3,52.3,57.3,52.2,57.8,50.1,57.8,58.0,False,True,False,False
60.9,2,56.0,66.0,53.4,66.8,53.0,66.0,66.4,64.8,62.6,61.1,False,True,False,False
66.23,3,72.8,64.5,68.4,70.5,63.6,62.0,68.2,62.8,65.2,64.0,False,False,False,True
59.35,2,64.4,51.4,60.7,58.8,55.1,62.0,55.2,53.7,67.8,61.2,False,False,False,True
54.36,1,51.5,57.2,57.4,50.7,55.8,51.1,57.4,54.3,58.1,50.2,False,False,False,True
55.11,1,64.4,64.5,53.9,57.1,52.0,50.1,55.3,55.8,56.0,58.3,False,False,False,False
64.39,1,58.3,53.5,53.5,52.4,50.6,54.9,58.8,53.0,55.4,55.5,True,False,False,False
87.22,0,80.4,99.7,81.8,70.8,92.0,64.6,64.5,90.6,80.9,88.9,False,False,False,False
85.49,0,86.0,73.4,85.7,81.8,83.3,70.7,86.7,95.7,96.8,94.7,False,False,True,False
63.04,2,68.2,68.0,62.3,68.2,66.5,56.7,64.3,50.7,65.6,60.0,False,False,True,False
62.76,2,65.9,63.7,62.3,64.5,53.4,60.4,66.3,64.8,61.6,64.7,True,False,False,False
86.34,0,73.1,70.2,99.6,96.1,78.8,89.9,90.1,98.5,92.9,74.2,False,False,False,True
54.33,1,54.2,54.6,58.7,64.3,52.6,58.8,53.8,51.6,51.9,64.5,True,False,False,False
72.63,3,78.0,64.9,64.5,78.0,75.8,78.4,76.6,63.0,77.5,70.3,False,False,True,False
61.35,2,62.3,62.3,62.5,67.5,66.2,61.5,64.0,50.5,58.3,58.4,False,False,False,False
85.42,0,89.0,94.9,78.0,86.9,91.0,81.3,70.2,79.2,91.2,64.5,True,False,False,False
53.77,1,55.1,51.4,50.3,53.8,51.1,51.5,56.4,50.7,58.9,58.4,True,False,False,False
69.59,3,66.5,64.8,76.5,76.5,65.0,76.3,60.5,77.0,64.7,60.2,True,False,False,False
88.6,0,70.1,72.5,93.3,96.0,81.5,96.1,90.6,96.5,96.5,92.9,False,False,False,False
53.91,1,52.1,50.2,52.9,54.7,52.9,64.6,57.2,64.8,56.2,54.0,True,False,False,False
84.02,0,82.4,87.0,79.2,89.5,86.4,98.4,87.1,64.8,76.2,71.4,False,False,True,False
58.03,2,50.8,66.7,65.2,57.3,51.4,68.6,57.9,51.5,56.3,54.7,True,False,False,False
55.53,1,57.7,54.3,57.6,56.5,52.6,51.5,58.6,56.1,54.2,56.3,False,False,False,True
64.39,2,52.1,60.4,64.5,63.0,56.2,51.7,68.5,57.5,50.9,50.9,False,False,False,False
60.16,2,61.2,67.6,57.9,51.6,56.1,52.2,64.5,64.8,68.5,66.6,False,True,False,False
66.82,3,60.5,66.5,65.1,69.1,61.1,60.7,64.7,78.0,69.9,72.6,False,False,False,True
70.97,3,70.3,75.8,75.3,75.8,71.7,64.6,69.1,70.0,60.5,71.5,True,False,False,False
67.93,3,66.5,63.9,63.8,68.4,60.3,68.3,77.4,71.3,73.0,66.3,False,False,True,False
64.39,2,55.9,65.6,58.4,50.4,68.0,50.4,58.9,54.6,65.2,66.1,False,False,False,False
64.39,3,78.0,67.8,77.9,67.8,78.2,66.3,78.6,66.7,62.1,65.6,False,False,False,True
88.88,0,64.4,90.9,93.4,64.3,86.7,91.4,76.4,97.9,89.3,97.8,True,False,False,False
53.54,1,50.4,52.1,50.3,58.3,54.8,54.3,52.0,64.8,55.3,51.8,True,False,False,False
61.59,2,51.2,60.5,61.2,58.1,61.3,68.6,65.1,62.9,58.4,68.6,False,False,False,False
84.12,0,74.6,93.3,64.5,86.5,81.6,96.5,82.0,74.9,83.1,98.3,False,False,False,False
53.78,1,58.9,52.5,64.5,58.3,52.7,50.2,52.3,52.1,57.4,50.4,False,True,False,False
64.39,2,64.6,55.9,65.4,57.9,56.9,61.1,66.1,60.2,56.7,51.9,False,False,True,False
62.04,2,66.2,67.6,51.9,64.3,62.7,68.8,58.9,62.2,57.9,64.5,False,False,True,False
86.55,0,88.3,64.5,88.6,64.3,86.9,73.7,85.5,76.6,64.7,64.5,False,False,True,False
56.72,1,57.5,58.3,56.9,59.0,56.7,56.0,58.1,56.6,52.3,55.7,False,False,False,True
55.06,1,53.9,51.8,55.4,51.6,53.8,59.0,56.6,53.0,58.5,64.5,True,False,False,False
86.95,0,90.9,92.7,98.5,95.7,72.7,80.3,71.7,94.3,85.1,87.5,False,True,False,False
55.67,1,64.4,58.3,55.1,58.2,55.7,52.6,58.6,56.8,53.4,53.0,True,False,False,False
91.72,0,84.8,83.3,97.5,98.5,96.7,99.4,64.5,82.9,64.7,82.6,False,False,False,False
86.68,0,81.7,73.4,91.8,80.4,94.8,97.8,97.4,97.6,77.8,74.2,False,False,False,True
54.88,1,53.0,56.1,53.9,53.4,52.3,64.6,53.7,56.3,57.3,53.9,False,False,False,False
55.03,1,58.6,52.0,52.3,55.2,56.0,55.4,52.6,57.8,53.1,57.4,False,False,False,False
58.65,2,58.8,56.5,51.8,61.1,67.3,53.3,64.9,56.2,58.3,58.4,False,False,False,True
61.26,2,67.1,64.0,68.2,61.6,54.8,61.7,57.5,64.8,58.0,58.6,False,True,False,False
57.49,2,57.1,58.9,50.6,50.6,57.2,61.9,67.6,64.8,61.3,56.6,True,False,False,False
55.21,1,53.2,57.8,52.4,54.6,53.0,57.3,58.0,54.3,55.7,64.5,False,True,False,False
70.41,3,69.6,65.7,73.3,76.3,72.7,69.8,75.3,64.0,72.8,64.5,False,False,False,False
53.92,1,57.1,56.9,54.0,50.9,51.1,54.6,54.0,53.9,50.1,56.8,True,False,False,False
61.18,2,64.4,51.9,51.5,67.0,64.8,65.2,64.5,58.7,64.7,66.0,True,False,False,False
70.66,3,70.7,72.5,66.9,63.7,68.7,71.9,61.7,75.0,76.4,79.0,False,True,False,False
81.86,0,80.0,73.1,87.4,64.3,71.1,95.0,87.0,83.1,79.9,75.3,True,False,False,False
64.39,1,58.6,53.7,58.8,58.9,58.4,51.5,51.4,52.2,55.1,52.8,False,False,False,False
52.95,1,64.4,50.7,51.6,52.3,50.9,53.1,51.9,50.1,57.6,54.1,False,True,False,False
70.31,3,70.4,76.0,72.5,63.7,64.4,62.7,60.6,73.4,77.9,67.1,True,False,False,False
88.06,0,77.1,97.2,93.6,88.4,93.3,88.2,75.1,91.3,85.8,90.6,False,True,False,False
71.2,3,78.9,64.9,69.2,73.6,64.4,66.5,64.5,61.2,78.2,76.1,False,True,False,False
64.39,1,50.1,50.5,55.9,58.1,51.5,52.8,58.9,64.8,57.3,50.0,True,False,False,False
64.39,1,51.5,52.4,57.5,56.6,58.9,53.5,58.1,55.3,57.3,50.2,False,True,False,False
56.49,2,55.6,56.1,54.9,54.7,51.9,62.6,61.7,57.2,56.0,54.1,False,False,True,False
68.07,3,67.6,71.0,63.5,71.2,70.1,74.9,69.1,61.8,62.6,68.9,False,False,False,False
69.49,3,73.1,64.5,73.3,72.9,71.6,68.7,73.3,64.8,63.3,64.8,False,False,False,False
80.4,0,71.9,98.9,92.5,75.5,71.0,85.1,73.1,73.1,81.0,82.1,False,False,False,False
83.95,0,81.6,78.6,64.5,95.1,81.1,85.3,87.8,64.8,80.7,97.0,False,False,True,False
64.39,3,61.2,60.5,73.6,76.3,76.5,78.8,74.2,62.5,64.7,64.5,False,False,False,True
87.79,0,64.4,78.4,92.3,98.4,91.6,79.6,64.5,94.6,91.6,73.7,False,False,True,False
61.86,2,58.4,66.9,50.7,64.3,58.0,66.9,67.9,63.2,60.7,57.0,False,True,False,False
60.3,2,63.8,58.5,56.3,64.3,64.4,68.1,51.6,62.5,57.2,60.7,False,True,False,False
62.0,2,60.2,56.4,68.1,67.4,62.3,63.9,68.7,55.3,57.4,60.4,False,False,False,False
84.91,0,85.2,76.8,73.9,77.5,71.9,85.0,85.7,99.6,94.5,99.0,False,True,False,False
64.39,1,57.6,50.7,54.8,58.1,54.7,55.8,54.4,54.1,55.6,58.8,False,False,False,True
57.4,2,55.1,50.2,68.9,53.6,64.9,52.1,57.4,52.9,67.6,51.4,True,False,False,False
86.73,0,77.1,87.6,78.0,98.5,92.2,92.6,94.4,99.8,64.7,71.1,False,False,True,False
64.39,3,70.0,70.9,64.8,70.8,66.2,78.6,75.6,69.3,64.7,64.5,False,False,False,False
58.48,2,64.8,61.7,65.2,64.3,53.9,59.6,51.1,58.3,54.3,61.0,True,False,False,False
69.18,3,78.2,64.5,67.3,67.4,63.4,64.6,64.8,63.6,67.7,76.5,False,True,False,False
85.46,0,98.3,83.9,88.8,81.5,84.7,77.3,83.4,86.5,73.9,96.3,False,False,True,False
56.49,1,55.6,58.1,54.3,64.3,64.4,56.9,55.3,54.0,58.9,57.6,False,True,False,False
60.76,2,52.6,53.8,68.1,56.2,62.6,67.9,53.6,58.7,66.1,67.9,False,False,False,False
64.39,2,63.5,53.1,53.2,51.1,68.6,61.4,64.1,68.9,54.1,56.4,True,False,False,False
85.82,0,99.5,64.5,97.2,91.5,74.7,86.4,70.1,89.8,74.1,75.3,False,False,False,False
60.29,2,68.2,66.5,62.2,55.4,64.4,50.4,64.2,64.8,61.4,58.7,False,False,False,True
53.54,1,54.1,57.9,52.1,51.3,64.4,52.4,51.0,53.7,55.4,51.5,False,True,False,False
54.41,1,51.9,53.2,51.3,54.1,56.1,54.5,57.6,53.8,58.8,52.8,False,False,False,False
80.27,0,74.8,78.1,64.5,82.6,91.8,86.8,82.3,76.1,75.6,79.9,False,False,True,False
60.62,2,64.4,54.7,53.4,54.8,67.4,62.3,56.1,64.8,59.5,64.5,False,False,True,False
64.39,0,97.4,74.2,99.5,94.3,70.6,98.2,79.2,74.1,86.5,71.5,True,False,False,False
54.61,1,64.4,55.6,54.7,51.5,56.1,51.2,57.6,50.8,58.3,53.7,False,False,False,True
69.34,3,76.0,75.2,67.2,64.6,76.7,64.6,76.0,68.2,60.0,64.7,False,False,False,True
87.16,0,83.4,91.4,78.6,97.9,70.2,87.7,93.9,93.9,77.2,97.3,False,False,False,False
60.28,2,57.4,61.5,57.3,68.9,61.0,57.2,68.7,58.9,61.3,50.6,False,False,True,False
70.09,3,74.5,64.5,64.5,73.5,66.3,67.7,61.3,73.3,72.3,69.0,False,False,True,False
69.0,3,62.6,74.5,63.2,73.0,70.5,64.6,67.8,68.6,78.4,60.7,False,False,False,True
64.39,2,64.0,59.1,65.1,56.2,51.7,68.2,60.6,68.3,64.7,55.9,False,False,False,True
86.33,0,89.9,83.4,88.8,74.8,89.9,78.8,98.1,97.2,72.3,89.9,False,False,False,False
61.03,2,66.2,52.5,62.0,62.2,56.9,62.2,56.9,67.4,55.3,68.8,False,True,False,False
89.59,0,82.8,64.5,89.2,83.8,79.8,64.6,64.5,77.5,92.9,98.6,False,False,False,True
64.39,2,67.1,55.1,59.8,68.6,66.1,64.6,67.5,65.9,54.0,57.5,False,False,False,False
71.09,3,64.4,75.0,76.2,74.0,62.3,74.0,63.6,71.1,75.3,63.8,False,False,True,False
69.22,3,65.6,64.5,64.5,71.6,70.7,76.9,70.3,66.1,76.9,60.0,False,False,False,True
64.39,3,75.3,77.0,68.8,67.1,65.8,73.0,69.2,75.5,76.6,62.8,False,True,False,False
67.7,3,65.9,74.8,65.1,60.7,60.8,65.2,73.5,69.6,74.6,66.7,False,False,False,False
64.39,0,77.3,80.6,76.3,64.3,95.2,75.2,99.4,77.9,77.6,80.4,True,False,False,False
64.39,1,56.0,53.0,53.4,57.8,51.3,51.4,57.0,58.9,64.7,50.0,False,False,False,False
56.93,1,64.4,54.4,64.5,57.4,58.4,58.9,57.5,57.8,57.1,56.8,False,False,True,False
83.4,0,92.6,79.7,79.9,98.0,78.6,84.3,72.2,82.0,77.5,89.2,False,False,False,True
54.52,1,51.1,57.3,58.6,64.3,55.3,56.7,52.0,55.9,50.3,52.4,False,False,False,True
86.96,0,95.4,96.7,93.0,90.9,87.8,64.6,64.5,89.3,90.1,73.0,True,False,False,False
82.52,0,76.1,88.9,93.4,70.9,82.8,86.3,87.5,64.8,76.3,91.9,False,False,False,False
68.34,3,70.4,63.9,68.9,76.5,69.2,64.2,70.5,63.9,68.4,67.5,True,False,False,False
86.32,0,86.9,99.8,64.5,96.0,64.4,78.3,89.5,64.8,73.3,64.5,True,False,False,False
67.82,3,64.1,64.5,63.0,76.4,66.1,64.6,75.2,67.2,61.0,71.1,False,True,False,False
58.54,2,57.4,51.5,51.9,68.5,55.3,57.1,63.3,52.5,65.2,62.6,False,False,False,True
54.18,1,55.7,52.9,51.1,52.8,58.3,64.6,50.2,55.0,56.6,53.4,False,False,False,True
58.84,2,61.0,67.7,57.1,51.7,57.8,56.8,63.2,52.8,57.8,62.5,False,False,True,False
64.39,0,74.0,94.8,70.9,92.5,95.5,79.7,79.3,64.8,95.0,94.2,True,False,False,False
85.45,0,96.7,81.7,88.2,90.0,79.3,74.5,90.0,82.3,97.5,74.4,True,False,False,False
64.39,3,60.3,76.3,78.0,69.3,68.9,60.3,73.9,62.0,77.5,70.0,False,False,False,True
87.41,0,79.9,90.4,64.5,82.9,95.0,70.9,95.2,93.8,64.7,75.3,False,False,True,False
72.32,3,65.8,77.8,77.8,63.1,69.3,76.0,77.4,73.9,77.4,64.7,False,True,False,False
70.99,3,64.2,64.5,71.4,71.0,70.3,73.7,70.8,66.1,76.3,72.4,False,True,False,False
64.39,1,54.2,50.1,50.7,51.8,54.2,58.2,58.0,50.5,57.1,58.2,False,True,False,False
66.0,3,67.0,63.1,73.2,64.0,64.4,60.2,60.4,61.1,63.6,73.5,True,False,False,False
70.47,3,68.6,73.7,62.0,66.4,66.5,76.6,74.5,68.1,71.8,76.5,False,False,False,True
53.37,1,52.4,56.3,51.1,58.0,53.7,51.9,55.1,50.0,52.8,52.4,False,False,True,False
68.89,3,70.7,66.4,74.2,61.7,64.4,60.7,66.1,67.7,71.6,77.7,False,False,True,False
86.58,0,82.4,95.1,87.4,81.7,89.4,74.2,92.0,86.4,77.5,99.7,True,False,False,False
53.07,1,50.6,50.4,53.3,64.3,56.0,64.6,50.4,53.7,55.8,53.2,False,False,True,False
64.39,3,64.4,64.5,64.5,64.3,67.8,61.8,65.5,60.0,73.0,64.5,True,False,False,False
68.03,3,60.2,68.0,72.2,63.1,69.5,72.8,72.6,63.9,61.0,77.1,True,False,False,False
81.74,0,92.2,79.9,64.5,90.0,70.5,79.4,81.0,88.1,93.8,70.2,False,False,False,True
84.64,0,85.3,72.0,74.9,64.3,77.5,90.9,94.2,94.1,94.5,64.5,False,True,False,False
54.46,1,52.7,64.5,59.0,57.5,52.0,50.8,57.1,52.5,55.7,55.7,False,False,False,True
70.1,3,66.2,61.8,64.5,70.0,78.1,64.6,75.2,78.0,71.9,63.0,False,False,False,False
55.89,2,55.6,64.2,64.5,61.7,55.6,51.0,56.1,52.5,50.3,53.3,False,False,False,True
84.5,0,64.4,80.1,93.3,90.3,73.0,99.0,96.5,70.6,88.4,76.6,True,False,False,False
83.65,0,64.4,74.7,77.0,71.9,71.5,96.4,97.6,79.0,83.7,86.3,False,False,True,False
85.07,0,72.7,80.2,96.5,73.7,86.2,93.6,82.5,74.1,64.7,91.8,False,True,False,False
54.32,1,54.8,55.7,54.9,55.6,58.9,53.8,53.3,52.2,51.6,52.4,False,False,True,False
54.87,1,51.8,58.7,50.9,57.9,58.0,55.1,58.2,64.8,64.7,64.5,False,False,False,True
58.04,2,64.4,59.5,57.8,51.5,53.4,50.3,62.3,59.5,67.3,64.5,False,False,False,False
67.31,3,60.4,65.3,60.9,69.3,63.6,77.6,70.1,65.5,64.7,62.0,False,True,False,False
67.78,3,65.4,68.3,64.0,63.1,61.6,77.2,74.0,60.9,64.7,67.0,False,True,False,False
68.18,3,74.7,61.5,77.9,60.7,65.1,70.2,68.8,64.8,64.2,67.0,True,False,False,False
70.76,3,75.1,74.9,61.9,71.8,72.6,61.7,75.1,69.3,67.3,78.0,True,False,False,False
61.37,2,61.9,67.3,57.7,64.3,68.2,64.3,59.2,51.5,64.7,51.8,False,False,False,False
54.54,1,64.4,54.1,52.4,58.7,50.8,55.8,55.8,56.2,64.7,53.7,False,False,False,True
68.7,3,61.4,76.8,64.3,61.4,69.0,70.9,75.4,66.5,78.4,62.9,False,False,True,False
60.08,2,62.4,58.2,66.6,50.2,64.4,51.4,65.6,65.5,67.8,53.4,True,False,False,False
83.76,0,87.7,87.1,78.8,71.4,93.5,73.3,86.1,92.9,85.1,81.5,False,False,False,False
64.39,3,78.9,65.2,64.1,66.5,63.5,77.8,63.4,70.6,71.1,65.3,False,False,False,True
83.29,0,88.2,74.7,85.5,71.3,89.1,86.6,78.3,83.8,75.6,99.8,False,False,False,True
53.41,1,52.3,51.8,51.7,53.2,55.5,52.6,58.8,50.0,50.6,57.6,False,False,False,True
83.09,0,79.2,80.7,80.0,81.8,83.5,85.4,64.5,74.6,90.9,87.6,False,False,False,False
54.99,1,50.9,55.2,51.3,57.8,56.7,57.4,50.1,55.0,58.5,57.2,True,False,False,False
86.21,0,83.6,79.7,77.5,71.9,98.0,83.7,92.2,91.1,92.1,92.4,False,False,False,True
54.0,1,64.4,64.5,57.7,51.3,51.2,55.6,50.7,56.1,64.7,51.3,True,False,False,False
64.39,2,62.4,64.5,64.1,52.0,66.4,52.0,63.1,67.3,64.9,51.8,False,True,False,False
72.33,3,74.6,68.2,78.7,76.2,71.0,70.0,71.1,61.0,73.7,78.7,False,False,True,False
68.12,3,64.4,76.6,71.6,64.3,69.2,74.3,64.5,76.8,62.5,61.9,False,False,False,True
60.32,2,63.1,64.5,53.6,54.0,68.6,64.6,60.9,64.0,64.7,56.1,True,False,False,False
85.62,0,76.3,99.7,73.4,77.0,96.1,89.1,99.3,92.8,72.0,80.6,False,True,False,False
64.39,0,70.2,81.2,82.2,70.4,75.5,71.7,72.6,79.9,64.7,77.2,False,False,False,True
64.39,0,96.2,78.9,73.1,88.4,87.7,98.9,94.8,64.8,90.9,89.2,False,False,False,False
54.45,1,58.7,53.7,50.2,52.0,53.8,56.7,51.6,56.9,64.7,53.0,False,True,False,False
70.09,3,76.3,76.2,66.3,64.1,60.7,71.0,76.1,68.5,66.5,75.2,False,True,False,False
72.74,3,77.2,74.0,75.2,72.8,71.7,74.9,69.9,63.6,73.8,74.4,False,False,False,False
59.89,2,63.8,57.0,63.1,55.3,50.6,66.3,61.1,68.6,52.3,60.7,True,False,False,False
89.12,0,92.0,98.1,95.9,90.6,82.0,97.6,76.6,78.8,87.5,92.1,False,False,False,False
69.09,3,65.3,77.5,64.5,71.5,75.8,64.1,65.9,62.3,72.0,76.0,False,False,False,True
71.49,3,73.8,77.1,74.6,61.1,74.0,64.6,75.5,75.7,64.7,70.8,True,False,False,False
55.21,1,57.6,54.4,57.2,58.7,58.1,52.4,51.9,56.6,54.5,50.7,False,False,False,True
64.39,2,65.7,60.9,63.3,64.3,52.6,64.6,64.5,62.8,64.7,51.0,True,False,False,False
64.39,1,64.4,51.2,53.8,50.6,56.1,52.8,55.1,55.0,64.7,51.3,True,False,False,False
68.87,3,62.2,74.9,75.0,65.0,62.6,67.9,74.6,64.8,71.1,67.3,False,True,False,False
54.93,1,55.4,52.4,56.4,57.2,56.2,51.4,57.9,58.5,51.1,52.9,True,False,False,False
71.31,3,62.8,64.5,73.2,76.1,69.8,74.3,75.5,67.6,64.7,64.5,True,False,False,False
62.53,2,65.6,64.5,62.0,53.4,63.3,59.9,67.8,65.8,62.9,57.2,False,True,False,False
58.05,2,61.0,55.5,57.2,65.2,50.1,53.9,52.4,64.6,68.5,52.1,False,True,False,False
69.92,3,63.6,64.0,62.8,61.1,73.0,72.8,78.5,75.3,77.0,71.0,False,False,True,False
70.07,3,67.8,66.0,70.9,64.4,77.2,77.9,76.7,61.1,63.1,75.6,False,False,True,False
54.22,1,56.0,54.5,51.9,52.7,53.0,52.2,55.9,56.1,58.4,51.3,False,False,True,False
55.23,1,55.8,64.5,58.6,58.8,55.7,55.6,58.8,50.1,54.1,52.3,False,False,False,False
71.96,3,70.7,73.4,74.4,64.3,63.9,78.0,71.4,64.1,76.0,72.4,False,False,False,False
83.26,0,93.2,82.3,79.1,97.5,80.0,81.0,71.9,76.8,87.9,82.9,False,True,False,False
64.39,1,57.3,57.0,58.2,50.4,57.7,52.6,55.7,56.7,64.7,52.0,True,False,False,False
61.79,2,51.2,65.8,54.6,66.7,62.5,54.0,64.5,68.9,67.1,68.5,False,True,False,False
60.33,2,64.8,63.0,59.9,66.2,64.4,66.4,57.9,61.6,61.1,51.1,False,False,False,True
71.71,3,63.6,69.8,74.4,65.9,76.4,78.1,69.3,78.5,77.7,63.4,True,False,False,False
83.63,0,73.8,64.5,72.2,95.5,78.1,74.5,96.2,92.5,73.8,97.7,False,False,False,False
64.39,2,65.6,58.2,62.1,56.8,60.0,59.5,61.9,56.3,50.9,57.7,False,False,False,True
53.63,1,54.2,51.2,64.5,52.4,52.7,52.4,58.9,53.4,51.8,53.7,True,False,False,False
68.13,3,68.0,62.4,68.2,64.0,74.8,64.6,67.4,68.4,63.0,74.7,True,False,False,False
70.43,3,72.6,60.9,74.3,66.1,74.2,76.3,60.5,73.0,64.7,75.7,True,False,False,False
58.1,2,67.4,64.5,57.9,52.9,68.7,50.7,62.2,53.7,59.8,55.9,False,True,False,False
54.91,1,54.7,64.5,53.8,55.4,57.2,50.2,56.5,50.5,58.7,55.3,False,True,False,False
71.92,3,68.2,75.5,68.8,78.0,64.4,74.8,75.5,76.8,64.7,66.7,False,True,False,False
89.86,0,64.4,75.1,97.4,97.9,84.1,64.6,98.2,96.4,85.7,83.6,True,False,False,False
53.71,1,57.5,64.5,53.4,55.6,51.1,52.4,52.0,57.7,57.4,50.0,True,False,False,False
61.64,2,55.6,63.5,65.0,69.0,60.7,61.6,60.4,67.4,53.2,60.1,False,False,True,False
58.64,2,61.9,65.4,54.0,59.0,64.9,50.9,57.1,55.6,64.1,53.6,False,False,False,False
82.52,0,86.4,83.2,80.1,91.4,71.5,64.6,98.2,74.8,84.9,70.9,True,False,False,False
52.74,1,56.5,51.6,52.3,51.8,53.4,52.2,51.2,53.1,53.4,51.8,True,False,False,False
62.51,2,63.2,64.5,64.5,64.3,65.3,67.4,51.9,59.1,64.7,66.8,False,False,False,True
83.33,0,80.2,75.6,96.2,92.0,80.5,74.1,90.1,76.1,95.3,73.0,False,False,False,False
60.97,2,61.5,66.4,54.9,52.4,62.2,56.0,65.3,63.3,67.8,60.0,True,False,False,False
59.86,2,55.6,64.5,62.5,54.1,54.1,59.1,68.4,64.8,65.6,60.4,True,False,False,False
84.78,0,76.7,95.4,83.8,84.2,85.9,99.5,74.4,89.5,77.1,81.2,False,False,True,False
61.67,2,67.1,59.4,57.5,61.7,66.7,61.3,64.5,64.6,64.7,61.6,False,False,False,True
72.52,3,68.4,70.9,64.5,68.5,77.0,75.3,71.2,74.2,69.9,78.5,False,False,False,False
70.03,3,78.4,71.7,70.0,69.9,68.6,70.9,64.5,72.9,60.7,71.5,True,False,False,False
55.45,1,53.3,52.9,58.5,56.4,58.7,58.6,52.4,56.7,50.9,56.1,False,True,False,False
64.39,3,64.9,64.5,75.8,75.3,61.8,73.0,60.1,62.9,77.5,67.2,False,False,True,False
70.21,3,66.7,69.3,76.4,74.9,61.0,71.2,64.5,73.9,75.7,62.5,False,False,True,False
84.71,0,84.7,64.5,95.5,88.6,72.4,64.6,70.2,81.4,64.7,90.6,False,False,True,False
83.5,0,87.9,71.9,84.9,74.7,64.4,82.6,91.6,99.9,64.7,64.5,True,False,False,False
83.45,0,64.4,86.3,91.6,76.6,90.5,71.3,74.5,96.8,76.7,74.4,False,True,False,False
57.69,2,64.4,50.3,61.5,55.8,64.4,56.5,58.3,55.5,56.3,54.3,False,False,False,True
82.18,0,85.9,64.5,82.4,83.1,90.0,71.3,77.6,73.5,86.7,76.6,True,False,False,False
70.91,3,77.0,75.4,75.9,61.0,64.8,78.5,62.9,72.9,65.8,74.8,False,False,False,False
60.46,2,55.9,63.4,61.2,54.5,66.9,54.4,63.7,66.8,53.0,64.8,False,True,False,False
83.42,0,75.7,89.6,91.4,83.2,88.2,64.6,74.1,95.2,72.8,64.5,False,True,False,False
67.38,3,70.1,70.7,60.4,72.0,70.3,61.0,67.7,69.9,71.5,60.0,False,False,False,False
87.75,0,84.8,93.3,90.0,80.6,85.7,97.9,75.4,72.8,64.7,99.4,False,False,False,False
61.05,2,61.6,61.4,53.0,64.0,53.9,57.4,67.0,55.9,64.7,68.6,True,False,False,False
68.26,3,77.8,65.7,64.5,67.1,68.0,66.9,69.8,70.3,62.8,67.4,False,False,False,False
86.04,0,96.7,89.6,88.6,95.3,74.9,78.5,79.5,92.8,94.4,70.0,False,False,False,False
58.97,2,56.5,56.6,55.7,64.3,64.4,64.6,56.1,62.2,55.8,66.1,False,False,False,True
83.42,0,80.8,74.8,75.4,91.2,82.8,88.0,93.0,88.0,90.0,70.2,False,False,False,False
55.62,1,56.4,54.8,56.9,57.2,54.3,57.7,56.0,55.1,51.4,56.4,False,False,False,False
86.04,0,93.3,94.3,86.5,64.3,80.8,99.7,83.7,64.8,76.3,85.6,False,False,True,False
56.96,2,61.9,52.5,67.4,53.8,56.8,58.6,58.1,51.6,58.1,50.9,False,False,True,False
69.07,3,78.5,60.6,69.8,77.1,64.4,65.7,70.4,68.5,77.6,60.4,True,False,False,False
54.44,1,50.6,57.2,64.5,64.3,54.2,53.4,64.5,58.0,50.7,54.2,False,True,False,False
60.24,2,64.6,51.9,68.8,64.3,64.4,68.8,51.4,66.9,57.5,56.7,False,False,False,False
84.66,0,73.3,64.5,70.8,83.6,97.7,93.4,87.9,98.2,71.0,77.9,False,True,False,False
85.12,0,95.2,73.8,64.5,75.8,85.3,82.8,96.0,80.1,84.6,84.7,True,False,False,False
53.8,1,54.9,64.5,64.5,64.3,55.7,52.1,53.0,54.5,58.6,64.5,True,False,False,False
54.27,1,57.1,57.0,64.5,50.3,52.2,58.8,50.2,52.8,64.7,64.5,False,False,False,True
59.05,2,51.8,68.5,54.5,55.4,53.8,56.1,64.5,63.6,64.7,60.3,False,False,False,True
64.39,1,58.7,57.5,52.8,53.3,54.0,57.8,53.0,54.3,54.6,53.6,True,False,False,False
60.2,2,53.0,54.0,56.8,64.6,62.9,66.3,65.4,54.3,61.0,63.6,False,False,True,False
59.98,2,56.7,52.2,63.9,65.6,61.0,58.6,62.5,68.0,64.7,59.7,False,True,False,False
86.69,0,99.3,92.1,83.9,88.3,78.6,80.8,64.5,88.2,72.0,89.6,True,False,False,False
83.37,0,94.8,72.4,87.0,85.7,79.2,96.7,81.9,75.3,72.4,88.2,False,False,False,True
57.62,2,63.1,65.4,55.9,51.0,55.0,54.8,53.9,64.8,62.6,51.8,False,False,True,False
64.39,1,56.0,55.0,64.5,56.1,53.8,57.6,58.9,51.8,57.4,57.4,False,True,False,False
64.39,0,99.5,89.1,88.0,76.7,64.4,93.6,88.3,78.0,89.6,70.1,True,False,False,False
55.04,1,64.4,56.6,52.4,64.3,55.1,56.6,54.3,52.2,51.0,57.9,False,True,False,False
85.43,0,79.4,84.8,80.1,95.6,87.9,84.8,76.9,91.7,89.2,83.8,False,False,True,False
53.9,1,56.4,51.0,54.2,50.1,52.3,64.6,58.2,52.9,57.2,51.0,False,False,True,False
86.0,0,94.5,75.3,94.5,91.2,72.5,87.6,80.2,96.6,87.8,79.7,False,True,False,False
54.83,1,55.0,56.9,55.8,57.9,52.1,52.2,53.3,55.0,56.7,53.4,True,False,False,False
91.73,0,93.4,64.5,78.0,98.0,91.3,89.8,82.3,98.0,95.2,95.0,False,False,False,False
86.91,0,70.2,82.0,81.8,94.4,81.2,84.9,96.1,64.8,90.6,97.8,False,False,True,False
85.91,0,84.2,75.7,81.8,92.8,85.6,88.5,95.8,86.1,95.8,72.8,True,False,False,False
83.47,0,77.4,64.5,90.8,75.9,96.3,80.3,92.4,98.4,73.7,71.5,False,False,True,False
60.37,2,52.8,60.3,62.2,65.1,67.0,64.6,64.5,60.4,64.7,51.1,False,True,False,False
84.85,0,64.4,97.9,64.5,79.4,99.2,83.4,81.7,77.0,86.8,64.5,False,False,False,False
54.96,1,53.9,64.5,55.1,57.8,56.1,56.5,52.8,53.0,57.2,52.9,False,False,False,False
61.19,2,65.3,68.9,64.5,58.6,55.4,63.6,66.6,65.4,53.2,62.3,False,False,False,True
67.83,3,73.9,64.5,70.6,62.6,72.2,61.2,61.4,69.2,74.3,61.9,False,False,False,True
69.1,3,61.8,64.5,71.2,65.6,66.2,66.5,72.0,76.0,72.4,60.8,False,False,False,False
84.12,0,64.4,91.9,81.6,91.9,94.6,77.2,75.8,79.1,90.9,84.3,False,True,False,False
57.64,2,64.4,55.8,56.5,55.9,63.6,68.5,54.1,55.7,51.4,58.0,True,False,False,False
56.05,2,52.1,56.2,61.9,52.2,59.5,58.4,50.8,54.0,52.4,63.1,True,False,False,False
84.72,0,96.5,88.3,78.7,73.3,85.7,77.8,85.3,64.8,88.4,80.9,False,True,False,False
88.4,0,87.1,84.1,73.5,79.2,90.1,93.9,90.7,97.3,64.7,91.5,False,True,False,False
59.3,2,58.0,64.3,55.2,55.3,64.7,52.9,60.0,64.8,63.4,57.7,True,False,False,False
61.18,2,65.4,67.1,50.8,56.7,61.8,65.6,60.1,64.4,53.4,66.5,False,True,False,False
53.46,1,55.0,51.6,64.5,64.3,52.7,58.1,52.0,56.9,56.7,50.7,False,True,False,False
71.36,3,61.2,64.5,70.2,67.3,78.8,78.6,76.1,68.2,72.8,62.5,True,False,False,False
84.42,0,64.4,92.5,91.0,83.7,83.0,84.7,82.5,76.9,64.7,89.4,True,False,False,False
58.63,2,59.8,59.7,56.3,60.7,64.4,63.8,60.9,52.5,67.7,53.9,False,True,False,False
74.41,3,74.7,67.6,77.4,77.9,71.4,78.1,64.3,77.3,77.9,77.4,False,True,False,False
71.67,3,64.4,76.7,76.3,76.0,76.6,64.6,65.8,66.5,74.6,73.2,False,True,False,False
64.39,3,62.4,63.1,76.7,64.3,67.7,76.7,64.5,78.9,61.5,60.4,False,True,False,False
54.03,1,58.5,64.5,53.9,54.3,64.4,58.5,51.8,50.2,54.1,50.2,True,False,False,False
68.67,3,65.5,77.5,78.7,64.3,64.4,62.5,63.2,61.2,64.7,78.0,False,False,False,False
54.34,1,52.1,52.3,55.7,55.1,55.4,57.3,52.0,57.1,55.9,50.6,False,True,False,False
59.74,2,50.6,50.8,67.8,51.1,68.7,55.9,64.5,63.7,56.7,63.6,False,True,False,False
54.04,1,50.4,55.6,53.6,50.8,56.7,51.5,55.5,56.7,53.6,56.0,True,False,False,False
54.49,1,56.1,64.5,52.2,56.1,55.4,56.0,53.3,50.7,53.2,57.0,True,False,False,False
67.2,3,63.0,71.1,69.6,60.3,64.4,66.9,60.6,69.6,60.6,74.5,False,False,False,True
64.39,3,74.6,75.5,60.8,70.9,64.4,63.2,65.8,77.4,78.5,66.7,True,False,False,False
85.35,0,81.5,91.0,73.1,83.2,64.4,99.4,88.2,70.8,97.0,64.5,False,False,True,False
64.39,0,82.2,72.9,64.5,96.7,82.4,64.6,81.9,90.7,94.4,82.0,True,False,False,False
54.79,2,53.7,63.5,51.3,56.9,50.8,64.6,64.3,52.5,50.1,54.4,False,False,False,False
59.59,2,64.4,52.1,61.5,62.9,64.4,51.1,63.5,65.6,55.3,54.2,False,True,False,False
87.84,0,86.8,71.3,96.6,97.8,75.4,93.2,99.5,87.7,77.9,92.3,True,False,False,False
58.64,2,62.5,50.7,63.4,50.5,55.1,56.4,65.7,53.7,61.3,67.0,False,False,False,False
69.35,3,70.3,73.8,64.5,76.7,78.1,64.8,66.3,62.1,70.2,64.5,False,False,False,True
64.39,0,64.4,79.8,94.7,81.1,71.6,74.9,88.7,72.5,89.1,78.6,False,True,False,False
55.62,1,53.9,51.6,53.3,55.7,55.6,58.9,56.0,54.0,59.0,64.5,False,False,False,True
55.61,1,64.4,64.5,57.0,58.0,55.3,53.7,52.0,58.4,57.3,50.9,False,False,True,False
64.39,0,72.1,73.0,93.6,82.0,88.2,70.9,87.1,72.1,97.7,80.7,False,False,False,True
80.99,0,79.3,74.9,76.2,80.3,77.7,79.2,78.7,78.4,88.8,64.5,False,False,False,True
60.67,2,63.5,55.0,62.6,55.6,65.7,68.0,57.4,53.1,65.1,60.6,True,False,False,False
66.45,3,66.1,60.1,62.9,70.0,69.7,69.6,64.4,66.2,65.5,70.1,False,False,False,False
54.08,1,57.3,53.3,54.1,52.5,51.7,58.8,52.7,53.8,56.0,50.6,False,False,True,False
68.53,3,72.7,75.6,74.6,62.8,66.5,63.8,71.6,66.4,64.1,67.2,False,False,True,False
84.04,0,86.3,64.5,88.4,83.7,89.0,79.4,89.8,84.4,75.5,93.1,False,False,False,True
62.47,2,53.6,59.5,65.5,59.6,64.4,63.5,68.8,68.0,64.4,58.6,False,False,False,False
54.0,1,52.7,57.9,52.8,51.6,52.0,56.2,52.6,52.5,53.9,57.8,False,False,False,True
83.19,0,87.0,84.8,70.1,78.2,92.6,85.1,77.3,78.7,98.0,80.1,True,False,False,False
55.45,1,57.2,52.9,55.5,57.2,50.1,57.7,53.5,56.0,57.3,57.2,False,False,True,False
64.39,3,69.1,78.5,66.8,64.3,64.4,70.9,60.2,61.5,73.8,75.8,False,False,False,True
81.3,0,75.7,75.3,76.2,84.8,86.1,76.6,76.6,95.1,82.8,64.5,True,False,False,False
60.6,2,58.0,64.5,61.4,64.9,68.0,63.0,55.0,68.9,62.4,53.5,False,False,True,False
69.69,3,76.1,67.7,77.3,64.9,64.4,77.3,69.7,60.5,64.4,77.4,False,False,False,True
59.63,2,56.6,65.9,67.4,62.2,52.2,64.6,60.5,58.1,57.4,51.7,False,False,False,True
85.69,0,88.6,87.6,81.1,83.6,77.0,80.0,91.3,97.4,76.8,93.7,False,False,False,True
69.17,3,75.0,67.1,64.7,72.9,72.4,64.6,73.7,75.0,60.7,68.8,True,False,False,False
60.95,2,65.4,65.1,57.1,68.7,55.4,61.8,61.4,64.4,57.0,53.3,True,False,False,False
69.15,3,74.8,70.9,66.4,62.0,77.6,68.4,63.9,61.9,64.7,68.7,False,False,False,True
82.95,0,80.2,93.4,81.6,86.3,64.4,71.5,75.5,75.7,64.7,78.2,False,False,False,False
71.63,3,67.5,66.6,77.5,75.1,76.4,64.6,62.5,75.5,78.0,67.5,False,False,True,False
83.23,0,95.4,70.3,99.5,77.0,90.7,64.6,87.7,73.8,76.1,80.2,False,False,True,False
86.44,0,97.9,80.1,74.4,96.1,88.7,74.5,75.9,93.6,64.7,100.0,False,False,False,False
64.39,1,55.2,64.5,57.0,51.1,64.4,64.6,64.5,56.5,64.7,55.0,False,False,False,False
60.47,2,66.4,58.0,64.5,52.4,52.3,57.6,67.2,68.4,64.2,58.3,False,False,True,False
81.62,0,71.0,85.4,97.8,76.1,85.7,86.1,75.1,76.2,86.0,76.7,False,True,False,False
53.32,1,54.1,57.5,64.5,50.5,51.7,52.5,58.1,53.4,53.4,51.3,False,False,False,False
71.28,3,69.0,64.5,67.3,76.3,65.3,78.4,63.8,62.2,74.1,78.5,False,False,False,False
88.43,0,99.1,76.1,83.3,93.5,64.4,97.0,95.5,95.9,73.7,80.6,False,False,True,False
72.07,3,78.7,68.6,73.3,69.7,74.6,75.3,72.5,76.4,66.5,65.1,False,False,False,False
70.66,3,64.4,64.5,61.0,66.4,72.9,64.0,76.1,77.6,75.5,78.5,False,True,False,False
83.51,0,93.2,100.0,78.5,75.0,78.3,85.4,70.8,72.0,84.0,97.9,False,False,False,False
59.07,2,60.9,62.1,59.8,61.0,50.4,54.3,68.3,64.8,55.7,56.1,False,True,False,False
64.39,2,51.1,55.3,59.3,54.1,54.2,55.7,64.5,66.8,64.0,63.6,False,False,True,False
55.39,1,54.6,51.2,52.7,56.9,57.4,58.7,64.5,57.9,52.7,57.6,False,False,False,False
83.87,0,91.6,72.8,85.5,72.3,91.0,73.4,81.5,64.8,95.0,89.3,True,False,False,False
68.85,3,73.3,63.0,73.9,66.0,65.8,73.4,62.9,67.5,77.7,64.9,True,False,False,False
53.8,1,64.4,52.1,55.0,50.2,58.4,50.6,51.6,56.8,55.4,55.0,False,False,False,True
56.31,2,51.5,57.8,52.5,50.5,65.0,54.1,61.3,57.8,53.0,59.5,False,True,False,False
70.5,3,74.4,65.4,78.5,75.8,75.8,61.8,67.6,60.3,71.2,64.5,False,False,True,False
69.38,3,71.9,72.9,72.6,63.1,64.4,77.2,65.7,66.6,70.7,65.6,False,False,True,False
62.22,2,62.1,58.4,68.8,64.0,57.2,58.2,63.6,62.4,68.7,58.8,True,False,False,False
53.88,1,54.5,58.2,57.9,53.3,50.4,58.0,50.5,54.4,51.0,50.5,False,False,True,False
60.94,2,57.6,68.6,55.7,61.9,57.3,51.1,66.5,61.8,67.6,61.5,False,False,False,False
54.86,1,56.5,56.9,52.3,64.3,58.3,50.7,54.1,64.8,54.6,64.5,False,False,False,False
82.81,0,80.6,71.3,64.5,99.3,71.0,81.8,86.0,89.2,81.3,85.2,False,True,False,False
86.8,0,99.3,76.5,74.5,94.2,74.9,79.9,64.5,96.1,89.7,93.2,True,False,False,False
53.93,1,50.6,51.1,51.9,50.3,57.3,53.2,53.7,58.9,54.4,57.9,True,False,False,False
59.1,2,64.4,53.8,63.8,67.5,55.6,64.6,64.5,56.7,52.9,58.2,False,False,True,False
70.14,3,76.7,60.1,71.9,68.4,73.9,64.4,63.2,69.9,75.1,77.8,False,False,False,False
68.42,3,64.4,63.2,62.4,65.9,69.2,66.7,74.1,75.3,77.1,64.5,False,True,False,False
66.27,3,62.7,65.4,66.2,66.6,64.4,66.5,68.5,73.7,62.2,60.1,False,False,True,False
68.38,3,62.3,76.7,74.6,65.2,66.5,73.4,60.3,71.6,64.7,66.0,False,False,True,False
54.5,1,58.8,51.2,57.0,57.8,51.9,52.3,51.4,52.2,64.7,56.1,True,False,False,False
60.05,2,64.4,64.5,51.8,64.9,66.1,64.6,60.9,61.5,52.1,57.2,False,False,True,False
53.89,1,56.6,55.5,56.4,50.6,57.3,56.8,64.5,52.2,50.6,52.3,False,False,True,False
64.39,0,72.3,98.6,91.5,88.6,95.2,64.6,93.4,86.6,99.6,73.1,False,False,False,True
69.18,3,70.9,66.5,73.3,73.5,68.2,63.7,75.7,65.6,72.4,64.5,True,False,False,False
58.3,2,51.4,60.1,55.6,59.0,62.8,50.1,61.9,67.4,52.4,62.1,False,False,False,False
64.39,3,71.9,67.6,74.1,71.2,64.4,76.9,64.5,66.9,64.8,69.1,True,False,False,False
64.39,3,71.4,65.2,64.3,66.5,69.1,72.3,64.0,69.1,73.0,73.2,False,True,False,False
78.85,0,90.4,73.7,73.2,73.9,80.4,78.6,71.0,64.8,79.9,64.5,False,False,False,True
57.92,2,50.2,54.7,61.6,55.8,63.8,50.6,64.5,50.7,58.9,67.5,False,False,False,False
59.49,2,50.1,66.9,57.5,50.8,64.3,58.3,67.9,59.0,55.2,64.9,False,False,True,False
85.99,0,88.0,97.3,77.2,64.3,76.5,77.7,88.9,96.4,88.0,70.3,False,True,False,False
85.99,0,85.3,77.1,89.9,64.3,95.4,85.1,64.5,92.8,79.0,85.9,False,False,False,False
83.79,0,83.4,64.5,87.5,94.4,89.6,74.7,84.4,92.5,77.5,81.1,False,True,False,False
59.9,2,68.8,53.8,57.0,63.1,56.7,67.7,57.2,62.8,57.9,54.2,False,False,False,False
53.19,1,55.2,58.6,51.1,51.2,52.6,50.9,50.2,54.5,55.7,51.8,False,True,False,False
84.73,0,90.7,85.1,70.9,71.7,75.9,93.6,96.0,98.7,64.7,74.7,True,False,False,False
69.55,3,70.6,73.8,72.3,75.2,67.1,73.2,66.2,65.0,63.2,68.8,False,False,False,True
60.19,2,67.7,63.4,64.2,54.4,61.6,58.8,57.8,55.2,64.6,54.2,True,False,False,False
54.53,1,58.9,51.6,51.1,51.7,57.1,64.6,50.5,64.8,56.6,56.9,False,False,True,False
58.08,2,50.3,54.5,58.7,50.5,55.3,64.6,57.0,56.3,64.7,66.6,False,True,False,False
81.66,0,64.4,78.6,96.8,92.0,76.2,74.6,79.8,78.3,81.6,88.2,False,False,False,True
84.57,0,88.2,96.0,70.6,82.4,98.1,90.0,88.6,76.4,84.3,64.5,False,False,False,True
53.98,1,53.7,51.9,56.2,53.2,53.1,51.9,56.9,54.7,55.4,52.8,False,True,False,False
78.68,0,76.9,89.1,73.0,97.0,76.6,74.1,71.3,75.2,74.6,78.9,False,False,False,False
69.18,3,77.7,69.6,64.8,63.1,68.0,77.7,61.1,62.0,73.6,74.0,False,False,False,True
54.2,1,53.6,64.5,58.0,56.9,52.5,51.6,58.9,50.1,64.7,55.0,False,False,False,True
54.75,1,52.7,51.9,64.5,50.2,57.6,55.8,53.9,55.8,58.6,58.8,False,True,False,False
64.39,3,77.1,66.8,77.9,67.7,74.4,65.3,73.0,76.4,63.6,64.5,False,True,False,False
88.04,0,98.4,71.0,92.5,97.5,90.4,89.1,89.5,76.0,82.1,93.7,False,False,False,False
70.22,3,77.9,73.2,67.7,71.0,67.4,73.4,74.9,68.6,67.7,60.4,False,False,True,False
54.41,1,54.0,57.6,53.4,57.1,50.0,54.0,54.2,64.8,55.9,53.2,True,False,False,False
54.25,1,58.8,51.6,50.1,53.0,58.0,51.8,54.6,64.8,53.0,55.0,True,False,False,False
71.91,3,74.4,64.5,74.0,71.3,74.4,69.9,64.5,73.2,74.8,75.8,False,False,False,True
70.13,3,64.2,66.0,68.9,73.0,72.4,78.9,62.1,72.6,68.9,74.3,False,False,False,False
55.07,1,57.9,58.1,56.3,52.2,52.2,52.5,50.3,57.3,56.8,57.0,False,False,True,False
60.49,2,62.7,64.5,66.9,55.9,66.1,59.2,68.1,57.5,63.6,52.4,False,False,True,False
86.44,0,80.5,99.3,83.9,77.3,97.9,80.4,64.5,77.3,86.9,95.0,False,True,False,False
60.77,2,63.4,64.3,61.6,59.4,64.2,55.0,65.2,54.8,53.5,66.3,False,False,False,False
57.24,2,68.3,54.4,63.0,57.3,55.6,55.7,58.4,64.8,50.2,54.9,False,False,True,False
88.6,0,73.9,81.9,86.3,86.2,88.3,64.6,78.7,96.5,99.9,95.1,True,False,False,False
54.37,1,58.4,58.9,51.7,51.9,50.5,64.6,53.8,57.4,51.7,57.6,False,True,False,False
64.39,1,54.7,64.5,51.1,55.5,54.6,52.2,55.5,55.9,52.0,50.4,False,False,True,False
69.13,3,62.1,68.8,63.0,68.6,70.7,60.7,77.1,77.5,69.9,73.0,False,False,False,True
53.18,1,57.1,51.0,50.1,52.3,53.5,64.6,50.3,55.3,54.8,50.1,False,False,False,True
70.53,3,71.7,73.3,68.3,77.6,75.1,69.4,67.1,72.5,63.3,67.0,False,False,False,True
73.2,3,67.1,76.6,68.3,76.5,74.3,71.0,72.2,71.6,78.4,76.0,True,False,False,False
85.91,0,73.8,97.7,96.5,86.8,87.1,88.9,94.5,84.0,70.3,79.5,False,False,True,False
60.06,2,50.8,68.1,67.0,56.4,67.2,63.0,51.1,64.0,61.7,51.4,False,False,False,False
64.39,1,53.8,53.0,50.3,54.3,57.5,55.7,64.5,52.1,54.8,56.0,True,False,False,False
83.23,0,91.0,64.5,92.2,76.7,81.2,85.2,71.3,77.8,85.8,91.2,False,True,False,False
64.39,0,92.1,89.2,93.5,88.3,82.0,93.6,64.5,90.3,97.9,79.9,False,False,False,False
54.46,1,58.9,53.9,52.4,52.4,58.7,50.1,53.7,54.7,57.8,51.9,False,False,False,True
53.83,1,58.3,64.5,50.4,53.9,51.3,58.6,56.0,51.5,50.3,55.1,False,True,False,False
71.7,3,70.0,64.5,72.9,74.7,61.4,68.6,64.5,77.4,78.9,64.5,True,False,False,False
56.16,2,54.4,52.5,54.4,54.7,54.6,50.1,66.9,53.0,64.7,64.2,False,False,False,True
59.59,2,50.5,59.9,60.4,64.7,57.3,60.3,60.9,65.8,61.6,54.4,True,False,False,False
60.87,2,65.9,66.8,57.0,61.6,65.1,65.0,64.1,50.0,52.5,60.7,True,False,False,False
54.62,1,56.9,56.2,57.4,52.4,51.6,52.6,55.5,55.5,53.8,54.5,True,False,False,False
69.64,3,64.3,71.8,71.2,75.1,71.1,78.3,75.5,65.2,61.8,62.2,False,True,False,False
55.42,1,50.5,51.7,64.5,56.2,58.1,64.6,56.2,57.7,57.5,58.5,True,False,False,False
84.17,0,72.4,83.1,83.0,96.5,93.0,86.3,80.8,74.4,81.9,90.3,False,True,False,False
55.57,1,57.8,57.8,64.5,55.9,58.8,55.8,53.5,55.0,56.3,52.4,False,False,False,True
85.75,0,92.5,95.0,81.8,75.1,89.6,90.9,64.5,89.1,84.6,81.4,True,False,False,False
71.33,3,66.8,78.6,64.5,70.4,75.0,61.4,68.4,64.8,73.2,69.5,False,False,False,True
59.11,2,64.4,68.1,62.6,59.8,51.0,57.5,57.5,52.6,60.7,62.6,False,True,False,False
68.81,3,71.9,64.7,65.4,64.2,74.3,63.9,78.3,65.8,66.8,72.9,False,False,True,False
64.39,2,65.4,55.3,53.6,64.3,66.1,59.7,53.4,61.3,52.8,60.9,True,False,False,False
52.46,1,51.2,53.0,55.6,64.3,52.3,51.0,51.7,51.5,52.2,52.9,False,True,False,False
53.99,1,53.8,54.6,53.8,50.4,52.7,50.5,59.0,57.9,56.5,50.7,False,False,False,True
59.4,2,64.4,62.4,67.9,54.3,64.4,51.5,60.8,65.8,59.0,56.1,False,False,False,False
64.39,3,74.7,62.4,76.6,68.9,74.0,78.0,64.8,70.0,76.2,71.9,False,True,False,False
53.45,1,51.4,55.5,53.9,50.9,57.4,51.9,54.5,50.7,54.8,64.5,False,True,False,False
67.76,3,69.1,61.1,74.5,63.1,68.1,78.8,74.3,64.4,60.3,63.9,False,False,False,False
89.05,0,82.0,96.4,99.6,78.5,64.4,73.3,99.5,94.8,93.3,87.3,True,False,False,False
61.16,2,62.3,67.4,52.8,63.3,67.3,50.4,68.1,63.1,55.0,61.7,False,True,False,False
88.28,0,93.0,81.2,84.2,64.3,87.6,95.5,64.5,73.8,93.3,93.5,False,False,False,True
80.6,0,82.3,95.2,71.9,78.5,81.8,79.2,89.3,80.5,70.1,77.4,False,True,False,False
87.57,0,64.4,98.7,88.5,93.0,64.4,95.9,64.5,80.9,71.3,64.5,True,False,False,False
79.91,0,96.1,89.7,91.0,75.8,72.5,82.8,77.9,70.8,71.0,71.5,False,False,False,True
64.39,0,82.2,82.0,77.5,71.3,71.8,64.6,70.1,71.0,92.8,82.6,False,False,True,False
55.16,1,56.7,54.9,64.5,64.3,58.4,57.1,54.2,53.8,50.7,55.8,False,False,False,False
55.13,1,57.4,58.5,56.2,54.6,53.7,50.8,56.0,53.4,56.0,54.6,False,False,False,True
60.2,2,64.9,63.2,63.2,66.1,64.4,54.9,60.5,65.6,56.9,50.0,False,False,True,False
58.64,2,62.3,67.3,64.5,53.4,61.6,64.1,52.9,64.8,60.5,55.1,False,False,True,False
69.84,3,66.5,64.0,64.5,61.3,78.6,75.6,66.5,64.1,74.9,78.3,True,False,False,False
55.08,1,52.6,50.1,52.3,57.7,57.5,54.8,57.0,53.9,58.1,56.9,True,False,False,False
66.59,3,70.9,62.2,67.0,61.1,70.9,72.0,67.9,63.6,67.4,62.9,False,False,False,True
70.8,3,71.3,76.6,67.1,76.1,64.8,73.1,66.0,66.1,77.8,69.1,False,False,False,True
87.03,0,91.3,91.8,87.2,64.3,96.9,78.6,64.5,78.5,83.0,70.4,True,False,False,False
58.49,2,66.4,64.5,64.5,61.1,52.5,64.6,61.7,56.3,55.9,50.5,False,True,False,False
54.48,1,57.5,53.9,53.6,50.4,57.5,55.6,57.1,54.0,52.9,52.2,False,False,True,False
54.35,1,55.8,57.1,51.6,54.1,64.4,53.3,64.5,64.8,52.4,53.4,False,False,False,False
59.16,2,50.2,50.5,61.5,64.5,64.7,65.9,54.1,58.1,66.2,56.0,False,False,False,False
80.68,0,76.9,84.5,76.0,92.6,78.8,74.2,91.4,89.2,64.7,73.1,False,False,False,False
82.55,0,72.9,90.6,64.5,73.9,82.1,88.0,73.1,91.3,64.7,70.6,False,False,True,False
58.66,2,52.5,55.2,65.5,60.0,60.1,55.7,53.1,65.7,63.4,55.4,True,False,False,False
64.39,1,56.8,53.2,50.8,51.1,58.9,58.8,57.9,53.9,52.9,56.8,False,True,False,False
54.93,1,53.9,53.3,55.0,58.0,52.8,56.0,52.8,64.8,57.5,53.7,True,False,False,False
70.01,3,76.0,71.2,73.8,62.7,65.3,75.1,74.3,64.8,76.5,60.2,False,False,False,True
55.19,1,51.0,58.5,52.5,64.3,53.4,58.7,55.9,58.4,57.7,55.0,True,False,False,False
84.78,0,91.5,85.8,83.9,81.2,99.6,71.4,73.2,64.8,90.1,64.5,False,False,True,False
64.39,1,54.6,56.6,58.1,58.1,54.7,55.9,58.7,57.5,54.3,56.3,False,True,False,False
54.37,1,53.9,55.7,54.4,54.9,57.7,50.5,57.6,52.2,54.4,52.3,True,False,False,False
64.39,1,52.8,53.0,56.1,57.8,56.7,50.2,54.8,53.1,64.7,64.5,False,False,False,True
64.39,1,52.5,52.7,53.9,58.1,55.1,58.3,56.5,57.9,56.3,64.5,True,False,False,False
56.48,2,51.7,53.9,64.2,64.4,64.4,50.7,59.0,54.1,54.1,64.5,False,False,False,False
54.53,1,58.1,53.2,50.8,56.9,50.8,58.2,52.6,58.5,52.5,53.9,False,True,False,False
54.39,1,51.8,54.5,59.0,57.8,52.8,51.0,56.2,53.0,55.3,52.5,False,True,False,False
64.39,2,53.3,62.8,56.2,61.0,61.3,50.9,52.9,63.5,61.0,50.2,False,False,False,False
68.05,3,74.9,60.4,63.9,74.0,65.8,64.6,74.9,62.1,62.7,69.8,False,False,False,True
54.78,1,55.3,58.6,53.4,55.4,54.5,51.3,55.2,53.7,57.6,52.9,False,False,True,False
58.66,2,54.0,51.0,64.8,56.3,66.6,62.3,54.5,64.8,58.3,55.1,False,False,False,True
84.28,0,82.6,93.0,76.8,84.8,64.4,72.0,87.1,88.8,82.0,88.5,True,False,False,False
69.38,3,64.4,77.2,61.4,72.1,66.5,66.5,64.5,63.6,78.6,75.6,False,False,False,True
70.47,3,64.4,62.8,71.0,73.7,74.9,68.5,64.5,69.1,72.9,73.3,False,False,True,False
64.39,3,69.7,67.3,65.3,77.1,74.3,79.0,63.1,70.3,76.2,75.4,False,False,False,True
56.61,2,55.7,51.2,58.6,55.2,53.2,60.3,61.7,54.4,58.9,64.5,False,True,False,False
61.0,2,66.0,61.8,68.7,52.2,68.7,57.4,54.5,54.8,59.1,67.0,False,False,False,False
58.87,2,62.6,63.3,50.3,58.6,65.0,65.6,56.3,62.3,53.8,51.0,False,True,False,False
64.39,3,62.2,64.0,68.5,66.0,64.4,60.9,61.5,74.2,76.5,78.6,False,False,False,True
58.69,2,64.4,58.5,52.3,52.9,63.4,66.3,54.5,58.7,52.6,61.7,False,True,False,False
72.49,3,66.3,74.9,69.1,65.6,76.8,70.3,64.5,77.7,77.9,76.2,False,False,False,False
58.86,2,51.8,61.3,53.9,59.9,61.9,51.2,50.6,64.8,64.5,65.0,False,False,False,False
59.37,2,67.3,61.4,58.3,51.6,57.0,62.3,65.0,65.6,50.0,64.5,True,False,False,False
54.79,1,56.1,64.5,52.2,57.2,51.2,58.3,58.3,53.7,52.1,57.0,True,False,False,False
54.59,1,56.9,53.6,57.6,57.0,56.3,53.0,57.2,52.2,51.7,50.4,False,False,False,True
54.58,1,58.6,52.3,53.4,64.3,52.6,57.5,57.6,50.3,52.7,58.1,True,False,False,False
54.27,1,58.7,51.1,50.8,57.3,55.3,53.1,64.5,52.2,55.1,52.8,False,False,True,False
71.05,3,66.9,74.5,72.2,71.7,71.8,64.6,66.7,72.2,67.1,78.3,False,False,True,False
70.8,3,66.3,65.4,75.3,77.2,66.6,63.2,64.5,64.8,74.5,64.5,False,False,False,True
91.61,0,90.7,97.9,91.4,78.0,100.0,64.6,73.0,89.6,99.7,98.1,False,False,False,False
69.96,3,64.4,69.3,60.0,61.5,78.8,76.4,74.4,77.1,76.5,63.9,False,False,False,True
53.32,1,53.2,64.5,50.9,56.1,52.8,53.6,50.7,56.6,52.7,53.6,True,False,False,False
71.62,3,72.1,69.3,75.2,65.9,78.9,72.4,63.5,75.0,64.7,74.2,False,False,False,True
68.04,3,68.9,72.5,65.5,67.0,63.6,71.2,69.8,61.9,64.7,65.8,False,True,False,False
55.14,1,58.9,53.7,53.4,53.2,53.1,57.4,54.0,55.2,55.0,57.5,True,False,False,False
83.55,0,84.8,80.0,98.7,81.9,81.6,96.5,77.2,83.3,78.6,72.8,True,False,False,False
85.37,0,96.1,76.0,77.8,88.5,81.5,78.9,83.2,94.5,90.2,86.9,False,False,True,False
59.88,2,61.0,64.8,53.3,62.7,59.0,63.3,62.6,50.5,68.2,53.4,True,False,False,False
60.41,2,63.0,64.5,64.5,59.1,53.9,50.6,64.5,52.7,66.6,64.5,True,False,False,False
60.4,2,58.1,63.8,66.6,67.1,63.4,51.2,59.2,64.8,64.7,65.8,True,False,False,False
61.28,2,58.2,61.3,68.8,68.5,63.2,64.2,54.1,57.9,60.5,64.5,False,True,False,False
56.16,1,58.9,58.3,56.3,51.4,52.6,54.7,56.2,55.8,58.4,59.0,False,True,False,False
58.39,2,67.2,61.4,54.8,53.7,64.2,55.4,56.6,51.7,54.2,64.5,True,False,False,False
68.0,3,61.5,67.4,71.9,77.0,67.1,76.6,62.9,66.5,65.0,64.2,False,False,False,True
84.76,0,71.5,64.5,91.5,86.6,64.4,64.6,71.6,85.1,94.9,93.2,False,False,False,False
69.41,3,66.5,66.7,61.3,72.9,64.5,72.1,71.6,68.4,75.7,64.5,False,False,False,True
55.54,1,57.0,64.5,54.8,64.3,57.7,56.1,50.2,56.6,55.9,58.7,False,False,False,True
86.21,0,85.0,99.2,84.4,90.6,81.9,91.6,70.7,92.6,90.1,76.1,True,False,False,False
54.47,1,54.8,53.0,56.0,57.2,57.9,54.1,53.6,64.8,57.0,50.5,False,False,False,True
55.16,1,58.1,57.6,53.9,54.0,58.5,50.4,55.8,53.5,53.2,56.5,False,False,True,False
64.39,3,74.5,64.5,61.9,70.2,64.4,62.4,67.0,64.1,72.9,64.5,False,False,True,False
59.51,2,66.3,65.5,64.5,50.1,64.4,65.5,52.5,63.7,58.0,64.5,True,False,False,False
55.0,1,57.7,55.7,50.2,51.3,54.1,56.3,58.7,52.7,55.3,64.5,False,False,True,False
64.39,0,84.9,64.5,89.0,97.1,99.2,64.6,75.5,74.0,91.5,76.2,False,False,True,False
64.39,1,58.0,58.6,53.9,64.3,64.4,53.7,55.3,55.1,58.4,50.8,False,False,False,True
81.72,0,71.7,94.0,64.5,77.2,71.8,71.8,89.2,79.9,64.7,81.7,False,False,True,False
57.52,2,63.1,54.0,67.3,54.8,52.4,61.4,56.4,60.6,50.4,54.8,False,True,False,False
59.84,2,54.6,57.2,61.7,61.8,57.0,62.9,67.8,66.2,56.0,53.3,False,False,False,True
54.01,1,57.0,50.0,58.3,57.3,52.7,50.4,58.1,50.5,64.7,55.1,False,False,False,True
53.74,1,53.5,50.9,58.0,55.2,52.0,64.6,53.4,54.4,64.7,50.6,False,False,True,False
84.28,0,91.7,82.9,93.8,89.7,83.4,70.6,93.1,74.6,64.7,74.4,False,False,True,False
56.78,1,64.4,58.7,57.5,58.1,58.7,55.4,64.5,57.2,64.7,58.2,False,True,False,False
55.5,1,64.4,64.5,53.6,57.0,55.0,58.5,54.2,53.8,58.6,57.5,False,False,True,False
53.7,1,50.3,51.2,53.2,54.1,51.2,51.8,57.6,55.0,57.4,55.2,False,False,False,False
55.09,1,51.6,57.2,52.1,54.4,56.3,52.4,64.5,58.1,56.9,53.5,False,False,False,False
69.62,3,77.7,65.0,78.4,70.2,67.8,62.0,71.9,64.1,60.7,78.3,False,False,True,False
64.39,1,50.8,54.5,64.5,53.8,57.2,52.2,52.8,56.2,55.8,50.6,True,False,False,False
70.41,3,73.8,64.5,77.6,60.1,67.4,64.0,69.1,77.8,68.0,78.0,False,False,True,False
83.61,0,64.4,89.1,88.6,85.7,84.2,86.4,84.2,76.9,77.5,81.3,False,True,False,False
81.35,0,85.3,83.2,72.4,88.4,71.5,88.4,93.3,78.3,73.7,79.0,True,False,False,False
60.53,2,64.6,66.7,64.3,50.1,53.4,53.8,56.9,68.5,58.6,64.5,False,False,False,False
81.58,0,78.8,92.4,72.4,81.8,79.4,64.6,75.0,94.5,96.0,72.4,False,False,True,False
54.72,1,50.4,64.5,58.4,50.7,56.7,58.0,50.8,55.9,50.3,64.5,False,True,False,False
64.39,1,56.6,54.6,51.6,58.7,52.0,64.6,54.0,53.7,52.5,56.2,True,False,False,False
69.45,3,78.0,69.6,70.6,61.2,64.3,74.4,66.0,69.6,67.5,73.4,False,True,False,False
61.48,2,63.6,64.4,66.2,51.7,67.0,64.6,61.4,67.9,63.0,55.3,False,False,False,False
59.55,2,67.7,51.3,56.8,60.9,53.8,62.0,54.3,56.6,64.2,68.0,True,False,False,False
58.85,2,56.3,50.1,61.0,57.3,61.4,68.5,64.5,52.3,55.0,60.2,True,False,False,False
53.7,1,58.8,55.7,64.5,55.3,64.4,50.7,64.5,51.5,64.7,64.5,True,False,False,False
64.39,1,53.1,51.2,54.2,55.5,50.4,64.6,50.0,64.8,58.8,64.5,False,False,True,False
64.39,0,96.5,98.3,99.8,70.0,72.5,96.8,86.8,93.7,96.2,97.9,False,True,False,False
57.45,2,52.3,68.0,60.5,53.6,52.8,62.3,61.7,50.6,56.1,56.6,True,False,False,False
58.7,2,57.1,59.5,57.3,58.2,53.3,64.1,52.5,61.9,68.4,54.7,True,False,False,False
55.78,1,56.4,64.5,64.5,53.6,58.6,52.4,55.3,56.6,58.6,54.6,True,False,False,False
64.39,3,60.3,73.3,73.1,64.3,66.8,70.9,69.6,63.3,62.5,64.4,True,False,False,False
67.4,3,73.3,62.7,64.5,60.1,65.9,69.0,61.4,73.7,77.7,64.5,False,True,False,False
85.25,0,75.2,64.5,96.5,80.6,83.7,64.6,64.5,72.2,93.8,83.9,False,True,False,False
82.5,0,84.0,84.9,73.9,75.9,64.4,84.7,94.1,83.1,94.2,70.5,True,False,False,False
68.53,3,60.2,66.3,74.5,60.3,69.1,73.3,77.2,71.9,70.0,62.3,False,False,True,False
71.89,3,64.4,74.0,74.9,77.9,61.2,78.0,64.5,72.8,76.1,62.9,False,False,True,False
53.25,1,50.7,53.5,50.1,54.2,52.4,54.9,55.9,64.8,53.5,55.8,False,False,False,False
55.66,2,50.8,50.1,53.0,57.2,56.0,60.1,54.4,66.1,55.6,53.4,False,False,False,True
72.37,3,78.1,78.7,64.5,75.9,72.2,77.9,60.7,78.9,64.7,75.6,True,False,False,False
88.13,0,78.8,64.5,98.2,92.1,83.1,76.8,92.0,74.8,98.4,88.8,False,True,False,False
69.2,3,64.9,60.6,78.4,75.4,72.9,67.4,64.5,69.5,70.3,60.3,False,True,False,False
53.73,1,58.0,50.8,57.1,53.7,50.8,55.1,52.7,54.3,52.9,51.9,False,False,False,False
64.39,2,54.8,68.3,53.1,61.9,54.4,60.5,60.3,61.0,65.9,52.5,False,False,False,True
86.08,0,96.9,82.5,89.2,73.8,92.6,90.8,89.4,81.6,89.4,74.7,False,False,False,True
70.91,3,78.0,64.5,63.8,70.0,65.5,75.8,68.0,71.2,73.4,67.5,False,False,True,False
71.83,3,62.3,75.7,65.6,66.1,79.0,70.1,76.7,76.1,68.4,78.4,False,False,True,False
82.4,0,72.3,76.3,64.5,71.5,88.6,72.3,83.4,64.8,99.1,91.0,False,False,False,False
69.43,3,64.4,65.3,64.5,67.2,70.9,78.3,61.8,67.9,64.7,77.1,False,False,False,False
80.78,0,88.7,76.3,86.1,64.3,72.4,83.8,76.7,90.9,80.6,77.8,False,False,False,True
54.89,1,64.4,56.9,50.5,57.0,57.3,56.7,57.8,50.6,54.9,56.1,True,False,False,False
59.12,2,56.5,60.8,63.2,64.4,56.2,66.2,52.5,68.8,64.7,51.1,False,False,False,False
69.96,3,62.5,64.3,76.1,73.5,74.7,75.1,69.0,64.8,70.0,73.9,False,True,False,False
87.72,0,85.1,86.9,87.1,95.1,95.4,83.8,81.7,64.8,95.4,79.1,False,False,False,False
81.77,0,83.4,64.5,90.0,78.4,91.3,64.6,72.0,77.1,85.1,94.4,False,False,False,True
87.66,0,92.9,70.9,83.2,98.1,89.2,77.5,82.4,85.9,97.6,98.9,True,False,False,False
85.29,0,95.9,99.7,78.9,89.3,94.2,85.9,74.2,76.7,86.0,72.1,False,True,False,False
61.97,2,67.8,55.1,62.0,67.8,63.8,65.5,58.8,64.4,50.2,64.4,False,True,False,False
68.63,3,62.1,64.5,73.9,78.5,64.2,70.3,64.1,69.8,64.9,72.4,True,False,False,False
86.18,0,84.3,74.0,74.5,64.3,88.8,84.3,100.0,93.4,79.2,64.5,True,False,False,False
60.32,2,53.8,63.2,67.3,54.1,60.0,64.6,62.0,58.8,64.7,68.3,False,False,False,False
62.27,2,59.5,63.6,60.3,65.8,58.7,64.6,64.5,62.4,61.0,68.8,True,False,False,False
86.07,0,74.3,90.6,95.8,71.1,94.7,98.5,64.5,70.5,87.2,84.9,True,False,False,False
54.23,1,50.3,58.0,51.3,58.2,64.4,64.6,50.5,56.1,53.6,53.7,True,False,False,False
85.71,0,97.5,87.4,93.9,97.9,78.2,64.6,95.7,64.8,83.9,73.0,False,False,False,True
79.66,0,80.4,89.8,75.0,80.4,71.9,82.6,71.1,83.3,91.3,70.6,False,False,False,False
86.93,0,94.9,73.3,87.0,79.6,92.7,93.2,71.2,95.8,89.3,92.3,False,False,True,False
54.3,1,53.1,52.4,56.1,53.3,52.8,58.2,56.5,51.4,51.5,57.6,False,False,True,False
64.39,3,64.4,79.0,67.7,72.1,67.0,75.4,74.4,78.6,70.7,68.7,True,False,False,False
68.97,3,69.6,60.7,68.4,61.7,63.5,72.2,74.1,74.7,78.1,66.6,True,False,False,False
64.39,3,66.7,68.6,64.5,66.1,71.3,62.0,76.1,67.8,71.2,70.0,False,False,False,True
54.5,1,54.7,57.2,53.2,58.1,51.3,51.0,57.0,53.2,53.6,55.6,False,False,True,False
64.39,1,52.4,58.3,50.1,54.9,50.0,52.8,56.1,64.8,52.8,56.8,False,True,False,False
59.13,2,52.1,63.0,62.3,53.7,53.2,65.3,53.1,61.8,65.0,61.7,True,False,False,False
64.39,2,50.4,61.0,64.5,65.2,63.8,68.2,68.6,54.3,64.8,64.1,False,False,False,False
64.39,1,50.9,57.5,64.5,58.3,50.8,55.1,56.2,52.5,53.2,55.8,True,False,False,False
64.39,1,53.1,54.5,58.4,57.2,52.3,51.1,56.9,53.1,64.7,52.7,False,False,False,True
66.67,3,72.3,63.8,67.2,61.7,74.6,64.6,68.2,65.8,66.1,64.5,False,True,False,False
85.32,0,98.1,99.1,84.3,73.5,97.2,71.0,98.3,75.5,73.3,83.0,True,False,False,False
68.35,3,74.8,70.8,69.4,60.8,61.3,64.6,75.2,62.9,68.6,76.7,True,False,False,False
82.89,0,74.5,79.2,93.4,64.3,95.7,70.7,78.2,98.0,94.4,70.4,False,False,True,False
55.29,1,57.0,56.2,58.4,55.7,64.4,52.1,55.0,54.4,54.9,50.7,False,False,True,False
62.19,2,64.4,61.5,62.1,64.3,62.7,55.1,68.0,64.0,64.1,51.1,True,False,False,False
56.76,2,51.0,68.8,59.5,54.5,64.4,58.3,52.0,51.7,53.3,59.5,True,False,False,False
71.66,3,65.1,76.7,74.9,75.0,72.3,74.1,64.5,73.9,67.9,71.3,True,False,False,False
61.24,2,63.9,62.9,58.0,57.5,68.0,64.8,61.7,64.8,52.3,58.7,True,False,False,False
83.32,0,98.7,70.5,71.5,92.8,73.7,86.3,80.1,90.6,93.2,75.9,False,False,False,True
85.71,0,64.4,91.0,70.8,94.6,70.5,94.5,88.5,91.8,64.7,73.7,True,False,False,False
84.36,0,93.7,93.0,71.5,97.8,71.5,86.2,81.6,83.3,92.1,72.8,False,False,False,False
59.72,2,54.7,66.6,59.5,64.3,57.8,53.8,55.8,66.4,57.3,57.4,False,False,False,False
70.23,3,76.5,60.6,70.3,74.8,64.4,66.7,63.7,69.8,64.7,74.5,True,False,False,False
64.39,3,74.8,77.1,69.1,70.1,61.5,64.6,71.1,74.5,61.8,60.1,False,True,False,False
88.59,0,85.9,95.0,98.6,88.7,97.7,93.9,70.5,75.4,94.4,85.8,True,False,False,False
69.14,3,78.2,64.5,72.9,65.9,63.5,77.8,61.8,66.7,75.5,65.6,False,True,False,False
64.39,0,92.5,86.1,90.2,98.3,90.7,91.7,64.5,72.6,94.2,73.7,False,False,False,False
54.42,1,56.8,58.1,51.1,64.3,53.1,53.4,52.6,57.4,58.3,51.7,False,False,True,False
62.37,2,67.8,68.1,64.5,65.8,63.5,53.5,50.6,69.0,65.5,64.0,False,False,False,True
64.39,1,56.2,55.9,52.9,58.9,55.0,54.3,64.5,55.5,58.2,54.3,False,True,False,False
67.87,3,69.2,75.6,63.4,66.8,71.3,63.5,71.9,64.8,63.5,61.0,True,False,False,False
64.39,1,51.6,58.6,50.5,56.9,64.4,64.6,57.8,55.3,59.0,56.1,True,False,False,False
53.7,1,51.0,55.4,50.5,55.9,58.2,55.1,56.7,50.6,52.5,51.0,False,False,True,False
72.51,3,68.0,70.7,66.7,72.8,64.4,64.6,76.6,78.0,74.0,75.4,True,False,False,False
89.58,0,64.4,96.8,86.9,99.1,70.3,90.0,95.0,97.7,92.9,78.9,False,True,False,False
53.83,1,50.3,51.2,64.5,54.9,55.7,57.0,50.9,51.7,64.7,56.8,False,False,False,False
84.77,0,88.1,64.5,82.6,85.8,98.5,90.0,74.3,87.8,86.2,83.9,False,True,False,False
85.56,0,85.6,97.7,94.1,87.6,85.1,84.4,77.4,72.1,91.6,80.1,False,True,False,False
60.13,2,56.4,51.8,55.0,60.6,68.8,58.7,56.1,62.6,64.3,67.0,True,False,False,False
85.65,0,86.3,84.0,87.5,77.0,64.4,87.1,73.8,92.4,72.6,64.5,True,False,False,False
55.47,1,56.5,55.2,52.3,52.6,58.6,53.5,56.0,53.6,59.0,57.5,False,False,False,True
64.39,3,61.2,67.3,60.1,78.2,71.6,65.1,65.8,75.0,63.9,64.5,False,False,False,False
54.61,1,55.4,50.3,50.9,57.2,58.0,54.9,56.1,53.4,54.7,55.2,False,False,False,False
58.2,2,54.7,50.9,67.3,64.5,50.9,56.4,62.9,67.6,55.6,51.2,False,False,False,True
86.34,0,72.1,70.3,95.9,74.6,92.3,99.3,87.6,98.4,92.5,80.5,False,True,False,False
54.95,1,64.4,50.8,50.3,58.3,57.1,50.9,56.5,58.2,56.1,53.7,False,False,True,False
55.2,1,59.0,56.1,55.9,53.1,55.4,54.2,50.7,64.8,55.0,54.4,False,False,False,True
59.85,2,62.6,68.4,63.7,56.0,60.4,64.6,64.5,56.9,64.7,64.7,False,False,False,False
83.69,0,99.3,96.7,87.6,81.0,79.3,76.4,77.5,71.0,96.4,64.5,False,False,False,True
73.33,3,67.9,78.4,73.3,64.3,72.4,71.7,64.5,71.6,73.0,64.5,True,False,False,False
54.32,1,54.1,50.2,56.4,55.6,57.1,50.7,58.6,51.1,64.7,55.0,False,False,True,False
59.74,2,68.0,64.5,61.7,64.3,53.9,51.3,67.8,59.4,55.8,64.1,False,False,True,False
64.39,3,61.5,67.0,71.1,76.0,69.9,61.2,71.6,65.3,65.1,70.0,True,False,False,False
59.56,2,54.8,57.7,68.3,63.2,55.4,62.8,52.4,67.0,51.2,62.9,False,False,False,False
69.1,3,64.3,60.0,73.8,60.4,72.7,74.1,76.5,78.6,66.7,64.0,False,False,False,True
60.44,2,50.1,50.9,68.8,59.8,67.3,65.0,66.6,65.5,52.2,58.0,False,True,False,False
59.7,2,63.8,54.0,67.3,59.9,60.0,51.2,54.5,55.1,67.7,63.5,False,True,False,False
53.65,1,53.0,51.8,51.1,64.3,53.4,50.8,52.6,55.8,56.0,53.6,True,False,False,False
55.32,1,58.0,57.4,50.9,54.4,51.3,53.1,53.9,58.8,56.8,58.7,True,False,False,False
85.68,0,75.2,88.8,86.5,64.3,97.3,80.1,82.3,78.0,83.8,93.2,False,False,True,False
53.8,1,51.3,50.6,51.9,56.4,51.1,56.2,56.5,55.0,51.2,57.9,True,False,False,False
81.45,0,89.3,76.1,76.6,99.3,64.4,90.2,82.9,74.8,80.1,71.7,False,False,False,False
86.53,0,97.2,95.9,94.6,71.5,73.5,74.1,81.0,99.5,88.9,89.1,False,False,True,False
82.67,0,71.1,64.5,75.4,85.8,85.8,77.0,94.8,64.8,80.0,89.9,False,False,False,False
60.35,2,58.5,52.2,59.7,64.6,57.1,64.6,52.4,68.7,64.8,67.3,True,False,False,False
54.09,1,53.8,55.6,54.5,52.1,52.1,53.7,54.6,64.8,53.4,64.5,False,False,True,False
70.55,3,63.4,69.8,66.5,75.8,68.2,71.1,77.6,60.3,64.7,77.8,False,False,False,False
58.11,2,64.4,64.5,55.1,57.4,65.9,64.6,54.8,65.7,53.1,64.7,True,False,False,False
56.96,2,54.6,50.7,53.6,58.6,59.1,63.2,54.7,52.2,65.0,57.8,False,False,False,True
59.51,2,59.3,64.5,50.9,61.7,50.2,64.6,57.5,53.7,64.7,61.4,False,True,False,False
57.3,2,56.0,53.9,56.2,64.3,50.5,56.4,61.6,63.6,58.1,62.3,False,True,False,False
65.94,3,64.4,67.4,60.1,68.1,73.4,61.3,60.2,70.1,63.7,63.8,False,True,False,False
56.87,2,56.6,59.8,67.8,64.3,55.6,62.2,52.4,59.2,50.5,50.8,True,False,False,False
81.2,0,64.4,75.7,75.9,71.5,72.8,99.6,83.9,90.3,77.3,79.2,False,False,True,False
55.41,1,51.0,58.2,64.5,58.4,56.3,64.6,64.5,64.8,55.7,55.9,False,False,True,False
55.39,1,54.6,54.1,53.2,58.4,54.9,57.9,58.1,57.8,52.4,52.6,True,False,False,False
71.65,3,64.4,78.0,64.5,70.5,69.1,69.0,74.4,60.4,71.5,78.7,False,True,False,False
54.96,1,58.0,56.5,53.6,56.8,55.7,64.6,56.5,50.8,55.5,54.1,True,False,False,False
67.4,3,64.9,64.9,72.5,62.8,68.1,69.0,60.2,61.4,74.3,75.8,False,False,True,False
62.29,2,60.9,65.2,66.1,55.2,67.2,62.9,65.5,64.8,64.7,66.4,False,False,True,False
54.58,1,56.7,50.9,58.2,52.6,64.4,58.9,51.9,64.8,56.0,50.5,False,False,False,True
54.3,1,55.0,55.5,53.4,58.6,54.2,58.9,51.4,51.0,52.3,52.8,False,False,False,False
83.0,0,90.9,64.5,76.9,74.3,88.9,96.1,81.7,73.8,88.6,80.2,False,False,True,False
55.75,1,55.4,54.2,55.1,57.6,58.5,54.7,54.1,57.6,52.0,58.3,True,False,False,False
59.2,2,51.7,66.7,63.7,64.3,64.4,58.3,50.7,52.7,66.2,63.8,False,False,False,True
54.65,1,55.7,55.7,52.9,51.4,55.2,54.5,57.9,64.8,55.7,57.2,False,False,True,False
55.53,1,55.4,51.8,55.0,54.8,57.5,58.9,56.5,58.3,64.7,64.5,False,False,True,False
69.46,3,72.4,69.9,73.5,64.6,67.5,63.6,71.8,71.4,66.0,73.8,False,True,False,False
60.63,2,68.3,65.5,64.1,64.2,55.5,59.3,64.5,60.0,60.2,54.4,False,False,True,False
60.23,2,64.4,59.9,62.1,64.3,62.8,55.5,61.1,62.6,60.4,50.1,False,False,True,False
53.98,1,55.2,52.1,55.1,53.8,55.2,51.1,56.9,64.8,50.7,58.8,False,True,False,False
71.71,3,73.5,70.8,64.5,75.4,67.8,62.3,70.5,77.6,74.1,68.7,False,True,False,False
84.35,0,90.1,72.0,71.2,70.3,97.7,99.3,90.9,71.3,98.9,81.8,False,False,False,False
64.39,2,54.7,56.7,64.5,60.4,64.4,54.5,61.2,56.4,64.7,69.0,True,False,False,False
84.39,0,91.8,76.7,97.4,97.2,75.4,77.5,88.6,74.7,76.8,87.7,False,False,False,False
64.39,2,64.4,60.9,64.4,55.5,62.0,55.8,62.8,51.7,58.8,60.9,False,False,True,False
59.48,2,59.8,65.4,56.8,52.0,64.4,62.4,64.5,61.8,61.6,62.9,True,False,False,False
55.24,1,55.7,55.2,55.1,57.9,56.4,54.7,64.5,56.4,56.7,53.5,False,True,False,False
58.17,2,55.8,64.5,53.0,52.8,54.4,67.9,68.7,64.7,52.0,64.5,False,True,False,False
55.81,1,57.9,56.9,57.9,50.7,58.8,50.6,54.1,57.7,54.9,58.6,False,True,False,False
70.56,3,74.6,66.4,65.5,70.0,78.7,65.0,71.8,70.4,72.3,70.7,False,False,False,False
83.89,0,76.1,95.7,91.2,78.2,70.5,71.1,75.1,95.3,98.8,86.9,False,True,False,False
64.39,1,57.3,51.5,50.5,64.3,52.6,54.2,64.5,56.1,64.7,57.8,False,True,False,False
54.21,1,56.5,57.3,56.0,50.5,52.3,52.1,55.0,51.5,58.6,52.3,False,False,True,False
59.94,2,52.7,53.9,67.7,50.1,61.0,65.7,56.4,64.6,66.7,60.6,False,False,True,False
52.73,1,56.9,64.5,50.4,54.5,55.3,51.7,64.5,50.1,52.0,52.4,True,False,False,False
68.56,3,68.1,73.1,62.7,66.2,70.3,65.2,61.3,64.7,76.7,77.3,False,False,False,True
59.49,2,55.2,60.7,58.3,64.3,50.4,67.6,64.5,56.6,62.5,56.4,False,False,True,False
83.67,0,64.4,64.5,64.5,90.3,87.8,85.0,79.0,90.5,75.0,83.5,True,False,False,False
90.15,0,84.9,64.5,92.8,83.8,97.0,85.3,92.0,96.5,64.7,91.9,False,False,False,False
81.7,0,71.8,70.2,82.5,64.3,64.4,86.8,95.1,73.4,78.6,90.6,True,False,False,False
84.14,0,74.9,84.3,75.1,94.9,80.0,91.9,72.1,99.3,84.5,84.5,False,False,True,False
54.78,1,52.6,57.8,57.9,64.3,54.2,58.2,52.2,58.4,52.3,64.5,False,False,False,False
68.13,3,64.7,79.0,66.2,74.2,60.2,69.0,71.1,60.7,62.7,73.5,False,False,False,True
59.87,2,66.3,68.5,55.6,60.4,56.0,51.0,54.7,65.4,63.9,56.8,True,False,False,False
64.39,2,61.5,66.4,66.9,54.4,55.9,56.8,65.8,57.2,65.3,57.7,False,True,False,False
59.84,2,53.3,60.3,68.3,50.2,53.5,61.4,63.9,68.6,60.5,58.4,False,False,False,True
69.81,3,61.4,73.1,61.3,72.3,71.2,67.4,71.2,75.1,71.8,73.3,True,False,False,False
61.07,2,65.5,66.3,52.8,63.9,54.7,60.3,63.0,54.8,62.6,66.7,False,False,True,False
84.59,0,73.4,80.5,86.3,95.3,83.3,88.1,72.3,83.7,64.7,96.1,False,False,False,False
70.93,3,74.4,78.2,74.6,62.7,64.4,63.7,77.8,74.7,73.3,63.5,False,True,False,False
56.8,2,54.4,63.7,62.4,55.6,57.3,64.6,59.3,51.4,57.3,51.4,False,True,False,False
87.43,0,91.3,95.8,88.9,64.3,73.1,88.3,87.7,98.1,71.6,82.8,False,False,False,False
66.62,3,61.7,64.5,61.4,64.3,64.4,74.6,68.2,73.6,60.5,74.4,False,False,False,False
57.77,2,61.0,64.0,51.4,64.3,57.8,50.0,55.2,64.8,55.3,58.5,False,False,False,False
55.18,1,55.7,55.1,58.9,64.3,52.0,57.8,54.7,56.4,53.0,53.2,False,False,False,True
80.28,0,76.9,73.4,73.4,99.4,85.2,72.3,88.7,70.4,79.5,83.5,True,False,False,False
72.06,3,74.8,70.0,74.0,64.3,73.3,74.1,76.9,71.4,61.9,64.5,False,False,False,True
55.6,1,56.1,55.1,64.5,57.4,51.8,64.6,50.4,58.8,57.7,58.7,False,True,False,False
57.15,1,58.6,64.5,58.7,58.5,58.9,54.6,57.6,56.6,56.0,57.7,True,False,False,False
58.61,2,52.0,60.5,64.5,51.4,64.4,65.7,64.5,51.4,53.1,68.6,True,False,False,False
72.04,3,76.6,77.9,72.9,61.9,77.4,60.1,73.0,75.4,66.3,79.0,True,False,False,False
69.34,3,64.4,75.1,72.9,77.2,64.4,66.5,64.2,65.7,61.5,64.6,False,False,False,False
78.82,0,84.5,75.6,76.5,64.3,73.5,78.5,64.5,64.8,83.4,90.1,True,False,False,False
85.52,0,88.3,98.8,86.5,70.1,81.7,92.6,87.1,79.3,72.4,98.4,False,False,False,False
55.18,1,51.3,58.3,64.5,59.0,64.4,53.1,50.4,56.3,54.9,52.8,False,False,True,False
64.39,0,71.7,93.1,90.8,99.1,83.2,64.6,91.9,97.9,73.0,72.9,False,False,False,True
66.66,3,61.9,71.3,64.5,61.3,60.4,69.5,68.6,62.8,62.0,78.8,False,True,False,False
53.77,1,55.5,54.4,53.1,51.2,53.7,51.5,55.2,52.7,55.6,54.8,True,False,False,False
71.56,3,77.3,71.5,66.6,74.4,64.5,70.1,76.1,75.3,69.5,70.2,False,False,False,False
82.22,0,80.5,80.4,74.2,86.5,76.5,78.0,79.0,64.8,97.3,78.8,False,True,False,False
61.14,2,68.6,65.3,52.3,66.7,61.6,58.0,55.1,51.5,65.1,67.1,False,True,False,False
53.88,1,55.4,56.5,53.1,54.9,53.5,55.5,52.4,50.1,64.7,56.0,False,False,False,False
83.99,0,75.2,86.3,92.8,74.7,97.9,89.1,84.0,76.6,81.9,81.5,True,False,False,False
71.21,3,64.4,77.6,64.5,69.5,64.8,67.3,72.2,68.4,71.2,64.5,True,False,False,False
86.13,0,86.4,71.2,92.9,76.9,79.8,97.1,85.6,99.9,79.0,92.5,False,False,False,True
58.38,2,53.4,61.7,64.5,55.9,55.3,64.4,64.5,59.8,53.9,63.4,True,False,False,False
69.48,3,75.0,63.8,76.0,67.2,65.5,72.3,61.9,69.4,69.2,74.5,False,False,True,False
64.39,2,69.0,58.0,62.9,59.2,54.4,68.3,58.5,68.6,64.7,65.3,True,False,False,False
61.98,2,64.4,66.5,67.0,64.3,64.4,54.1,65.3,57.1,65.1,62.6,False,True,False,False
58.87,2,64.4,56.8,54.0,58.8,64.3,51.9,65.4,63.9,58.4,50.6,False,False,False,True
59.3,2,67.0,68.3,58.7,61.7,53.8,61.1,53.6,58.1,53.2,57.5,False,False,False,False
89.86,0,98.8,70.6,94.4,71.2,89.7,93.5,98.7,91.8,96.2,93.8,False,False,False,True
57.33,2,64.4,54.6,51.3,58.6,50.3,50.7,60.7,61.2,62.0,66.9,False,False,False,False
85.31,0,92.3,88.1,77.6,90.7,64.4,77.8,64.5,95.4,99.0,64.5,True,False,False,False
87.96,0,85.5,76.3,95.3,98.3,95.3,80.3,64.5,80.8,90.5,92.5,True,False,False,False
89.72,0,98.1,99.3,74.3,64.3,98.0,90.2,89.1,85.8,94.0,64.5,False,False,True,False
55.11,1,58.6,52.5,54.3,55.3,53.1,53.8,53.2,58.6,53.2,58.5,False,True,False,False
70.92,3,68.1,62.3,75.6,73.2,75.2,73.9,71.7,65.8,72.7,70.6,True,False,False,False
54.18,1,56.4,54.1,55.8,50.1,51.8,55.5,52.1,57.5,50.4,58.0,False,False,False,False
60.31,2,65.6,51.6,60.6,68.9,61.9,66.7,56.1,53.3,64.7,57.0,False,False,True,False
53.5,1,52.3,52.0,51.0,57.2,51.1,56.3,51.9,55.5,54.9,52.9,False,False,True,False
55.93,1,54.4,56.8,53.4,56.6,52.5,57.8,64.5,58.4,58.8,57.2,True,False,False,False
59.74,2,55.4,67.9,59.3,52.1,64.4,65.8,62.7,57.5,64.7,54.3,False,False,False,True
69.25,3,64.4,73.0,70.4,69.8,64.4,61.8,76.1,68.0,66.8,68.2,False,False,True,False
83.44,0,88.2,87.9,86.1,73.5,81.4,80.2,64.5,82.4,95.6,87.5,False,True,False,False
64.39,0,76.4,83.5,75.9,89.9,92.3,82.3,74.9,82.9,64.7,76.6,False,True,False,False
87.86,0,64.4,90.3,76.3,88.8,99.8,97.5,85.9,94.1,73.3,79.8,True,False,False,False
86.03,0,99.6,81.9,84.8,72.9,70.3,80.8,89.4,98.3,90.1,92.2,True,False,False,False
54.57,1,52.6,55.7,58.0,55.3,57.2,50.4,57.1,51.8,57.0,50.6,False,False,False,True
69.97,3,64.4,72.1,66.0,78.4,68.5,60.4,64.5,77.4,64.7,64.5,True,False,False,False
85.87,0,84.9,88.2,89.1,77.9,86.5,96.9,71.3,75.3,97.1,91.4,True,False,False,False
60.88,2,55.8,51.5,67.4,59.1,55.5,68.5,61.7,64.8,64.0,63.7,True,False,False,False
64.39,2,60.9,63.6,64.1,55.6,56.8,55.9,67.0,66.0,55.1,50.3,False,True,False,False
71.0,3,64.4,72.0,68.2,65.7,69.1,73.3,68.5,70.2,73.6,74.1,False,False,False,False
86.47,0,83.1,89.0,79.9,74.8,64.4,96.9,93.8,84.4,64.7,84.5,True,False,False,False
69.84,3,61.6,62.7,76.9,70.4,66.9,78.7,64.5,76.7,70.9,62.5,False,False,False,True
83.46,0,83.9,79.9,90.7,64.3,85.8,97.6,70.8,64.8,79.8,77.2,False,False,False,False
69.05,3,76.8,64.5,62.4,64.6,77.6,66.9,72.3,60.2,65.2,64.5,True,False,False,False
54.01,1,50.8,56.0,51.7,50.1,53.9,64.6,55.1,51.0,57.0,57.0,False,False,True,False
59.32,2,62.2,51.9,51.8,56.5,56.4,67.8,64.5,64.9,65.7,64.5,True,False,False,False
54.72,1,57.8,57.9,50.2,52.2,51.2,56.6,55.5,54.5,57.6,53.6,True,False,False,False
59.2,2,54.1,62.2,64.8,64.3,64.4,51.2,58.8,54.6,52.2,69.0,False,False,False,False
81.06,0,89.0,64.5,71.2,90.4,70.1,71.4,85.4,70.2,82.6,86.9,True,False,False,False
67.78,3,62.5,73.0,73.3,64.0,60.6,61.6,63.4,71.0,71.2,77.2,False,True,False,False
82.99,0,79.3,81.3,83.1,86.1,93.6,70.8,92.0,86.4,85.9,71.4,True,False,False,False
61.8,2,63.6,67.7,68.8,52.7,59.6,61.8,68.6,59.4,60.5,55.3,False,False,True,False
53.2,1,51.1,54.5,51.9,51.1,52.5,52.6,51.8,64.8,53.5,58.0,False,True,False,False
54.7,1,55.8,51.6,51.3,58.4,57.7,55.4,52.8,54.0,56.4,53.6,False,False,False,True
54.53,1,57.4,52.3,51.9,55.8,50.6,56.6,57.2,53.7,52.6,57.2,True,False,False,False
64.39,2,64.4,52.1,68.6,62.2,51.3,64.0,66.2,53.6,53.8,64.5,True,False,False,False
59.98,2,55.0,59.7,65.7,53.0,51.4,64.6,59.0,65.5,64.7,55.9,False,True,False,False
68.97,3,75.5,73.1,68.3,66.2,64.4,69.6,64.5,61.9,60.8,66.1,False,False,False,False
54.12,1,54.7,56.9,64.5,56.8,58.1,53.9,54.7,51.1,51.6,53.2,True,False,False,False
87.66,0,83.0,79.2,100.0,96.2,98.7,64.6,85.2,79.1,93.4,70.5,False,False,False,False
85.31,0,91.2,86.4,85.8,79.1,87.6,72.1,95.6,71.6,85.8,97.8,True,False,False,False
55.33,1,56.7,57.4,53.5,58.7,56.6,54.2,54.7,52.5,50.4,64.5,False,False,True,False
54.05,1,57.0,53.3,56.9,50.8,50.1,57.1,50.0,54.4,51.9,58.8,False,False,True,False
53.83,1,56.7,53.6,58.6,64.3,58.9,50.3,64.5,50.1,52.1,54.7,False,False,False,False
53.42,1,57.4,52.9,53.4,51.2,54.6,57.1,50.9,54.4,50.6,51.7,False,False,False,True
68.07,3,61.9,62.7,73.8,78.1,64.4,75.7,60.6,72.6,64.7,61.5,False,True,False,False
60.91,2,68.6,63.8,54.7,69.0,57.7,53.7,65.6,55.0,53.6,67.3,False,True,False,False
68.38,3,78.7,71.4,77.1,65.2,68.9,60.7,61.9,60.4,76.6,63.0,False,False,True,False
64.39,1,52.0,56.6,56.5,53.3,64.4,52.2,51.3,52.9,56.5,56.7,True,False,False,False
81.95,0,83.2,81.2,83.8,76.2,64.4,80.9,76.2,74.1,82.8,98.1,True,False,False,False
86.05,0,95.7,86.9,64.5,95.7,64.4,91.0,81.4,76.8,75.0,72.2,False,False,False,True
69.05,3,61.6,74.0,66.8,64.0,62.9,76.3,76.7,68.5,75.6,64.3,False,True,False,False
86.63,0,85.1,64.5,97.6,81.0,94.6,96.4,72.9,95.9,87.4,83.3,False,False,False,True
54.37,1,52.7,54.7,50.8,55.5,64.4,56.7,57.8,52.7,51.1,56.7,False,False,True,False
57.05,2,50.4,52.6,64.5,61.3,68.9,61.8,58.4,64.8,51.5,52.9,False,False,False,True
54.38,1,52.4,55.9,57.4,50.9,54.6,51.3,64.5,54.3,57.6,55.2,True,False,False,False
54.93,1,57.6,54.5,57.6,50.2,51.0,52.1,56.3,53.2,58.9,58.1,False,False,False,True
54.92,1,50.9,54.8,57.3,52.9,51.8,58.9,55.8,57.4,53.2,56.5,True,False,False,False
54.49,1,54.9,56.5,50.0,51.1,52.7,58.4,58.2,56.9,54.0,52.2,False,False,True,False
59.11,2,64.4,50.7,54.3,57.8,68.4,51.3,67.9,64.6,51.3,59.5,False,False,False,False
64.39,1,58.7,52.3,57.0,64.3,53.2,57.2,54.3,57.1,52.2,51.4,False,True,False,False
54.95,1,58.6,53.5,57.0,54.0,52.2,51.9,64.5,56.9,56.4,50.1,True,False,False,False
60.16,2,64.6,66.0,56.9,50.8,56.4,64.6,64.5,50.6,59.4,67.5,False,False,False,False
55.67,1,56.8,58.0,64.5,55.2,52.8,54.1,52.0,57.0,57.1,58.7,False,True,False,False
54.68,1,64.4,51.7,57.0,58.6,53.1,56.0,50.6,56.0,50.5,56.2,False,False,True,False
58.07,2,52.5,54.4,59.7,50.3,64.4,62.9,56.5,56.7,67.3,61.9,False,True,False,False
70.68,3,61.6,64.5,72.7,78.1,61.6,72.3,78.4,63.3,69.9,74.3,True,False,False,False
85.62,0,93.0,72.6,94.2,72.3,77.0,72.8,90.4,95.8,95.4,92.8,True,False,False,False
88.62,0,92.3,90.5,78.9,87.0,99.0,77.0,98.0,71.4,98.0,94.2,False,False,False,False
71.39,3,74.2,78.0,60.7,78.3,66.0,64.6,78.7,64.8,70.9,70.4,False,False,False,True
58.81,2,68.8,53.3,64.7,62.0,55.9,55.3,52.2,60.9,50.8,64.3,True,False,False,False
64.39,1,55.1,54.1,54.4,54.6,53.1,58.3,56.7,50.5,55.4,64.5,True,False,False,False
57.66,2,66.0,52.5,64.5,56.5,57.9,64.6,51.8,65.2,63.2,53.3,False,False,True,False
68.62,3,60.2,67.8,76.4,71.5,64.4,67.8,67.9,70.8,78.1,62.9,False,True,False,False
58.33,2,58.5,62.6,50.0,52.7,52.7,63.7,54.7,67.8,60.4,60.0,False,False,True,False
54.49,1,57.9,55.2,51.9,64.3,50.7,53.0,64.5,58.8,53.4,50.3,False,True,False,False
70.62,3,75.4,69.8,65.2,67.5,70.3,71.3,65.7,77.5,68.9,74.6,True,False,False,False
55.14,1,53.4,57.0,53.7,64.3,64.4,64.6,56.4,51.6,52.6,57.7,True,False,False,False
81.52,0,84.0,98.7,78.6,64.3,89.5,71.9,75.8,79.4,72.7,88.4,False,True,False,False
57.93,2,55.1,61.4,68.5,67.1,51.9,50.6,58.1,64.8,62.7,50.6,False,False,False,False
55.17,1,54.6,52.4,55.4,58.5,64.4,58.3,54.1,64.8,58.7,51.1,True,False,False,False
72.47,3,72.0,73.3,67.7,64.3,64.4,72.0,72.8,65.5,69.3,76.4,False,False,False,False
87.19,0,82.7,95.9,64.5,98.4,100.0,84.6,82.6,73.9,78.2,64.5,True,False,False,False
86.83,0,73.4,88.0,99.2,64.3,77.7,84.0,97.0,88.9,64.7,89.4,True,False,False,False
54.85,1,56.9,64.5,58.5,55.0,64.4,64.6,52.0,64.8,58.2,64.5,True,False,False,False
84.3,0,88.5,86.0,84.0,80.0,90.5,73.6,64.5,71.3,84.3,93.7,False,False,False,True
55.33,1,57.5,58.3,53.3,57.0,59.0,54.0,55.9,50.2,54.8,53.4,False,True,False,False
86.74,0,98.0,81.6,90.0,84.5,64.4,75.0,82.7,90.4,76.7,100.0,False,False,False,True
52.65,1,51.1,51.1,53.3,64.3,56.3,58.7,50.1,50.1,52.9,50.7,False,False,False,False
71.74,3,64.4,61.8,73.5,75.3,64.4,65.9,78.4,71.3,64.7,68.0,False,False,False,False
64.39,0,99.9,74.2,99.2,75.0,94.9,71.3,83.3,80.2,71.4,79.5,False,False,True,False
71.29,3,65.6,76.7,63.2,75.8,71.7,73.3,64.5,64.8,77.2,73.7,True,False,False,False
62.42,2,62.2,66.6,57.7,62.6,62.9,65.4,63.1,67.5,58.9,57.2,True,False,False,False
83.33,0,74.2,84.9,81.0,74.6,87.0,71.6,96.1,85.7,99.2,64.5,False,True,False,False
54.8,1,55.2,50.7,54.5,55.3,52.6,52.7,57.7,56.6,58.4,54.2,False,False,True,False
59.63,2,60.2,51.6,53.7,68.0,57.2,64.6,67.0,63.9,57.4,63.0,False,True,False,False
57.76,2,58.6,51.1,60.1,50.8,66.3,58.2,56.4,58.6,65.3,52.0,False,True,False,False
70.82,3,66.6,77.8,75.6,61.5,63.9,77.0,69.5,78.6,65.0,72.8,False,True,False,False
64.39,2,63.9,67.7,56.6,65.5,63.0,67.0,57.6,54.9,64.7,64.5,True,False,False,False
59.5,2,63.1,64.7,54.8,65.3,50.1,66.9,52.7,54.4,66.7,56.5,True,False,False,False
61.25,2,63.5,64.5,65.7,66.6,67.5,53.5,64.5,66.2,57.4,59.9,False,True,False,False
68.03,3,72.6,66.4,63.0,72.7,70.8,60.4,62.1,61.9,78.3,72.1,False,False,False,True
73.08,3,64.4,67.6,64.5,78.9,71.5,64.6,64.5,68.6,77.3,71.1,False,False,False,False
56.08,2,50.8,64.5,64.5,55.6,57.0,58.5,55.1,64.8,53.5,57.4,True,False,False,False
84.81,0,77.7,64.5,82.7,88.4,81.5,99.6,64.5,76.8,64.7,85.9,True,False,False,False
58.41,2,61.6,59.6,63.7,51.3,64.4,53.1,50.4,64.8,64.7,65.6,True,False,False,False
67.76,3,78.7,65.7,67.7,75.6,62.1,70.3,60.1,64.0,72.4,61.2,True,False,False,False
59.5,2,60.3,65.0,67.9,59.7,51.6,63.6,65.4,56.4,51.4,53.8,False,True,False,False
80.95,0,80.0,91.7,64.5,76.4,71.5,77.9,95.1,80.6,64.7,74.5,False,False,False,True
62.13,2,64.4,64.8,56.6,64.9,62.5,60.5,62.2,61.4,54.5,67.7,False,False,False,True
70.04,3,73.7,64.5,60.1,69.1,76.9,75.3,66.1,75.9,70.2,60.9,False,False,True,False
89.07,0,90.4,96.5,64.5,79.0,96.9,93.2,98.9,93.7,77.7,89.2,False,True,False,False
64.39,2,60.6,64.5,58.0,53.8,64.4,67.9,64.5,64.8,68.8,64.4,True,False,False,False
57.9,2,51.9,54.9,58.9,56.2,59.1,63.5,64.5,60.6,59.3,56.4,False,False,True,False
89.56,0,85.3,96.5,97.6,89.5,99.4,90.9,64.5,77.6,85.4,85.7,False,False,True,False
58.77,2,52.9,56.0,59.4,66.2,53.9,62.6,66.0,51.7,50.4,68.6,False,False,False,False
55.03,1,57.1,64.5,64.5,54.8,57.8,51.0,57.5,56.5,50.2,56.9,False,False,False,True
67.83,3,62.5,64.9,67.2,62.5,66.5,75.7,77.4,65.2,61.9,74.6,False,False,False,True
89.2,0,98.2,96.7,95.9,79.9,81.6,94.6,96.9,80.5,91.3,76.4,True,False,False,False
53.25,1,52.7,53.8,53.2,64.3,53.6,64.6,51.4,50.5,52.3,56.5,True,False,False,False
58.21,2,59.3,65.5,66.2,50.9,63.2,52.8,51.4,68.8,53.1,50.9,False,False,False,False
69.99,3,66.4,66.4,64.5,70.7,64.4,72.6,72.4,73.1,76.8,77.9,False,True,False,False
64.39,0,95.7,64.5,64.5,74.7,86.1,90.2,76.3,80.5,96.8,77.7,True,False,False,False
54.04,1,53.4,57.6,53.4,50.7,57.0,57.4,52.2,51.5,52.0,55.2,False,False,True,False
55.11,1,56.3,58.1,53.8,56.5,54.0,50.0,52.6,56.8,56.4,56.6,False,False,False,False
64.39,0,84.3,86.1,70.6,97.8,96.0,70.1,73.4,79.2,87.2,84.2,False,True,False,False
70.36,3,76.8,73.0,75.4,68.6,64.4,64.6,69.9,65.0,64.1,75.1,False,False,False,False
64.39,1,55.9,52.7,56.9,64.3,64.4,64.6,54.0,58.6,50.7,50.0,False,False,True,False
68.38,3,69.9,68.5,64.8,66.9,74.3,71.7,61.7,76.4,63.1,66.6,False,False,True,False
68.95,3,69.7,71.7,62.6,76.6,60.2,64.0,73.1,64.8,69.3,68.5,True,False,False,False
58.61,2,55.0,62.6,64.5,64.3,59.5,53.9,68.0,58.0,61.7,55.2,False,False,False,False
73.99,3,64.4,61.0,76.7,74.6,78.2,73.8,76.9,75.3,74.4,71.6,False,True,False,False
64.39,3,73.4,75.7,68.2,64.3,71.2,70.9,64.5,64.8,70.2,74.8,False,False,False,True
64.39,3,74.1,62.8,64.5,76.7,75.4,73.9,64.5,74.5,64.7,68.8,True,False,False,False
53.79,1,56.2,64.5,52.0,55.1,50.5,57.8,54.4,51.8,64.7,54.7,True,False,False,False
53.78,1,51.7,50.6,64.5,57.1,57.7,53.1,52.9,52.3,53.4,58.7,False,False,True,False
63.0,2,58.5,63.0,67.4,68.2,66.6,68.6,59.3,62.8,52.7,62.9,False,False,True,False
58.2,2,53.6,64.5,67.2,66.6,55.6,58.4,53.7,55.0,52.0,64.5,False,False,True,False
84.14,0,92.6,84.0,87.1,81.7,73.0,81.1,70.7,97.8,85.7,87.7,False,False,False,False
56.84,2,55.3,58.6,53.9,62.5,64.1,64.6,59.9,50.2,53.7,59.0,False,False,False,False
73.69,3,72.1,75.2,76.6,64.3,66.5,64.6,74.6,75.6,67.5,76.5,False,True,False,False
56.1,2,55.5,64.5,51.0,52.4,64.4,52.5,51.7,55.5,63.0,56.4,False,False,True,False
60.04,2,63.0,59.5,52.8,57.2,60.3,64.6,65.7,59.9,61.0,61.3,True,False,False,False
53.56,1,51.0,54.4,50.9,58.7,64.4,54.5,50.1,58.5,51.6,50.9,False,False,True,False
87.4,0,76.7,90.8,95.2,75.4,64.4,99.6,97.3,86.5,90.8,70.6,False,True,False,False
83.81,0,88.2,94.3,78.4,91.7,81.3,74.4,72.4,91.2,70.7,95.5,False,True,False,False
59.99,2,55.1,68.1,64.5,67.7,57.1,61.2,61.8,50.1,54.4,66.4,False,False,False,True
54.3,1,56.3,50.6,55.9,54.7,56.0,64.6,53.0,58.6,53.0,54.0,True,False,False,False
69.35,3,61.5,77.1,64.5,78.9,64.0,72.9,64.5,64.6,73.7,66.5,False,True,False,False
88.16,0,85.8,88.9,64.5,97.6,77.7,89.7,99.0,74.0,96.6,94.0,True,False,False,False
69.57,3,64.4,63.4,64.5,65.4,61.9,64.6,78.2,64.8,78.7,78.7,False,False,False,True
57.51,2,50.6,64.5,54.6,57.8,64.4,60.5,55.8,56.6,53.9,64.5,False,False,False,False
54.87,1,56.5,54.1,56.6,54.2,54.9,64.6,64.5,58.7,53.8,55.2,False,False,False,True
70.02,3,68.7,64.5,62.1,66.4,78.1,75.6,71.8,60.1,68.1,74.2,False,False,False,True
67.38,3,61.9,63.1,61.7,64.6,66.4,65.1,78.7,72.6,61.1,78.8,True,False,False,False
53.84,1,51.2,55.5,53.9,56.7,52.4,51.1,56.6,53.8,64.7,55.1,False,False,True,False
56.7,2,62.8,54.8,59.6,64.3,53.2,53.0,64.7,64.8,52.1,52.0,True,False,False,False
60.36,2,59.2,60.9,64.5,61.2,63.7,57.4,58.0,57.0,65.1,67.5,False,False,True,False
80.93,0,75.3,85.1,71.0,94.8,81.6,96.3,83.5,64.8,74.5,70.3,False,True,False,False
60.15,2,61.2,53.9,59.0,58.7,64.4,61.4,53.2,64.8,68.3,67.7,True,False,False,False
86.58,0,74.0,84.1,97.6,95.5,92.4,86.0,88.9,80.5,71.1,95.7,False,False,False,True
64.39,2,68.0,67.0,55.9,51.5,59.3,53.6,66.1,65.3,60.3,53.9,False,False,False,True
54.73,1,50.3,54.2,54.2,56.1,57.1,53.7,64.5,56.6,51.5,55.0,False,True,False,False
89.16,0,76.9,98.0,83.1,79.4,97.5,79.0,92.4,64.8,94.8,99.2,False,False,False,True
85.08,0,72.1,70.2,99.6,97.1,70.2,83.8,64.5,98.8,90.0,76.4,False,False,False,True
87.8,0,87.1,78.4,64.5,95.1,85.0,97.7,91.4,75.6,64.7,91.8,False,False,False,False
56.38,2,56.3,58.2,57.0,52.9,55.4,64.6,60.4,64.8,60.1,55.2,True,False,False,False
84.76,0,64.4,84.5,82.5,88.8,86.6,99.6,81.0,74.2,71.0,93.7,False,False,True,False
86.72,0,96.0,76.2,92.8,81.8,93.0,81.8,94.1,99.5,73.1,79.0,False,False,True,False
70.76,3,64.4,69.5,75.3,64.3,78.5,78.1,69.9,60.4,71.2,71.3,False,False,False,True
53.3,1,53.3,57.5,51.3,56.2,53.3,53.2,50.1,54.4,52.6,51.3,False,False,True,False
61.68,2,60.1,56.5,60.9,68.3,65.5,64.6,53.8,68.0,64.1,63.3,False,False,True,False
53.89,1,55.3,50.8,51.6,64.3,52.4,53.0,55.9,56.0,52.0,54.3,False,False,True,False
70.06,3,77.5,73.9,66.3,61.2,64.4,69.5,75.0,64.9,76.5,62.9,False,False,False,False
55.12,1,59.0,51.9,50.5,50.3,56.9,57.3,56.7,57.3,64.7,57.1,False,False,False,False
64.39,2,66.3,64.2,67.2,51.9,65.6,61.8,55.2,64.8,67.3,58.6,True,False,False,False
68.54,3,67.3,77.5,64.5,62.4,63.7,65.3,70.9,64.8,78.4,64.5,False,True,False,False
55.69,1,53.2,58.9,58.6,64.3,58.7,55.6,55.8,50.7,53.9,57.5,False,False,False,True
58.26,2,61.2,53.6,68.9,61.7,64.4,51.6,57.7,53.3,53.1,56.7,False,False,True,False
69.99,3,77.7,60.4,65.0,75.4,76.2,64.3,61.1,71.2,64.7,71.3,False,False,True,False
85.8,0,87.8,77.1,87.4,74.6,84.1,64.6,84.3,99.6,80.2,94.8,False,False,False,True
58.61,2,66.3,61.9,64.5,64.3,55.8,59.5,65.2,57.7,50.9,53.4,True,False,False,False
70.15,3,77.2,64.0,73.8,67.7,71.1,67.5,77.6,64.8,75.7,65.0,False,True,False,False
83.11,0,78.1,85.3,73.2,88.3,64.4,80.7,89.9,86.5,83.5,83.6,False,False,True,False
60.88,2,64.8,64.8,51.1,64.9,68.5,60.0,57.6,61.8,56.5,58.7,False,False,True,False
54.19,1,57.3,56.0,55.5,51.1,52.2,55.1,51.5,57.3,54.3,51.5,True,False,False,False
70.87,3,76.5,76.5,64.5,69.8,60.6,64.6,72.7,76.0,70.9,68.9,True,False,False,False
59.05,2,68.7,51.6,59.7,61.5,56.3,52.2,67.3,56.9,50.5,65.7,True,False,False,False
61.39,2,64.4,55.8,67.9,59.9,68.6,64.6,68.5,56.4,55.1,61.2,False,False,False,False
61.06,2,62.8,66.4,61.9,64.3,65.5,68.7,54.5,56.4,55.8,65.4,True,False,False,False
64.39,3,69.0,72.1,67.4,67.4,68.3,73.2,76.3,73.0,66.0,73.4,False,False,True,False
56.51,1,54.4,58.9,56.3,54.0,57.7,58.5,58.4,57.0,56.0,64.5,False,False,True,False
88.54,0,64.4,92.2,77.8,64.3,87.3,64.6,93.4,88.2,64.7,79.4,False,False,True,False
64.39,2,53.3,66.2,63.5,66.6,51.9,66.6,50.6,53.8,63.5,64.5,True,False,False,False
54.27,1,50.2,58.4,56.2,52.5,55.9,55.0,55.6,64.8,55.6,52.8,True,False,False,False
64.39,3,68.5,64.5,75.2,73.2,63.2,75.4,63.7,72.8,68.8,71.1,False,False,False,False
87.65,0,85.9,95.6,81.9,99.7,93.9,81.0,97.3,73.9,72.4,64.5,False,False,True,False
62.19,2,64.4,54.5,54.2,65.9,64.1,60.6,61.6,68.1,67.6,64.5,False,True,False,False
53.95,1,52.6,53.5,55.3,51.1,50.7,57.9,64.5,58.0,64.7,54.0,False,False,True,False
59.9,2,65.2,67.6,63.9,55.1,59.9,54.2,57.3,59.0,64.7,58.9,True,False,False,False
68.1,3,62.6,73.4,60.8,78.5,69.8,64.6,62.5,60.6,69.7,76.0,False,True,False,False
55.13,1,55.8,57.7,54.4,54.5,50.6,56.8,57.8,57.2,64.7,52.0,False,False,False,True
89.08,0,72.8,71.4,92.5,92.0,90.7,97.8,94.5,64.8,91.1,64.5,True,False,False,False
79.97,0,64.4,64.5,80.2,90.6,80.2,64.6,70.4,78.2,71.2,83.6,False,False,False,False
85.41,0,85.9,91.6,98.8,76.9,74.8,84.4,85.8,93.4,70.7,91.7,False,False,False,True
72.11,3,73.2,69.0,66.3,64.9,71.8,76.1,71.5,77.0,78.2,73.0,True,False,False,False
54.6,1,50.6,54.4,57.4,54.8,56.6,53.9,51.8,54.9,53.1,58.6,False,False,False,True
58.8,2,55.2,65.4,67.5,64.0,55.8,50.9,56.1,51.7,62.8,58.5,True,False,False,False
64.39,0,77.4,77.6,87.6,72.8,73.5,79.5,86.4,93.9,88.5,70.7,False,False,True,False
68.46,3,61.1,64.4,70.1,64.3,71.1,77.4,62.3,61.7,69.0,75.6,False,False,False,True
53.8,1,55.4,64.5,50.0,55.7,54.0,51.5,56.6,52.5,52.4,56.0,False,False,False,True
64.39,3,77.2,64.5,69.6,71.9,67.3,64.6,72.5,78.3,61.7,72.5,True,False,False,False
54.07,1,64.4,55.3,56.7,54.4,50.8,54.9,64.5,64.8,58.0,50.9,False,False,False,False
54.24,1,55.3,57.6,51.3,58.4,64.4,57.3,64.5,50.1,54.3,50.1,False,False,False,False
58.39,2,64.6,55.9,59.8,57.9,52.3,64.6,64.1,60.1,61.6,55.9,True,False,False,False
70.27,3,73.3,68.3,77.8,78.4,63.6,60.4,60.9,68.5,73.9,77.6,True,False,False,False
64.39,0,99.5,84.2,90.5,98.8,86.9,91.2,94.1,93.2,84.2,84.6,False,False,True,False
60.49,2,55.5,61.4,59.5,58.9,59.7,65.0,65.2,63.9,54.3,61.4,False,False,False,False
53.83,1,56.9,50.6,57.4,50.6,53.8,57.0,51.7,51.8,50.0,64.5,True,False,False,False
58.86,2,64.4,61.4,50.1,59.3,67.2,64.6,63.7,60.4,52.8,56.7,False,True,False,False
59.75,2,53.8,68.4,54.8,64.6,65.8,56.6,53.2,65.6,64.7,54.6,False,True,False,False
58.58,2,67.0,53.9,56.0,64.3,67.0,57.8,52.0,51.4,66.5,54.2,False,False,False,True
84.58,0,72.8,86.0,64.5,97.6,89.4,89.5,76.8,90.2,75.2,75.5,True,False,False,False
69.24,3,64.1,64.5,66.3,62.4,73.4,72.9,75.4,73.1,73.4,64.5,False,False,False,True
53.94,1,57.1,52.4,53.1,64.3,54.6,53.6,55.0,57.8,50.8,52.5,True,False,False,False
62.67,2,64.4,61.2,56.8,60.5,69.0,63.7,64.1,68.3,56.7,66.7,False,False,False,False
70.39,3,68.3,69.1,64.5,68.2,68.6,73.0,74.1,70.1,75.4,73.5,False,False,False,True
69.46,3,76.4,71.3,69.5,69.7,68.6,76.0,73.7,63.2,65.1,61.0,False,True,False,False
53.8,1,51.8,64.5,53.7,50.4,52.3,50.2,54.4,56.0,58.7,51.6,False,False,True,False
79.81,0,70.7,74.4,71.6,99.0,64.4,80.2,73.5,73.5,88.9,81.7,False,False,False,True
59.65,2,64.4,68.8,60.6,60.4,50.8,52.0,55.5,62.4,67.3,61.2,False,True,False,False
53.83,1,52.3,64.5,58.1,52.9,50.9,53.3,51.6,53.0,64.7,53.3,False,True,False,False
67.97,3,77.1,69.4,75.4,72.5,62.9,60.0,67.7,61.5,67.7,65.5,True,False,False,False
70.82,3,70.1,73.2,78.8,76.0,69.7,68.5,64.7,66.6,62.5,78.1,False,False,False,False
69.95,3,64.4,77.3,60.5,75.8,78.5,75.8,68.0,64.1,71.0,63.7,False,False,False,False
60.48,2,54.9,50.5,67.8,59.7,59.1,64.6,63.3,68.3,62.2,56.6,False,False,False,True
57.82,2,60.4,53.8,53.5,59.0,59.9,59.2,59.8,64.8,59.8,56.7,False,True,False,False
84.14,0,64.4,96.5,76.6,84.4,87.1,79.8,73.8,73.0,64.7,88.3,False,True,False,False
56.36,2,55.7,51.3,58.8,56.4,54.6,52.3,64.5,60.9,55.2,64.0,False,False,True,False
59.06,2,64.4,60.2,54.2,61.4,56.2,57.2,65.7,63.3,58.0,62.8,False,False,False,True
82.11,0,74.3,70.2,64.5,90.4,77.6,64.6,64.5,96.3,87.8,76.3,False,True,False,False
54.07,1,57.5,52.5,50.4,53.8,52.6,55.5,58.4,53.0,55.6,51.4,False,False,False,False
69.19,3,63.0,60.2,64.5,75.1,72.8,64.2,72.6,73.3,72.0,64.5,False,False,False,True
54.19,1,64.4,56.8,57.3,50.9,50.8,52.3,53.2,56.9,64.7,57.8,False,False,False,False
71.12,3,69.4,75.3,72.8,65.1,67.5,71.7,74.7,71.1,64.5,78.9,False,False,False,False
56.01,1,56.6,56.1,58.7,55.9,57.9,56.9,54.1,55.8,56.0,64.5,True,False,False,False
58.26,2,52.8,52.4,65.8,62.7,64.4,60.4,55.9,61.6,53.1,52.6,True,False,False,False
56.88,2,68.5,53.6,50.3,65.4,57.6,51.1,64.5,50.9,51.0,65.2,False,False,True,False
62.33,2,64.7,60.2,62.0,60.7,62.6,64.6,54.5,64.8,67.6,64.5,False,False,True,False
64.39,1,64.4,58.9,55.9,53.7,51.1,52.8,56.5,54.4,55.9,52.8,True,False,False,False
55.3,1,53.5,54.2,58.9,64.3,54.3,58.4,55.6,58.0,50.2,54.8,False,False,True,False
58.87,2,65.2,50.8,50.4,62.2,62.8,63.0,65.9,64.8,51.9,61.4,False,False,True,False
58.79,2,61.0,67.0,55.5,52.6,60.2,52.8,58.1,52.8,64.7,63.1,True,False,False,False
64.39,1,57.3,64.5,52.4,55.0,64.4,52.9,64.5,53.7,52.2,57.8,False,False,True,False
54.14,1,50.7,58.6,52.3,53.0,52.2,57.2,56.5,56.3,53.7,51.1,False,False,True,False
64.39,1,56.6,53.9,56.2,52.7,53.1,52.4,54.3,51.9,50.4,56.9,True,False,False,False
66.05,3,68.5,75.8,69.3,61.5,60.5,63.1,67.5,69.9,60.3,63.9,False,False,False,False
66.85,3,64.6,74.6,63.9,67.9,65.0,64.6,66.0,64.8,66.2,62.1,True,False,False,False
57.61,2,62.5,54.4,64.5,50.7,52.0,67.1,61.7,53.1,63.7,51.3,False,False,False,True
84.08,0,82.6,92.2,76.1,81.8,90.3,76.4,87.6,64.8,87.1,64.5,False,False,False,False
81.12,0,72.0,97.9,86.2,85.5,70.6,64.6,70.1,84.6,83.6,71.5,False,False,True,False
82.23,0,91.2,74.2,75.4,86.8,64.4,90.6,80.6,90.9,81.4,70.6,False,False,True,False
61.89,2,68.7,62.1,54.7,64.3,63.2,58.9,58.6,65.1,54.2,67.5,False,False,True,False
80.8,0,73.4,83.1,82.5,92.8,72.3,71.4,74.7,93.2,81.4,83.1,False,True,False,False
70.74,3,77.5,75.2,67.6,71.5,63.8,64.6,66.5,77.8,71.9,72.0,False,False,False,False
59.66,2,65.5,65.1,51.0,50.1,66.4,65.0,67.3,58.6,52.1,64.5,False,False,False,False
70.9,3,78.4,61.6,74.4,63.6,68.7,78.9,71.7,74.7,69.5,67.5,True,False,False,False
64.68,2,64.2,64.9,52.4,62.4,64.4,66.4,64.5,67.4,67.3,68.2,False,False,False,True
54.5,1,58.7,55.3,58.1,52.3,51.5,55.9,53.2,57.9,50.7,51.5,False,False,False,False
87.26,0,78.8,98.8,96.5,81.1,84.4,79.0,93.6,92.2,87.3,80.8,False,True,False,False
69.78,3,65.4,64.5,78.7,67.5,64.4,62.1,74.2,64.2,76.5,74.0,False,False,True,False
64.39,2,66.8,64.5,61.7,50.8,51.5,59.4,62.0,64.8,62.9,52.3,False,False,False,False
56.65,2,60.4,53.2,51.2,59.2,55.2,64.6,54.4,59.9,64.6,54.9,True,False,False,False
69.23,3,78.7,65.6,75.5,61.3,73.1,64.6,70.2,71.0,69.8,63.7,False,False,False,True
54.31,1,53.4,54.0,53.1,58.6,51.2,55.5,54.8,55.0,57.5,50.1,False,True,False,False
52.94,1,50.6,55.9,52.6,55.3,56.1,50.0,64.5,64.8,53.3,54.2,False,False,False,True
70.81,3,64.4,64.5,76.2,64.3,78.3,64.6,68.1,69.3,63.2,77.3,True,False,False,False
55.15,1,64.4,55.0,56.9,64.3,57.4,55.1,50.6,52.1,56.1,54.3,False,False,False,False
64.39,1,58.6,57.6,54.6,58.2,50.6,55.5,58.6,55.0,64.7,64.5,False,True,False,False
55.96,1,55.1,58.1,57.8,51.7,58.3,56.1,58.7,52.1,57.3,54.5,False,False,False,False
53.67,1,57.9,50.7,50.5,57.2,53.9,51.2,58.9,64.8,50.7,55.0,False,False,True,False
56.06,2,50.2,56.8,57.4,58.7,51.6,64.6,66.5,52.4,50.4,64.2,True,False,False,False
85.33,0,92.6,91.1,73.6,73.4,72.5,94.5,91.3,78.1,99.2,87.0,True,False,False,False
60.73,2,54.0,64.4,59.1,63.1,59.7,55.0,64.5,67.3,66.5,64.5,True,False,False,False
54.1,1,53.6,55.1,53.5,54.2,50.8,57.2,54.6,50.2,64.7,56.6,False,False,False,True
54.54,1,50.4,56.8,64.5,54.5,56.7,51.3,54.4,51.7,56.7,57.3,False,False,False,True
84.58,0,90.4,77.7,70.7,80.6,95.7,96.5,80.3,74.7,79.5,99.6,False,False,False,False
59.75,2,54.5,66.9,61.5,63.6,63.6,58.9,63.4,52.4,55.2,57.7,False,False,True,False
54.26,1,56.9,56.4,54.5,53.9,50.7,52.2,57.5,50.6,57.7,51.9,False,False,False,True
64.39,1,54.4,50.5,58.3,58.5,52.1,50.4,55.6,55.3,53.8,55.8,False,False,False,True
64.39,1,56.9,51.8,58.0,52.2,52.1,57.8,50.9,64.8,54.8,57.2,False,False,False,False
54.22,1,56.9,53.9,51.4,50.5,58.8,53.8,64.5,53.6,57.4,50.2,False,True,False,False
59.55,2,61.1,64.1,63.9,61.1,55.9,50.2,54.5,63.9,53.9,66.9,False,False,True,False
55.07,1,64.4,51.7,54.3,64.3,50.7,56.0,64.5,56.5,56.3,57.3,True,False,False,False
91.16,0,78.5,97.5,90.5,92.0,97.2,95.8,91.1,87.4,92.9,88.6,False,False,True,False
87.41,0,93.3,92.8,91.4,95.5,74.6,93.6,99.0,78.6,84.4,70.9,False,True,False,False
67.35,3,66.5,71.5,72.6,63.9,73.4,71.7,64.6,63.4,61.3,64.7,False,False,False,False
54.78,1,57.6,53.9,55.8,55.1,57.4,56.5,64.5,56.5,50.0,51.5,False,True,False,False
81.94,0,80.8,71.5,70.5,90.8,85.6,92.7,81.6,77.2,87.1,81.5,True,False,False,False
61.01,2,50.7,65.3,59.4,64.3,68.7,67.9,51.2,59.4,54.2,66.7,False,False,True,False
56.47,2,56.8,55.3,58.8,50.4,53.9,64.6,68.0,52.4,64.7,50.9,False,True,False,False
85.83,0,87.0,92.1,84.0,86.4,85.1,72.8,92.8,92.2,72.6,93.4,False,False,False,True
54.41,1,64.4,53.3,56.2,58.0,57.6,52.9,52.3,50.2,64.7,58.6,True,False,False,False
85.82,0,92.9,92.8,89.4,87.0,98.5,77.2,70.4,64.8,87.7,88.6,True,False,False,False
88.16,0,90.7,84.2,89.4,77.5,88.0,85.1,99.3,96.2,87.0,84.4,False,False,False,True
86.34,0,78.7,94.6,90.1,78.7,93.3,85.8,84.3,93.7,72.1,92.1,False,True,False,False
84.0,0,72.8,75.5,98.3,77.6,79.5,91.6,64.5,76.7,92.3,84.3,True,False,False,False
67.74,3,70.2,72.1,66.9,60.8,61.3,73.8,62.2,71.9,73.2,65.1,False,True,False,False
53.93,1,52.1,50.2,58.0,56.5,51.9,64.6,64.5,55.2,51.1,55.4,False,True,False,False
88.28,0,64.4,86.2,70.1,84.1,86.6,87.0,91.4,91.7,93.8,99.7,False,False,False,False
84.36,0,99.6,92.3,84.5,93.6,64.4,64.6,79.5,94.1,73.3,70.6,False,False,True,False
54.87,1,50.4,53.6,50.9,54.9,53.6,64.6,58.5,56.3,55.3,58.5,True,False,False,False
64.39,1,52.0,55.8,55.9,51.9,64.4,51.2,53.8,64.8,64.7,56.1,False,True,False,False
86.39,0,86.8,73.6,64.5,92.1,95.5,96.4,90.6,90.0,80.8,83.6,True,False,False,False
84.09,0,75.5,79.0,99.6,77.9,86.0,81.9,83.9,84.7,86.9,64.5,False,False,False,True
67.88,3,64.4,74.6,63.3,69.4,70.7,68.0,64.8,62.6,78.6,65.3,False,False,False,True
89.17,0,72.7,99.0,89.3,89.5,64.4,83.2,81.9,94.8,99.5,99.8,False,False,True,False
54.71,1,51.5,55.6,56.9,53.2,51.0,58.1,54.9,51.9,56.0,57.8,True,False,False,False
53.94,1,50.9,58.3,52.5,56.6,53.8,53.9,53.2,53.7,53.0,53.5,False,True,False,False
70.82,3,66.3,72.3,65.4,78.5,77.5,78.2,66.7,67.7,72.4,64.5,True,False,False,False
88.84,0,90.9,79.1,93.2,90.2,94.1,97.2,83.2,100.0,64.7,79.2,True,False,False,False
80.54,0,80.7,83.8,93.4,71.8,64.4,82.7,74.0,78.6,91.7,74.0,True,False,False,False
54.49,1,57.6,51.1,54.2,55.6,53.5,58.7,56.1,51.0,56.6,50.4,False,False,False,True
61.64,2,67.6,61.8,64.5,66.3,54.9,66.1,59.2,53.3,62.1,56.7,True,False,False,False
70.32,3,67.3,76.1,76.5,64.6,61.4,78.2,71.4,60.4,76.2,64.5,False,False,True,False
57.14,2,52.6,60.0,64.7,65.9,51.7,63.5,53.8,53.1,64.7,53.4,False,False,False,False
57.53,2,64.4,61.3,50.2,56.7,52.5,64.6,51.6,62.4,64.9,56.9,True,False,False,False
55.61,1,53.9,53.2,58.3,56.8,64.4,64.6,58.8,57.9,54.6,50.5,False,False,False,False
53.47,1,64.4,52.6,55.6,51.8,55.1,53.0,57.2,52.8,53.9,51.4,False,False,True,False
55.47,1,50.6,57.2,57.3,58.2,58.4,55.6,54.0,64.8,54.9,50.3,True,False,False,False
64.39,1,52.8,56.2,58.3,53.5,54.7,51.0,58.1,56.1,53.3,54.2,False,True,False,False
53.99,1,58.3,64.5,56.7,52.2,50.9,51.8,54.8,55.7,52.3,51.7,False,False,False,True
70.41,3,64.4,68.5,74.8,64.6,74.3,72.2,64.5,60.2,68.1,78.8,False,True,False,False
64.39,0,94.6,64.5,64.5,87.5,92.7,70.5,64.5,82.8,83.2,95.6,True,False,False,False
73.09,3,64.5,69.0,64.5,69.4,78.9,70.4,74.3,64.8,77.8,75.2,False,False,True,False
64.39,3,67.7,74.7,74.3,61.9,70.9,64.6,64.5,77.3,75.5,76.3,False,False,True,False
53.91,1,51.3,54.7,57.1,64.3,54.7,50.5,64.5,64.8,53.4,52.1,True,False,False,False
54.67,1,64.4,54.7,57.8,55.1,57.5,57.1,64.5,52.7,53.4,52.3,False,False,True,False
55.17,1,53.4,57.1,55.8,56.8,58.7,58.4,51.4,55.7,50.6,53.9,False,False,True,False
54.75,1,54.5,54.1,56.3,57.1,64.4,57.3,55.9,55.1,64.7,55.4,False,True,False,False
59.34,2,60.1,59.2,50.9,62.3,64.4,55.0,52.9,68.7,66.1,56.5,False,True,False,False
56.57,2,56.3,65.0,57.0,55.1,58.4,60.4,53.7,53.3,64.7,55.4,False,False,False,False
69.22,3,63.1,62.2,77.3,65.3,61.6,77.7,73.4,74.1,72.1,64.5,False,False,False,True
69.88,3,78.3,67.2,60.4,67.5,73.9,67.2,70.5,77.7,71.7,64.4,False,True,False,False
64.39,1,58.5,53.1,56.9,64.3,54.4,50.2,51.3,58.3,57.3,57.9,False,False,True,False
54.48,1,58.1,55.6,55.9,51.1,64.4,54.2,54.4,53.6,50.3,53.0,False,True,False,False
57.96,2,64.4,68.2,68.8,54.0,51.8,51.6,57.6,52.9,58.1,66.6,True,False,False,False
64.39,1,53.8,56.8,52.0,58.0,64.4,52.0,55.6,51.2,52.5,57.5,True,False,False,False
54.75,1,54.2,58.6,58.7,64.3,54.2,58.0,50.2,55.2,52.1,53.9,True,False,False,False
60.8,2,67.2,63.6,64.6,51.7,61.5,64.6,59.4,60.8,64.1,64.0,True,False,False,False
82.62,0,64.4,93.5,78.1,64.3,80.7,91.8,80.1,92.2,74.2,76.8,True,False,False,False
85.27,0,93.6,97.4,91.2,64.3,82.0,75.0,93.8,77.7,72.4,72.9,False,True,False,False
53.82,1,56.2,55.0,52.3,53.6,56.1,56.7,57.2,64.8,50.9,50.0,True,False,False,False
55.37,1,64.4,56.8,64.5,50.1,58.2,56.5,53.2,58.6,50.9,54.7,False,False,False,True
69.4,3,71.7,73.1,64.2,76.9,64.4,60.0,71.6,67.5,64.8,69.0,True,False,False,False
59.74,2,64.4,50.6,64.8,53.4,68.1,52.0,64.8,58.1,58.0,61.8,False,True,False,False
57.57,2,63.2,65.1,51.3,54.0,64.4,52.7,64.5,51.8,59.5,59.7,False,False,True,False
82.95,0,92.1,74.8,88.1,80.9,85.7,81.2,77.0,88.5,86.2,74.9,False,True,False,False
64.39,0,73.5,75.3,95.3,82.4,82.6,85.3,76.6,95.9,64.7,64.5,True,False,False,False
64.39,3,64.9,75.5,62.3,60.8,63.5,74.5,70.8,68.0,72.7,69.1,False,True,False,False
58.37,2,64.4,58.5,64.5,56.4,59.1,58.7,64.5,61.4,52.3,56.1,False,False,False,True
68.95,3,63.7,64.5,61.5,64.3,78.5,71.6,67.4,68.7,65.9,67.9,False,False,True,False
88.54,0,95.9,97.0,86.9,90.0,91.0,90.2,71.3,97.3,77.1,88.7,True,False,False,False
69.24,3,71.8,71.5,61.0,60.3,76.1,63.2,75.1,69.6,71.0,72.9,False,False,True,False
70.1,3,60.4,71.3,62.5,71.8,63.9,73.5,78.8,77.8,78.0,62.9,False,False,True,False
58.92,2,57.4,59.8,51.6,54.3,64.7,68.0,61.4,56.9,58.2,57.0,False,False,True,False
60.02,2,61.6,53.7,62.8,54.1,56.7,66.9,59.5,62.3,63.1,59.4,False,False,True,False
85.65,0,91.9,95.7,81.6,72.7,79.3,85.1,81.0,81.6,89.8,97.9,False,True,False,False
64.39,1,51.8,55.3,55.1,53.1,56.4,55.3,52.2,52.8,51.0,64.5,False,False,True,False
60.4,2,51.7,67.2,55.1,67.1,55.2,61.6,63.5,57.9,56.6,68.1,True,False,False,False
55.87,1,57.4,52.8,53.8,64.3,58.5,57.7,55.6,58.0,51.1,56.6,False,False,False,False
58.89,2,64.4,53.9,66.9,55.1,52.7,63.7,64.1,59.1,51.1,57.3,True,False,False,False
88.88,0,83.2,79.5,87.6,99.3,92.3,84.7,97.5,88.9,87.6,88.3,False,False,True,False
55.14,1,55.2,50.2,58.4,64.3,55.6,58.4,64.5,53.8,58.4,53.5,True,False,False,False
58.61,2,61.3,51.9,64.5,57.6,56.6,52.5,61.0,68.4,55.4,64.5,False,False,False,False
87.45,0,87.6,95.2,92.0,64.3,80.0,64.6,94.5,88.7,98.4,64.5,False,False,False,False
60.28,2,64.4,67.2,60.2,62.4,67.6,64.6,51.7,65.0,61.0,57.5,False,False,True,False
77.86,0,76.5,70.6,78.2,78.5,70.7,85.6,78.4,74.5,93.1,72.4,True,False,False,False
70.92,3,77.0,73.3,63.6,74.5,67.5,73.8,66.0,65.7,64.7,64.5,False,False,False,False
64.39,3,64.4,76.7,69.4,78.5,78.0,71.8,67.5,64.8,76.0,66.6,False,False,False,True
59.07,2,64.8,64.5,59.1,52.9,67.4,52.0,62.5,57.4,52.9,60.1,False,False,False,True
53.79,1,64.4,50.5,64.5,57.5,55.7,51.1,54.9,51.6,50.0,54.0,True,False,False,False
85.88,0,98.9,91.6,98.7,99.1,71.1,74.6,84.1,87.9,73.1,79.8,True,False,False,False
54.49,1,64.4,51.6,56.8,57.7,51.4,58.6,52.8,50.9,56.7,57.5,False,False,False,False
59.48,2,66.7,55.5,57.6,61.6,58.4,51.7,55.7,59.1,66.8,61.7,True,False,False,False
55.49,1,52.7,55.2,52.6,55.8,53.5,55.4,55.8,57.5,57.7,58.9,False,False,False,False
84.61,0,96.7,80.8,77.1,89.3,72.8,95.6,93.1,86.0,79.6,75.1,True,False,False,False
85.15,0,84.4,83.5,76.4,97.9,98.1,97.7,75.7,71.4,83.4,83.1,False,False,False,True
62.6,2,54.3,60.3,63.7,61.8,64.4,60.7,64.3,66.3,63.1,66.8,False,False,False,False
57.04,2,51.5,66.7,63.5,51.0,51.4,50.4,51.2,61.3,68.8,54.6,True,False,False,False
55.46,1,51.6,56.1,56.7,57.3,58.9,56.2,56.7,52.1,52.7,56.4,True,False,False,False
82.84,0,85.5,64.5,89.1,64.3,84.0,87.6,91.1,70.6,70.7,64.5,False,False,True,False
54.77,1,53.2,51.9,54.0,58.7,56.4,58.6,54.3,64.8,50.5,55.5,False,False,False,False
89.39,0,98.6,64.5,80.3,84.3,93.5,96.4,92.4,93.0,71.9,88.7,True,False,False,False
70.29,3,69.5,77.5,64.5,68.4,66.0,64.6,76.8,78.0,62.1,62.5,False,True,False,False
85.69,0,84.9,82.6,80.6,97.6,82.2,94.8,83.0,72.7,95.0,83.4,False,False,False,True
54.28,1,54.5,55.2,51.6,51.9,50.5,53.4,53.8,57.4,64.7,57.2,False,True,False,False
64.39,0,93.6,99.3,87.6,78.5,78.4,85.5,92.6,75.7,91.5,78.1,True,False,False,False
59.15,2,68.9,61.9,64.5,52.8,56.7,64.7,58.8,50.3,54.4,64.5,True,False,False,False
64.39,0,70.5,94.1,78.5,70.8,82.4,97.8,78.5,79.7,80.4,91.1,False,False,False,True
53.04,1,54.4,53.8,53.3,55.6,50.7,54.6,51.8,50.6,64.7,54.2,False,True,False,False
80.96,0,71.2,87.4,95.5,73.9,78.1,95.9,88.5,70.5,64.7,71.3,False,True,False,False
67.53,3,72.6,67.4,65.0,64.4,60.3,68.8,61.6,71.0,64.7,65.7,False,False,False,False
54.69,1,57.6,58.8,50.5,55.9,53.6,58.0,54.9,53.4,52.2,52.0,False,True,False,False
85.38,0,90.4,83.3,77.5,88.7,93.1,75.2,96.4,95.8,70.7,82.8,True,False,False,False
54.36,1,56.1,56.6,50.1,53.0,50.5,51.2,57.1,58.7,58.3,52.0,True,False,False,False
82.67,0,87.4,77.6,64.5,64.3,78.8,78.2,64.5,70.9,91.1,80.1,False,True,False,False
66.87,3,70.0,64.5,61.3,63.3,65.3,76.4,61.3,69.5,76.0,64.7,False,False,True,False
84.84,0,90.3,82.1,93.2,74.3,99.5,70.8,79.7,88.2,89.3,80.9,False,False,False,False
59.82,2,55.9,67.7,57.1,50.2,64.4,62.9,62.0,65.3,63.4,58.6,False,True,False,False
54.79,1,64.4,54.8,64.5,55.2,50.8,57.3,64.5,55.4,58.6,52.1,False,False,False,True
59.15,2,64.4,67.3,64.5,52.9,60.4,60.8,63.1,64.8,54.3,52.5,False,True,False,False
54.67,1,64.4,54.2,56.5,51.7,51.7,50.2,58.6,57.9,58.7,52.9,False,False,False,True
86.45,0,77.2,96.6,73.8,75.0,92.3,92.2,96.7,82.4,83.1,95.2,False,False,False,True
53.58,1,54.9,64.5,51.6,52.5,50.6,50.6,55.0,58.0,56.4,55.1,False,True,False,False
81.24,0,90.1,77.2,90.3,72.1,72.2,90.5,92.8,79.1,64.7,76.3,False,True,False,False
68.88,3,60.7,61.8,78.6,71.1,64.7,62.7,78.2,64.9,64.7,64.5,True,False,False,False
59.57,2,59.5,58.8,67.2,63.6,51.8,58.6,51.7,64.8,56.4,59.3,False,False,False,False
60.58,2,60.5,59.0,62.4,64.3,61.6,65.5,66.3,60.6,52.5,51.7,True,False,False,False
57.95,2,64.4,56.7,53.6,50.0,68.6,57.7,53.8,62.7,57.6,53.2,True,False,False,False
85.45,0,93.6,82.7,80.3,77.8,74.7,74.0,86.8,97.5,96.2,91.1,False,False,True,False
56.63,2,55.8,50.6,68.1,51.5,55.9,54.3,57.1,60.7,50.9,61.4,True,False,False,False
85.03,0,77.6,92.1,93.6,90.3,90.1,94.7,70.4,77.7,82.2,81.6,True,False,False,False
55.0,1,57.5,54.4,52.6,64.3,57.5,57.3,54.4,51.4,50.6,56.9,True,False,False,False
68.43,3,64.4,64.1,71.0,72.5,60.9,69.1,64.5,65.3,68.5,73.4,False,False,False,False
60.49,2,63.3,60.2,62.3,60.5,61.7,62.1,51.6,58.1,60.7,64.3,False,False,False,False
54.99,1,54.7,53.0,64.5,55.6,64.4,56.7,54.5,54.9,56.6,56.5,False,True,False,False
69.88,3,72.0,74.7,63.8,68.4,61.9,64.7,74.4,69.5,70.7,78.6,True,False,False,False
71.42,3,75.6,67.3,72.3,62.1,69.7,77.6,77.7,64.8,71.8,77.4,False,False,True,False
67.35,3,69.5,66.9,64.5,66.1,61.3,66.7,63.7,72.3,64.7,68.3,True,False,False,False
67.4,3,65.4,69.8,67.8,67.2,63.5,64.7,75.4,67.9,71.2,61.0,False,False,False,True
69.03,3,75.3,63.0,66.6,61.3,67.0,64.6,77.7,76.0,64.4,64.5,False,False,True,False
60.97,2,65.7,52.9,50.1,63.6,67.7,66.7,60.8,68.6,50.9,62.7,False,False,False,True
60.67,2,66.9,66.9,67.5,52.0,68.2,64.6,56.4,62.7,51.9,59.8,True,False,False,False
53.71,1,54.7,64.5,50.5,50.2,58.8,51.0,51.8,57.3,54.1,53.3,True,False,False,False
54.05,1,50.9,50.4,56.1,64.3,53.4,57.1,57.0,52.6,53.2,54.8,False,False,True,False
68.3,3,64.8,74.5,64.5,62.3,75.6,64.6,78.7,77.3,60.8,61.7,False,False,True,False
71.84,3,75.2,76.9,77.4,60.8,68.1,77.2,74.3,70.2,61.2,64.5,True,False,False,False
69.27,3,60.2,67.9,62.4,71.9,75.7,67.1,64.5,76.8,64.7,72.1,False,False,True,False
69.18,3,61.2,65.2,63.7,77.6,63.0,69.4,73.8,75.9,66.1,64.5,False,True,False,False
61.14,2,64.4,67.3,55.5,61.3,57.3,51.5,68.3,67.1,60.4,67.8,True,False,False,False
64.39,2,65.5,51.9,64.4,60.4,65.3,66.6,64.5,63.2,62.8,64.5,False,False,True,False
57.01,2,50.0,56.0,55.8,53.0,60.9,60.1,54.9,59.8,52.6,67.0,True,False,False,False
55.08,1,64.4,54.0,58.0,64.3,56.6,54.9,50.5,52.7,57.1,52.4,False,False,False,False
71.21,3,78.6,70.5,67.0,64.3,64.4,72.5,76.3,61.7,66.9,65.9,False,True,False,False
53.53,1,52.3,51.2,56.5,57.9,50.9,53.9,50.2,50.7,54.5,57.2,True,False,False,False
53.57,1,51.5,50.8,58.7,50.8,50.4,55.9,52.0,57.4,55.9,52.2,True,False,False,False
66.76,3,73.4,67.0,64.5,61.9,70.9,63.9,63.1,70.7,60.9,66.6,False,True,False,False
67.25,3,64.4,76.4,62.1,64.3,60.8,61.2,68.6,72.8,77.3,65.5,False,True,False,False
64.39,3,61.4,60.8,64.2,73.4,63.3,67.9,68.8,74.5,78.8,63.1,True,False,False,False
54.31,1,58.8,52.6,52.8,51.0,52.7,58.6,64.5,58.8,53.2,64.5,True,False,False,False
54.94,1,52.1,64.5,54.7,55.7,58.2,58.6,64.5,50.1,51.0,56.5,True,False,False,False
60.96,2,64.4,50.2,55.6,67.7,68.2,64.6,57.4,58.8,67.4,66.3,True,False,False,False
82.37,0,74.5,71.1,64.5,78.9,80.1,93.5,81.8,71.6,85.5,64.5,True,False,False,False
65.81,3,66.5,64.2,71.8,64.3,64.4,65.5,74.5,64.8,60.8,66.8,True,False,False,False
55.31,1,55.2,55.4,55.6,54.8,51.3,56.9,58.3,53.2,53.7,58.6,True,False,False,False
64.39,2,61.1,56.5,58.3,57.9,57.8,66.7,56.8,57.7,52.9,62.3,False,False,True,False
84.62,0,88.4,76.9,96.3,79.6,90.1,95.5,81.1,82.0,70.6,64.5,False,True,False,False
58.67,2,62.2,50.4,58.1,60.9,64.4,52.8,61.7,53.2,61.3,60.7,True,False,False,False
86.07,0,64.4,91.7,94.6,93.9,98.4,82.0,75.3,64.8,82.6,77.7,False,True,False,False
70.03,3,64.4,62.2,75.3,64.3,78.2,74.6,66.2,66.3,72.1,74.9,True,False,False,False
80.8,0,85.7,80.6,75.9,64.3,88.9,85.0,64.5,64.8,93.4,83.3,True,False,False,False
53.31,1,50.7,50.6,50.6,56.3,53.8,56.8,53.0,55.9,50.1,55.3,False,True,False,False
54.92,1,53.0,53.3,57.2,56.8,56.9,50.5,56.6,64.8,50.1,56.6,True,False,False,False
64.39,1,57.1,51.7,51.9,51.2,55.2,51.4,58.2,50.8,53.3,54.5,False,False,False,True
56.75,2,64.4,61.1,63.2,51.2,61.1,64.6,52.5,64.8,55.2,58.6,False,False,False,False
90.24,0,86.5,94.8,93.2,95.3,99.1,82.5,97.5,85.8,77.3,90.3,False,False,False,False
86.63,0,90.6,97.2,92.8,83.8,95.2,77.8,88.2,76.7,84.6,79.3,False,False,False,True
64.39,2,54.5,65.5,59.9,62.4,57.1,52.2,64.5,50.1,67.6,59.9,False,False,False,False
79.74,0,70.0,73.3,64.5,77.4,83.2,72.5,85.9,90.1,77.4,75.0,False,False,False,True
85.31,0,96.8,90.4,91.8,77.6,64.4,91.8,76.9,75.7,70.6,94.6,True,False,False,False
59.09,2,56.9,59.0,53.1,58.5,58.4,57.8,66.6,58.3,60.5,61.9,False,True,False,False
88.27,0,96.7,73.5,96.7,96.4,89.5,90.9,90.2,77.2,89.6,82.1,False,False,False,True
81.28,0,75.7,89.3,94.3,93.9,64.4,72.7,79.4,72.5,71.4,76.1,False,False,True,False
64.39,0,64.4,91.4,79.3,95.3,93.5,97.1,64.5,72.4,72.1,95.4,False,False,False,True
87.53,0,79.1,98.7,88.5,89.3,89.3,75.8,98.9,79.6,96.7,79.4,False,False,True,False
61.96,2,58.6,52.1,59.4,67.5,59.9,64.6,68.7,63.4,56.8,64.5,False,True,False,False
72.41,3,64.4,64.5,74.9,78.4,70.3,73.0,75.5,68.9,73.2,70.3,False,False,False,False
54.98,1,56.8,55.6,64.5,53.2,52.3,56.7,58.6,57.0,51.5,51.0,False,False,False,False
60.28,2,64.9,52.6,64.5,67.4,50.4,62.9,57.5,64.8,63.0,62.0,True,False,False,False
83.58,0,71.3,83.7,77.1,95.0,90.7,77.5,100.0,77.8,71.3,91.5,False,False,False,True
53.13,1,64.4,54.7,50.9,50.3,52.0,57.2,50.3,50.4,59.0,55.4,True,False,False,False
64.39,3,77.8,69.9,71.5,65.7,60.6,65.4,68.1,76.7,70.1,64.5,False,True,False,False
60.89,2,64.4,65.7,53.5,61.7,62.2,64.6,63.8,58.7,52.3,64.5,False,False,True,False
55.39,1,54.3,58.3,55.3,56.3,50.7,64.6,58.5,54.4,58.5,51.2,True,False,False,False
55.51,1,52.5,51.9,58.0,58.0,53.9,57.5,64.5,53.7,57.5,56.6,False,False,False,False
70.48,3,66.4,62.4,64.5,78.7,76.7,78.5,77.5,66.6,64.1,60.5,True,False,False,False
53.34,1,52.1,57.5,50.3,64.3,64.4,51.6,53.8,52.7,50.8,64.5,False,False,True,False
87.79,0,95.3,83.0,64.5,94.6,64.4,91.4,89.7,64.8,96.8,91.9,False,False,False,True
60.05,2,61.0,53.1,53.6,69.0,52.1,59.9,61.6,58.6,65.1,66.5,True,False,False,False
64.39,0,77.4,97.9,75.1,64.3,64.4,94.8,94.6,96.5,64.7,82.8,False,False,False,False
54.61,1,52.4,53.8,64.5,57.8,53.0,57.4,64.5,64.8,54.4,56.8,True,False,False,False
72.51,3,71.4,75.8,78.7,70.9,76.7,63.6,74.9,72.1,73.8,67.4,True,False,False,False
83.72,0,73.5,75.4,93.8,91.8,86.6,75.0,81.6,80.6,79.3,99.7,False,False,True,False
64.39,3,73.9,71.1,63.8,69.3,71.2,78.2,63.9,72.7,74.9,76.0,False,True,False,False
80.62,0,76.4,80.9,72.5,70.4,74.4,64.6,77.4,82.1,98.8,95.8,False,True,False,False
56.53,2,61.4,53.4,55.1,53.0,56.6,65.9,65.6,52.1,64.7,64.5,False,False,True,False
68.44,3,64.7,70.8,64.5,74.7,76.5,60.6,60.6,66.5,70.6,61.3,True,False,False,False
68.63,3,71.3,62.5,75.7,62.4,62.8,71.9,64.9,64.8,75.1,69.5,True,False,False,False
58.28,2,68.8,64.4,51.7,50.1,64.4,52.6,50.5,66.7,58.6,64.1,False,True,False,False
59.25,2,51.7,68.5,55.8,62.1,58.1,54.9,59.6,60.0,67.1,54.6,False,False,False,False
89.7,0,78.3,82.8,92.4,64.3,94.7,99.7,86.9,64.8,94.4,88.3,False,True,False,False
61.97,2,68.6,65.6,50.1,58.4,65.8,67.6,68.1,52.1,64.7,64.5,True,False,False,False
72.55,3,78.6,64.2,71.2,76.1,64.4,76.1,71.7,62.2,78.8,71.1,False,True,False,False
54.78,1,51.8,54.1,58.0,56.8,56.8,53.7,54.6,52.6,53.8,55.8,True,False,False,False
58.77,2,64.4,58.7,62.0,59.8,60.3,58.1,60.4,54.3,54.9,61.7,False,False,False,True
55.01,1,64.4,64.5,55.0,64.3,50.6,64.6,58.8,57.7,51.2,56.0,True,False,False,False
58.53,2,58.0,62.6,53.3,60.8,61.0,55.5,55.5,59.1,64.3,55.2,False,True,False,False
72.18,3,71.5,64.7,72.9,78.8,66.2,72.3,74.2,75.2,77.1,68.8,False,False,True,False
80.89,0,85.2,78.9,71.0,92.7,73.0,77.3,87.9,86.5,64.7,83.5,False,False,False,False
54.7,1,51.1,57.6,56.7,52.3,54.8,56.0,57.4,57.6,50.4,53.1,False,False,True,False
71.85,3,72.0,64.5,68.1,78.1,65.0,70.3,69.5,77.6,76.9,72.0,False,False,False,True
53.44,1,54.3,53.9,50.7,51.7,64.4,54.2,58.0,52.5,64.7,51.0,True,False,False,False
69.64,3,64.4,63.4,64.5,66.2,73.4,75.7,76.4,60.5,75.5,70.7,False,False,False,True
87.48,0,97.0,94.5,85.8,96.5,94.2,81.1,76.8,77.5,87.5,83.9,False,True,False,False
54.89,1,54.3,57.3,56.4,56.6,64.4,54.9,52.8,52.4,55.7,57.2,False,False,True,False
58.93,2,52.8,67.4,56.4,55.2,63.2,64.6,64.5,50.2,63.4,65.9,False,False,False,True
54.61,1,58.7,52.5,53.1,58.1,52.1,64.6,52.9,55.1,53.1,56.8,False,False,False,False
53.71,1,55.3,52.4,64.5,53.1,51.2,55.8,53.4,52.8,55.0,52.2,True,False,False,False
82.64,0,73.2,71.3,93.1,84.4,71.7,86.9,75.8,92.4,98.7,78.8,False,True,False,False
54.33,1,54.6,56.2,50.0,64.3,58.3,64.6,55.0,64.8,64.7,64.5,False,False,True,False
86.69,0,83.3,97.7,77.3,82.1,83.1,92.2,64.5,77.0,99.9,79.9,False,False,False,True
58.88,2,60.4,56.8,64.8,63.7,51.3,68.1,63.0,51.1,59.2,50.3,False,False,True,False
54.02,1,50.4,55.3,58.5,51.3,56.7,57.9,50.8,53.0,55.1,51.1,True,False,False,False
70.26,3,77.8,71.9,64.5,64.3,67.8,64.6,64.5,71.1,74.5,64.0,False,True,False,False
59.3,2,60.8,59.1,58.4,57.0,64.4,60.3,64.5,57.9,59.6,67.3,False,False,False,False
85.8,0,78.0,91.1,89.5,82.8,86.4,87.5,98.6,64.8,73.0,83.7,False,False,False,False
60.31,2,67.6,65.1,52.9,67.0,51.4,55.4,67.7,54.9,58.4,62.7,False,False,True,False
61.29,2,62.6,53.6,53.4,64.3,61.5,67.1,61.9,66.1,56.0,65.3,False,True,False,False
53.63,1,51.8,51.6,50.2,58.5,55.1,52.1,54.8,51.2,57.4,53.7,True,False,False,False
64.39,2,61.6,55.3,68.2,53.9,64.8,68.4,56.2,52.5,52.0,50.5,True,False,False,False
54.22,1,54.3,51.3,54.8,53.0,64.4,58.4,64.5,58.8,51.8,53.4,True,False,False,False
53.51,1,55.4,52.6,52.6,51.5,51.9,50.2,56.7,54.8,53.0,56.4,False,False,False,False
64.39,2,53.8,53.6,65.7,64.3,64.4,57.8,61.8,56.0,57.6,68.5,False,False,False,False
58.78,2,53.7,56.1,52.6,67.7,52.5,60.5,62.5,54.0,68.5,59.8,False,False,True,False
59.94,2,67.8,54.5,51.9,67.7,60.0,65.1,64.9,61.8,53.7,52.0,False,False,True,False
86.11,0,73.9,97.0,98.2,95.6,86.3,81.1,73.4,64.8,97.5,85.4,False,False,True,False
82.58,0,89.3,64.5,74.1,82.6,87.2,74.4,83.5,76.4,92.3,91.3,True,False,False,False
86.55,0,77.0,90.3,81.1,64.3,88.7,77.5,86.5,91.1,95.4,97.1,False,False,True,False
88.22,0,77.0,85.2,89.9,89.0,94.9,93.2,64.5,84.2,96.1,94.7,False,False,False,False
85.14,0,64.4,80.1,84.7,99.1,98.0,64.6,77.9,70.9,90.4,91.4,True,False,False,False
64.39,1,56.3,53.7,53.4,53.4,56.7,51.4,56.0,57.7,52.9,50.4,False,False,False,True
69.44,3,62.4,65.9,72.6,69.2,68.7,64.6,62.6,65.6,77.2,75.4,False,False,True,False
85.68,0,91.2,99.0,72.3,93.7,91.4,76.6,74.8,77.6,91.5,88.7,False,True,False,False
86.29,0,72.8,99.2,83.3,93.1,98.8,87.3,64.5,96.2,86.8,73.8,True,False,False,False
89.75,0,93.2,95.1,74.4,90.9,64.4,97.3,93.1,86.3,89.0,80.0,True,False,False,False
66.7,3,61.0,69.5,67.5,63.6,66.1,64.9,69.6,67.8,69.9,67.1,True,False,False,False
83.61,0,88.4,64.5,84.3,95.3,85.8,77.8,74.4,82.9,74.7,84.7,True,False,False,False
64.39,0,78.2,81.1,78.8,85.2,75.9,87.6,89.7,72.7,72.8,97.4,False,False,True,False
61.08,2,68.0,67.3,62.7,58.6,64.4,64.1,62.5,50.4,58.1,54.7,True,False,False,False
74.04,3,70.1,74.9,74.9,63.5,78.2,72.4,78.8,70.3,78.9,78.2,False,False,False,True
58.0,2,51.5,59.9,61.0,63.2,60.3,52.0,58.6,53.5,52.6,67.4,False,False,True,False
63.94,3,66.6,71.1,62.3,60.5,60.7,62.5,60.6,60.5,65.9,68.8,False,True,False,False
87.2,0,76.7,90.4,88.6,97.8,85.9,97.0,99.3,72.6,93.0,70.7,False,False,True,False
71.36,3,61.5,64.5,78.5,73.6,69.7,66.4,75.2,66.7,76.7,74.7,False,False,False,False
86.17,0,95.4,93.3,64.5,95.7,98.7,80.3,95.0,79.1,64.7,76.4,True,False,False,False
60.92,2,64.4,53.6,63.7,61.0,58.2,60.7,60.0,62.0,68.8,65.2,False,True,False,False
69.94,3,62.1,67.2,65.0,64.3,76.3,68.2,77.0,65.3,73.9,75.9,False,False,True,False
70.74,3,62.1,78.4,68.5,73.3,74.9,71.3,60.1,68.6,73.5,76.7,False,True,False,False
59.19,2,57.4,50.8,67.8,68.1,52.3,67.9,59.5,63.3,64.7,52.6,False,False,False,True
70.68,3,77.0,76.3,77.4,67.6,61.1,72.5,73.9,75.4,63.3,62.3,True,False,False,False
69.9,3,67.0,63.1,64.5,77.3,73.2,73.3,60.4,63.4,64.3,78.7,False,False,False,True
68.27,3,71.0,71.9,62.1,65.5,74.9,64.6,75.0,67.1,61.5,68.8,False,False,False,False
58.87,2,50.6,64.5,58.3,62.0,66.1,51.3,53.3,57.2,64.2,61.4,True,False,False,False
64.39,3,76.7,66.0,73.3,61.2,76.4,61.7,67.1,60.7,67.6,60.3,False,False,True,False
83.92,0,71.1,72.3,91.2,74.8,89.1,91.9,83.9,85.6,82.1,97.0,False,False,False,False
54.56,1,53.5,52.7,55.8,57.7,50.8,55.1,58.2,51.3,52.0,58.5,True,False,False,False
54.24,1,54.2,56.2,64.5,58.5,52.5,64.6,52.0,64.8,53.8,53.2,False,False,True,False
83.63,0,73.6,96.1,89.1,80.7,72.4,81.9,85.1,88.1,81.3,87.9,False,True,False,False
64.39,3,65.9,61.6,68.5,72.4,78.0,65.4,65.0,68.4,72.3,67.9,False,False,False,False
60.06,2,64.6,54.7,62.4,58.6,66.0,62.1,52.0,64.5,61.2,54.4,False,True,False,False
54.65,1,57.2,64.5,55.6,54.1,53.0,58.5,51.7,56.4,52.1,52.4,True,False,False,False
57.89,2,57.1,61.0,52.9,60.0,52.0,58.7,51.1,64.9,57.5,64.5,False,False,False,False
66.27,3,64.4,65.1,67.2,75.5,60.6,73.0,60.2,63.3,71.7,63.0,False,False,False,False
86.53,0,73.2,92.5,79.4,98.6,64.4,82.1,64.5,93.2,92.0,72.1,False,False,False,False
59.41,2,57.9,58.8,67.8,52.3,56.3,63.3,50.2,58.2,64.0,65.2,False,False,False,True
54.63,1,53.5,52.7,52.6,58.0,50.5,58.6,64.5,54.5,57.5,55.1,True,False,False,False
54.69,1,53.0,58.6,55.8,56.1,51.7,56.8,50.6,64.8,56.5,53.2,False,False,True,False
59.87,2,60.3,59.0,65.9,59.9,58.7,66.3,56.4,54.2,64.3,53.7,False,True,False,False
54.69,1,58.7,64.5,56.4,57.7,57.7,52.9,50.8,55.4,54.3,52.1,False,False,False,False
64.39,2,61.2,65.3,51.5,63.6,64.4,55.8,55.8,60.8,67.4,50.9,False,False,False,True
69.0,3,63.5,73.9,64.5,75.4,65.2,73.8,64.6,61.9,72.0,63.6,False,True,False,False
55.24,1,56.7,52.3,55.4,54.9,55.2,51.6,58.0,53.2,58.3,56.8,True,False,False,False
53.69,1,51.5,54.8,57.3,54.6,51.5,50.1,51.6,54.3,56.7,64.5,False,False,True,False
68.6,3,74.9,68.8,63.9,64.8,66.2,64.3,60.7,79.0,64.7,64.5,False,True,False,False
54.11,1,50.6,52.4,57.7,51.1,51.9,51.8,55.0,56.8,56.3,57.5,False,True,False,False
71.73,3,69.1,73.2,68.6,67.7,78.0,76.7,63.6,72.1,71.5,76.9,True,False,False,False
68.71,3,65.2,74.1,71.0,61.0,68.0,60.8,64.5,73.3,65.7,73.1,True,False,False,False
54.0,1,55.3,56.4,52.1,56.4,50.5,55.7,53.1,52.3,64.7,64.5,False,False,False,False
57.81,2,64.1,55.6,56.8,53.4,64.4,50.3,65.5,54.6,64.7,57.9,False,False,True,False
84.19,0,72.5,92.7,98.5,72.6,99.5,70.1,95.5,80.3,81.4,78.9,False,False,False,False
53.98,1,52.8,51.0,56.0,55.1,56.5,58.3,52.9,54.5,64.7,50.7,True,False,False,False
68.47,3,60.8,77.7,72.5,69.0,72.3,60.3,71.7,66.4,64.7,70.0,True,False,False,False
67.12,3,60.7,76.1,67.8,62.6,64.4,63.0,66.9,71.3,75.7,64.4,True,False,False,False
59.56,2,54.1,65.8,63.7,52.7,64.4,64.6,65.3,58.7,55.2,64.8,False,False,False,False
84.28,0,76.7,75.3,99.9,76.2,93.8,74.8,78.3,93.1,97.0,77.6,True,False,False,False
78.83,0,84.8,88.3,74.2,72.9,64.4,70.1,96.1,83.2,64.7,73.9,True,False,False,False
64.39,1,51.4,58.4,55.7,64.3,52.5,56.7,56.0,53.5,56.1,54.7,False,False,False,True
64.39,1,54.8,55.3,57.7,54.3,57.5,56.6,52.9,50.2,54.2,55.1,False,False,False,False
68.62,3,71.2,66.4,76.6,73.7,63.8,63.1,66.6,74.3,60.9,69.5,True,False,False,False
64.39,2,51.8,66.6,51.2,60.5,51.3,58.5,50.4,68.4,57.9,64.5,False,True,False,False
54.28,1,64.4,51.8,53.9,58.9,54.9,64.6,64.5,57.7,55.9,64.5,True,False,False,False
85.76,0,82.9,64.5,79.4,93.6,64.4,85.2,98.6,82.4,95.1,84.4,False,True,False,False
68.97,3,61.2,60.5,69.3,64.9,78.2,66.1,78.5,66.5,68.7,75.9,False,False,False,True
67.95,3,67.6,73.6,65.9,68.9,64.4,61.9,62.3,67.4,74.7,64.5,False,False,True,False
71.41,3,75.9,74.9,62.1,64.3,72.5,63.7,62.4,76.5,71.7,76.4,False,False,True,False
61.52,2,64.7,64.5,68.9,55.2,55.4,58.4,61.2,67.9,63.3,53.8,True,False,False,False
56.67,2,64.4,57.4,64.5,56.3,51.0,50.9,63.7,64.9,51.4,60.4,False,True,False,False
68.99,3,70.0,71.2,68.5,68.6,61.9,67.8,64.5,70.3,61.6,75.2,False,False,True,False
59.01,2,65.0,61.8,62.3,52.5,65.4,57.2,64.5,57.7,54.0,59.1,False,False,True,False
67.86,3,71.0,75.5,75.0,64.3,69.1,69.6,70.7,64.8,64.7,60.4,False,False,False,False
58.98,2,51.4,54.6,53.8,52.7,66.6,68.7,68.5,64.8,60.2,51.0,False,False,True,False
69.34,3,60.3,75.3,63.0,63.9,64.4,74.4,64.5,69.7,65.4,72.3,False,False,False,True
90.6,0,89.2,89.2,93.8,64.3,94.3,86.7,92.7,96.5,82.8,89.6,False,True,False,False
55.25,1,50.4,57.5,56.5,58.3,50.0,52.8,57.7,58.3,53.8,57.2,True,False,False,False
90.02,0,80.0,87.8,89.3,91.6,92.7,98.5,64.5,92.0,98.7,87.3,False,False,False,True
81.24,0,84.0,81.8,86.2,71.5,88.7,76.7,86.3,86.8,64.7,80.1,False,False,True,False
71.17,3,68.9,74.9,68.0,61.7,64.4,71.2,76.4,61.1,78.7,76.4,True,False,False,False
85.94,0,77.3,88.0,87.9,79.8,97.8,72.9,91.4,83.1,83.4,97.8,False,False,False,False
81.2,0,73.9,87.8,89.7,83.8,74.4,95.3,72.5,64.8,64.7,87.9,False,False,False,False
60.04,2,59.4,50.7,64.5,64.3,56.9,51.0,68.6,66.6,64.7,58.8,True,False,False,False
54.54,1,52.2,58.1,51.2,52.2,54.3,53.3,53.8,58.3,54.1,57.8,False,True,False,False
70.28,3,74.0,78.7,62.8,73.7,63.6,77.9,63.8,64.8,60.1,78.8,False,False,False,True
81.73,0,74.3,75.6,74.1,92.2,83.6,93.1,91.1,81.3,77.0,75.1,False,False,True,False
70.42,3,65.0,69.8,64.5,72.6,77.2,62.6,70.5,68.4,76.4,65.7,False,False,False,True
62.19,2,65.1,50.1,63.2,66.8,63.4,63.9,53.1,67.3,67.1,64.5,False,False,False,True
53.08,1,50.7,50.6,50.3,50.3,52.8,57.8,64.5,52.6,52.1,58.9,True,False,False,False
82.68,0,88.6,99.9,91.2,73.5,64.4,90.5,89.2,73.5,73.1,76.2,False,False,True,False
86.09,0,81.9,96.7,79.0,86.1,87.9,98.6,73.9,84.4,86.4,86.1,False,False,False,False
54.38,1,54.5,55.5,54.6,58.2,54.2,56.5,54.1,54.0,52.0,50.2,False,False,False,False
54.26,1,53.6,51.0,55.8,55.7,56.3,57.6,64.5,51.8,57.6,51.7,True,False,False,False
58.79,2,52.7,64.5,67.2,51.6,51.8,61.0,66.8,62.8,51.1,64.5,False,True,False,False
62.02,2,63.6,66.0,62.7,53.9,58.3,57.2,63.2,61.3,64.7,68.7,False,False,False,True
83.06,0,73.5,77.2,95.9,77.4,97.7,84.0,79.1,64.8,71.1,95.6,False,False,False,True
70.77,3,73.4,68.5,64.3,71.6,72.1,67.3,77.3,77.3,74.0,62.0,True,False,False,False
87.23,0,98.1,89.0,94.3,64.3,64.4,91.1,88.3,64.8,71.6,89.4,True,False,False,False
55.96,1,58.0,58.7,59.0,58.5,56.3,64.6,53.7,52.0,64.7,50.5,True,False,False,False
82.8,0,92.8,80.6,91.2,84.1,64.4,79.6,77.5,92.6,80.0,71.5,False,False,False,True
55.27,1,52.4,57.0,52.8,53.7,55.6,56.6,57.7,53.6,56.8,56.6,False,False,False,False
53.9,1,54.5,53.8,51.6,51.8,64.4,50.6,58.2,58.3,53.5,51.3,True,False,False,False
70.86,3,65.2,68.5,61.9,76.7,73.4,78.2,64.6,77.5,73.2,69.4,False,True,False,False
88.9,0,74.7,94.7,98.9,95.8,99.5,83.0,90.7,88.3,71.3,92.0,False,False,False,False
55.62,1,51.8,55.5,54.8,58.1,64.4,53.7,55.7,57.3,58.8,64.5,False,False,True,False
87.12,0,84.7,99.8,85.2,99.4,72.7,83.6,74.3,99.2,74.9,97.6,False,False,False,True
54.75,1,54.9,58.4,53.6,58.5,64.4,64.6,53.5,50.0,57.5,50.7,False,False,False,False
81.92,0,89.0,74.5,77.6,76.7,89.4,82.2,91.4,74.4,74.2,89.8,False,True,False,False
57.85,2,50.9,67.8,55.2,59.1,53.9,68.9,54.1,50.8,55.4,62.5,False,False,False,False
53.45,1,50.4,52.8,55.0,55.0,50.3,53.0,52.4,52.8,59.0,53.8,False,False,False,True
85.1,0,80.8,71.4,84.9,84.0,99.0,98.9,80.0,64.8,72.6,91.7,True,False,False,False
73.98,3,76.3,64.5,72.4,77.8,64.4,76.7,74.8,64.8,75.1,71.8,False,True,False,False
64.39,0,91.5,98.5,85.8,75.0,86.3,92.4,95.0,73.5,92.0,93.6,True,False,False,False
69.68,3,71.3,64.5,74.2,71.0,62.7,66.9,76.5,73.5,78.4,60.2,False,True,False,False
64.39,2,65.7,60.4,57.5,63.0,58.2,67.3,61.0,66.7,66.9,65.2,False,False,False,True
53.94,1,64.4,64.5,58.1,53.1,57.8,52.5,64.5,51.5,50.3,51.7,False,False,False,False
90.88,0,97.5,85.0,98.8,96.5,99.9,96.6,73.4,100.0,82.8,78.4,False,True,False,False
54.51,1,56.9,50.3,57.4,58.5,57.9,53.9,52.2,52.1,50.7,55.1,False,False,True,False
83.74,0,64.4,76.5,89.4,93.7,84.9,76.7,85.3,82.9,64.7,71.0,False,True,False,False
69.11,3,60.5,64.5,70.4,78.2,68.2,77.5,61.0,67.1,60.7,74.6,True,False,False,False
54.04,1,64.4,57.0,56.6,52.2,64.4,55.1,50.4,50.4,55.9,53.2,False,False,True,False
85.81,0,99.5,70.0,64.5,79.2,96.1,70.7,91.9,92.9,87.8,83.2,True,False,False,False
54.01,1,50.9,64.5,54.1,58.2,64.4,53.4,54.9,57.6,58.5,64.5,False,True,False,False
54.25,1,51.0,53.3,55.5,54.2,50.7,53.7,54.1,56.0,56.9,64.5,False,False,True,False
61.01,2,63.7,65.5,60.9,52.3,58.6,59.2,64.5,64.8,54.3,65.4,False,False,False,True
59.11,2,64.4,53.9,67.6,65.4,50.2,61.2,56.7,57.6,64.1,54.7,False,True,False,False
68.05,3,61.3,66.6,65.7,72.3,67.9,74.5,69.4,71.4,64.7,62.3,False,True,False,False
85.23,0,81.6,83.1,90.9,92.7,92.9,89.6,80.2,78.3,77.6,85.4,False,False,False,True
63.38,2,52.2,62.8,58.1,63.9,64.4,66.9,66.9,68.5,61.7,64.4,False,False,True,False
64.39,2,56.7,53.2,53.7,60.8,63.1,50.4,66.7,66.4,67.4,64.5,False,False,False,True
69.61,3,77.9,70.6,73.2,69.9,65.6,62.6,72.9,60.5,70.1,72.8,False,False,False,True
64.39,3,65.2,69.3,62.7,74.9,77.4,77.7,73.8,69.0,63.3,77.7,False,False,False,False
87.39,0,84.3,94.9,89.8,80.1,96.9,78.8,89.9,64.8,83.3,83.0,False,True,False,False
54.49,1,57.4,55.1,57.5,52.7,64.4,53.5,53.2,58.0,51.4,52.2,False,False,False,False
86.01,0,97.0,87.8,97.2,99.4,84.8,73.5,71.0,84.9,77.6,86.8,False,False,False,True
59.76,2,67.4,60.2,64.5,55.0,55.0,59.6,56.3,60.7,50.5,66.6,False,False,False,True
54.53,1,54.2,51.6,57.1,64.3,56.6,51.7,56.4,54.3,54.2,58.1,False,False,False,False
70.46,3,75.0,61.2,77.2,73.5,63.3,64.6,74.0,76.0,64.9,67.5,True,False,False,False
79.41,0,90.2,93.2,76.8,77.4,71.5,76.3,93.9,72.7,70.2,71.8,False,False,False,False
59.89,2,61.4,50.2,55.5,64.5,63.5,64.4,57.0,51.4,65.4,65.7,False,True,False,False
64.39,3,64.5,68.7,73.2,64.3,66.1,78.6,76.4,71.7,67.0,69.2,True,False,False,False
60.02,2,67.7,65.7,64.5,55.6,51.8,60.3,60.9,67.6,51.3,53.8,False,False,True,False
58.87,2,62.3,53.9,58.1,62.2,63.3,64.6,67.5,50.7,64.7,64.5,True,False,False,False
55.9,1,58.6,53.4,52.9,58.5,57.0,58.2,51.8,64.8,57.1,56.8,False,False,False,False
67.94,3,64.4,79.0,61.0,62.8,76.5,64.6,72.2,75.7,61.3,66.5,True,False,False,False
64.39,0,78.5,89.6,96.6,78.0,91.4,86.6,86.2,84.6,97.9,75.8,False,False,True,False
62.92,2,66.3,66.6,64.5,67.4,59.6,51.9,58.3,62.8,67.0,64.1,True,False,False,False
88.38,0,87.5,99.0,95.0,79.5,81.9,78.4,98.0,77.1,96.0,91.4,False,False,True,False
53.67,1,51.3,57.4,52.2,51.4,54.9,54.2,58.9,50.8,52.0,53.7,False,False,True,False
54.43,1,64.4,53.9,55.3,64.3,56.8,58.3,51.0,56.9,51.9,51.0,False,False,True,False
69.6,3,69.4,75.3,73.4,64.3,61.7,73.2,63.4,71.6,61.1,78.8,True,False,False,False
54.93,1,55.9,58.1,56.5,64.3,56.6,56.1,52.7,50.4,56.1,56.4,False,True,False,False
86.03,0,88.9,89.0,89.7,90.2,83.0,78.7,98.5,72.8,97.1,72.5,False,True,False,False
84.2,0,82.9,64.5,98.0,76.5,85.0,96.8,71.4,71.9,64.7,94.2,True,False,False,False
67.37,3,65.3,66.6,61.6,70.5,62.2,64.6,73.8,66.9,70.9,72.6,False,False,False,True
56.84,1,58.5,52.8,58.2,58.4,55.1,58.1,64.5,56.6,58.5,55.1,False,False,True,False
55.95,1,58.2,54.3,55.7,55.3,53.7,57.5,50.8,57.7,57.2,59.0,False,True,False,False
64.39,0,79.8,74.2,90.3,75.0,97.4,95.0,90.1,95.3,75.0,93.1,False,False,True,False
54.78,1,53.3,56.2,58.7,64.3,64.4,57.6,52.8,64.8,53.2,57.3,False,False,True,False
53.89,1,53.1,51.5,58.6,51.0,55.5,64.6,54.7,52.7,54.3,55.9,False,True,False,False
73.66,3,64.4,73.7,72.5,72.0,68.9,64.6,64.5,78.7,77.8,77.9,False,True,False,False
57.71,2,58.5,50.8,66.5,60.4,59.2,61.2,64.5,64.8,51.2,60.2,False,False,True,False
67.5,3,77.8,75.7,61.8,65.5,61.5,65.1,70.0,63.9,73.2,60.6,False,False,True,False
64.39,3,66.8,72.6,77.8,76.2,66.9,68.4,66.4,61.8,71.2,64.5,False,False,True,False
68.61,3,68.1,64.0,64.5,68.1,75.6,70.1,71.1,61.8,71.4,65.1,True,False,False,False
69.14,3,69.8,68.7,69.6,64.3,64.4,73.7,64.5,66.4,61.1,78.8,False,False,False,True
86.52,0,72.8,93.4,88.3,75.8,81.1,98.1,89.0,97.9,70.6,98.2,True,False,False,False
54.74,1,54.5,54.1,53.9,51.8,52.4,53.1,55.7,58.8,58.4,54.7,False,False,False,True
56.61,2,57.2,59.2,64.5,64.3,58.1,53.9,53.3,55.0,55.6,64.5,False,False,True,False
62.54,2,65.7,50.5,68.4,65.0,67.4,67.3,60.9,60.7,55.4,64.2,False,True,False,False
54.51,1,52.4,56.5,51.6,54.8,55.6,51.1,55.8,56.2,55.7,55.2,False,False,False,False
53.24,1,53.8,50.1,50.2,55.1,52.7,54.0,51.9,57.3,53.6,53.6,False,False,True,False
58.37,2,67.5,60.2,50.9,59.6,50.2,62.2,64.5,64.8,62.7,57.5,True,False,False,False
55.08,1,64.4,58.1,64.5,58.6,55.5,64.6,54.2,53.6,64.7,50.3,True,False,False,False
54.52,1,53.2,56.3,58.0,50.1,64.4,53.7,64.5,54.9,56.2,51.0,False,False,False,True
86.75,0,84.8,99.9,87.3,95.5,79.1,79.1,94.4,71.5,64.7,94.4,True,False,False,False
68.62,3,62.3,64.5,66.0,71.2,64.4,64.6,60.1,68.5,73.3,61.5,False,False,True,False
64.39,1,55.6,53.4,52.8,54.8,51.3,64.6,51.7,58.0,51.9,54.2,False,False,False,True
85.58,0,90.1,95.9,76.8,71.5,84.6,79.2,64.5,71.4,64.7,96.2,True,False,False,False
59.4,2,57.9,60.7,52.3,64.5,64.8,53.0,61.2,61.8,60.9,56.7,False,False,True,False
82.81,0,94.3,93.0,64.5,74.7,76.1,76.5,87.1,88.6,70.9,70.6,True,False,False,False
54.91,1,57.0,56.9,54.7,53.6,56.2,64.6,50.3,52.1,58.8,52.5,False,False,False,True
69.72,3,74.4,66.5,74.2,67.9,64.8,66.4,64.5,64.8,70.9,64.5,False,False,True,False
54.65,1,58.0,56.8,54.5,53.7,55.2,58.1,52.1,52.9,64.7,53.4,False,True,False,False
54.63,1,54.3,52.5,55.9,64.3,54.0,58.0,51.6,55.2,53.4,53.3,False,True,False,False
53.65,1,54.3,52.1,55.3,57.7,50.2,50.4,51.1,59.0,54.8,51.6,False,False,True,False
64.39,0,78.6,84.9,79.4,86.3,83.8,82.5,64.5,79.0,97.6,84.5,False,False,False,True
59.87,2,64.4,60.4,66.2,58.7,64.4,61.8,63.6,50.6,50.2,63.7,False,True,False,False
85.5,0,81.6,64.5,75.3,76.1,95.5,77.5,93.2,97.3,64.7,85.3,True,False,False,False
84.89,0,70.6,90.3,72.9,94.8,74.6,95.0,91.6,64.8,99.3,64.5,False,True,False,False
63.14,3,60.9,62.4,71.5,64.3,61.6,61.7,60.4,63.9,60.4,61.1,False,False,False,False
71.73,3,75.0,65.4,78.7,76.7,71.3,69.4,61.4,76.8,74.3,64.5,True,False,False,False
54.7,1,58.7,54.0,51.1,57.0,54.0,52.0,52.4,57.5,57.7,52.6,False,False,True,False
61.77,2,62.6,52.0,65.2,68.3,64.0,61.9,63.6,62.7,61.1,64.5,False,True,False,False
55.53,1,53.4,58.2,57.3,53.1,58.0,58.0,56.4,52.9,50.8,57.4,False,True,False,False
54.55,1,57.1,54.0,55.7,58.1,54.3,51.0,51.8,53.9,58.1,51.6,True,False,False,False
71.08,3,61.8,75.5,70.2,74.9,74.1,71.9,70.8,63.3,75.2,73.1,False,False,False,True
54.36,1,56.6,57.2,50.4,64.3,52.4,51.3,54.0,52.3,56.5,58.8,False,False,False,True
59.1,2,64.4,64.5,54.5,66.9,63.1,52.5,57.4,66.0,58.4,50.2,False,True,False,False
59.97,2,64.4,68.4,62.0,54.6,64.4,67.9,57.6,56.0,59.8,60.9,False,True,False,False
83.35,0,98.7,71.7,64.5,92.5,93.4,79.9,88.4,76.3,76.7,71.2,True,False,False,False
87.48,0,64.4,85.5,64.5,64.3,84.2,76.5,96.7,98.6,93.9,90.5,True,False,False,False
68.41,3,71.6,62.0,71.5,64.3,69.9,63.1,64.5,64.8,74.9,68.2,False,False,True,False
89.2,0,64.4,87.0,82.2,86.2,79.7,95.8,98.3,97.0,97.6,90.0,False,False,True,False
58.4,2,64.6,57.4,64.5,58.7,54.6,60.7,51.0,58.5,63.4,52.5,False,True,False,False
70.8,3,77.7,75.7,69.3,78.5,64.4,64.3,60.0,73.9,64.5,68.0,False,False,False,False
71.08,3,75.3,78.1,63.8,66.3,76.7,60.3,73.4,75.4,64.7,77.6,False,False,False,False
86.05,0,71.5,88.6,64.5,74.9,98.1,83.5,86.7,83.4,80.9,94.7,True,False,False,False
59.83,2,68.5,52.6,59.2,51.1,64.4,59.9,65.5,64.1,50.9,64.5,False,False,False,False
59.33,2,51.7,63.5,50.4,66.7,59.3,53.3,60.0,62.0,66.7,59.8,True,False,False,False
68.09,3,64.4,74.6,75.0,79.0,64.4,62.4,62.7,68.7,64.7,66.3,False,False,False,True
69.29,3,64.2,74.9,73.1,75.5,63.8,62.9,68.0,61.7,72.7,76.1,False,True,False,False
64.39,2,64.4,57.4,63.5,68.4,56.3,61.7,67.4,57.7,52.5,67.1,False,False,False,False
85.59,0,76.1,72.8,98.2,86.6,93.8,96.7,64.5,76.2,95.4,72.2,False,False,False,False
64.39,3,78.5,60.7,63.8,78.4,76.3,66.3,64.5,65.5,64.7,68.4,False,False,False,False
55.65,1,53.0,56.0,56.5,55.6,51.4,56.4,54.8,58.4,56.0,58.4,False,False,True,False
61.88,2,66.1,55.1,52.3,68.5,59.2,67.6,67.5,64.8,63.6,64.9,False,False,False,False
70.75,3,73.7,67.7,64.2,71.1,76.9,66.1,78.2,77.3,65.2,67.0,False,False,False,False
55.4,1,52.8,53.5,64.5,56.6,53.5,55.7,57.5,55.4,58.6,51.4,True,False,False,False
71.26,3,64.5,61.1,70.9,77.0,68.2,75.9,79.0,78.2,63.4,74.4,False,False,False,False
55.83,1,64.4,56.3,58.3,55.7,57.9,52.0,58.9,57.3,64.7,52.3,False,False,False,False
64.39,2,61.7,64.5,64.9,65.8,58.5,59.3,62.4,65.1,66.5,57.7,False,False,False,False
55.1,1,57.4,50.6,57.5,56.9,57.0,51.1,50.2,56.6,64.7,64.5,False,False,True,False
56.87,2,55.6,54.4,53.1,50.5,53.9,64.5,55.4,68.5,64.7,60.2,False,False,False,True
52.92,1,54.5,64.5,51.0,54.1,50.2,52.0,53.4,52.4,52.0,50.9,False,False,True,False
69.23,3,74.1,75.3,61.3,69.2,64.9,67.1,63.2,64.8,74.1,71.2,False,False,False,True
52.86,1,52.3,51.4,51.1,52.7,56.6,58.1,64.5,50.2,50.7,51.8,False,False,True,False
61.15,2,64.5,51.0,64.5,53.4,63.8,68.4,65.1,67.0,56.5,64.5,True,False,False,False
86.92,0,84.0,98.2,77.4,92.9,98.3,71.8,72.4,94.4,90.6,89.2,False,False,False,False
59.73,2,57.3,59.9,62.3,64.3,59.3,66.9,54.7,63.0,59.4,62.1,True,False,False,False
67.66,3,66.8,74.8,78.1,64.3,64.6,63.5,61.5,67.1,67.9,67.7,False,False,True,False
84.19,0,84.1,83.7,92.0,82.0,85.1,73.2,89.6,86.3,64.7,80.4,False,False,True,False
55.19,1,58.2,51.5,51.6,54.6,54.8,57.4,54.3,54.4,58.7,56.7,True,False,False,False
71.37,3,75.9,62.7,78.4,77.5,64.4,71.5,60.5,72.3,68.6,68.7,False,False,True,False
64.39,1,64.4,53.3,50.1,64.3,54.9,64.6,50.7,53.6,55.6,54.7,False,True,False,False
86.48,0,89.1,64.5,90.8,84.1,93.3,83.7,71.2,70.4,97.1,93.1,False,True,False,False
87.77,0,70.9,97.1,92.1,95.8,87.1,93.6,84.8,79.3,64.7,77.1,False,False,True,False
55.32,1,64.4,51.8,53.8,51.3,58.9,50.4,57.7,58.6,57.7,54.8,True,False,False,False
55.31,1,50.3,57.7,53.7,57.6,57.4,56.8,55.1,50.0,64.7,58.6,False,True,False,False
53.87,1,54.9,58.2,58.3,50.7,57.4,51.9,52.3,50.4,50.7,53.8,False,False,True,False
53.65,1,54.9,57.1,51.0,54.9,64.4,50.9,64.5,55.4,53.3,50.5,True,False,False,False
54.59,1,50.4,51.3,50.5,55.4,56.5,51.6,58.5,56.6,58.6,56.6,False,False,False,True
59.77,2,62.4,57.1,59.3,66.6,64.4,63.0,54.7,67.3,53.3,50.5,False,False,False,False
59.37,2,54.4,51.4,55.6,57.0,55.1,56.4,63.5,68.9,62.5,68.8,False,False,False,False
64.39,0,88.4,83.9,94.4,86.9,88.2,96.4,91.0,84.8,91.2,64.5,False,False,True,False
87.89,0,81.0,64.5,86.3,86.5,100.0,77.4,90.6,89.8,77.8,64.5,False,False,True,False
61.91,2,64.4,52.9,64.5,67.6,61.8,57.3,68.3,61.0,59.8,63.3,False,True,False,False
71.05,3,78.8,76.9,73.4,61.0,78.0,64.6,73.2,69.4,64.7,76.9,False,False,False,False
58.44,2,54.3,55.2,64.4,63.4,53.2,64.4,64.5,50.8,54.7,60.5,False,False,False,True
83.74,0,80.9,80.7,76.9,82.5,92.2,84.0,83.7,83.6,89.3,83.7,False,False,False,True
64.38,2,64.4,67.7,63.3,62.8,66.4,64.6,67.9,67.7,66.6,63.8,False,False,False,True
59.35,2,59.4,58.5,68.8,54.4,55.8,63.8,64.5,53.7,52.1,64.5,False,False,False,False
53.28,1,64.4,64.5,50.8,54.7,53.4,64.6,52.6,52.0,64.7,50.9,False,False,True,False
57.6,2,66.7,51.1,54.9,68.1,61.5,64.6,50.6,62.4,64.7,54.3,False,True,False,False
64.39,1,51.4,52.6,52.2,58.0,56.8,57.0,53.8,51.4,53.5,55.2,True,False,False,False
54.11,1,54.0,55.2,50.3,55.6,56.0,51.3,57.7,52.1,64.7,57.7,True,False,False,False
64.39,3,68.6,65.1,67.4,74.1,78.3,70.8,64.5,70.1,64.7,64.5,False,False,False,False
85.15,0,75.1,86.8,92.8,83.1,99.7,85.2,73.2,78.1,79.3,98.3,True,False,False,False
60.36,2,54.0,61.3,64.8,60.7,64.4,58.7,53.1,66.7,68.2,60.0,False,False,False,False
54.99,1,51.1,51.2,55.5,55.4,55.3,58.3,64.5,57.6,54.3,64.5,False,False,True,False
54.71,1,56.3,51.2,55.3,58.0,58.0,50.3,52.2,56.2,56.0,53.6,True,False,False,False
67.84,3,68.2,75.9,63.2,74.6,72.2,64.6,66.3,60.5,64.1,68.6,True,False,False,False
61.19,2,63.7,52.0,61.7,66.2,59.4,57.4,64.4,64.8,57.0,65.1,False,False,False,False
69.93,3,76.7,66.5,76.2,64.3,68.1,66.0,63.8,64.8,72.0,75.4,True,False,False,False
70.48,3,64.4,61.2,64.7,67.6,70.9,76.8,71.5,74.3,64.7,75.6,True,False,False,False
56.02,1,58.4,58.7,52.5,57.1,57.2,56.3,58.1,64.8,57.7,53.0,False,False,False,True
59.74,2,55.2,64.5,62.9,50.8,51.7,65.6,60.3,61.8,64.7,57.1,False,False,False,False
83.73,0,92.6,88.7,86.6,74.8,75.3,70.5,97.9,76.7,77.1,97.1,False,False,False,False
59.96,2,67.7,62.7,63.4,56.2,54.0,54.9,62.8,51.6,63.6,62.7,False,False,False,False
84.78,0,89.5,64.5,79.5,70.2,77.5,82.7,98.9,84.9,88.9,98.3,False,False,False,False
70.83,3,66.8,62.8,64.5,72.5,70.6,74.9,64.5,68.3,67.8,75.3,False,False,False,False
52.83,1,54.3,50.5,56.2,58.2,53.8,50.2,51.5,50.3,52.4,50.7,False,False,False,False
58.68,2,62.7,66.4,65.1,63.9,50.8,52.5,50.4,64.8,52.3,67.1,False,False,True,False
64.2,2,61.8,64.5,64.4,57.0,64.2,66.9,68.3,68.7,62.3,65.4,False,False,True,False
64.39,2,53.4,61.5,50.3,64.3,64.4,64.6,60.3,51.8,61.4,65.2,False,True,False,False
85.08,0,81.0,79.0,91.0,75.2,74.4,99.6,95.0,91.3,87.1,77.3,True,False,False,False
85.4,0,90.0,73.1,64.5,93.4,76.7,64.6,86.4,88.4,79.0,87.1,False,True,False,False
64.39,2,52.8,55.3,54.8,68.0,50.3,64.6,67.8,58.3,58.2,68.3,False,True,False,False
52.84,1,57.3,51.1,64.5,51.9,53.1,50.2,64.5,54.5,52.6,53.9,False,False,True,False
64.39,1,64.4,50.3,58.6,58.6,51.4,57.6,64.5,54.9,51.3,52.7,False,False,True,False
83.18,0,73.9,72.1,64.5,64.3,84.9,79.8,86.6,75.6,81.3,94.1,False,False,False,False
58.02,2,56.3,50.7,57.1,50.4,66.0,65.6,67.2,63.6,51.9,51.5,False,False,False,False
64.39,1,52.2,51.7,58.6,56.7,52.9,52.0,54.0,50.4,55.2,52.9,False,False,False,True
69.44,3,64.4,70.3,67.2,66.7,66.4,71.8,72.1,77.9,68.9,67.7,True,False,False,False
65.57,3,62.6,64.5,65.4,63.2,62.7,63.1,69.0,66.0,65.2,65.7,False,False,False,True
70.55,3,78.9,77.1,67.2,75.5,64.4,66.2,77.9,64.8,64.7,62.8,True,False,False,False
54.77,1,52.0,58.5,56.7,58.7,64.4,53.0,52.6,54.2,54.2,51.6,True,False,False,False
52.8,1,56.3,50.2,53.4,50.2,64.4,50.4,53.6,64.8,58.1,50.2,True,False,False,False
71.4,3,62.7,73.2,71.0,74.0,69.4,76.2,69.5,73.0,71.8,64.5,False,False,False,True
80.61,0,78.7,86.5,79.4,76.8,64.4,78.0,77.0,73.9,84.6,77.0,True,False,False,False
85.15,0,71.7,99.8,83.8,80.5,93.5,82.3,79.6,98.3,77.4,84.6,False,False,False,True
80.99,0,64.4,83.9,93.4,86.5,81.8,71.4,85.9,74.3,75.9,80.6,False,True,False,False
80.1,0,81.1,71.1,74.0,99.5,64.4,77.5,75.0,72.2,71.2,95.8,False,False,False,False
58.14,2,65.2,53.9,66.3,64.3,52.3,60.9,53.0,63.9,59.4,52.2,True,False,False,False
60.37,2,56.1,66.2,65.4,67.6,52.8,64.6,66.4,56.4,58.2,64.5,False,True,False,False
86.1,0,81.9,64.5,64.5,76.0,64.4,87.7,88.1,78.4,87.4,91.1,False,False,True,False
57.14,2,58.3,64.5,57.2,60.7,55.0,64.6,62.7,50.7,66.0,50.1,False,False,False,True
62.21,2,64.4,60.3,60.2,68.2,65.0,64.6,60.2,59.8,64.7,63.9,False,False,True,False
87.98,0,97.9,87.2,82.5,95.1,92.3,89.4,82.7,64.8,81.2,82.8,False,False,True,False
59.03,2,62.6,52.3,64.5,55.1,57.0,62.9,63.4,64.8,64.3,56.7,False,False,False,False
84.74,0,83.3,91.0,89.5,75.2,76.1,98.6,64.5,98.5,64.7,82.8,True,False,False,False
57.26,2,53.8,52.2,60.2,54.2,53.5,64.1,64.5,53.4,64.3,60.1,True,False,False,False
59.79,2,55.9,55.5,66.9,54.1,60.5,54.0,68.1,64.8,57.8,61.0,True,False,False,False
84.86,0,94.6,87.3,82.1,81.4,64.4,92.7,82.1,64.8,90.0,88.7,False,False,False,True
64.39,3,61.9,62.5,73.3,73.5,77.7,76.4,61.3,64.8,66.0,64.5,False,False,False,True
71.16,3,68.9,76.3,75.6,72.6,78.2,74.3,65.0,64.8,64.7,73.1,False,False,True,False
83.83,0,76.2,84.9,99.3,75.6,64.4,80.8,94.1,76.3,96.4,80.6,False,True,False,False
59.25,2,60.8,61.9,61.8,56.8,57.0,64.2,65.6,57.3,52.1,55.0,False,True,False,False
71.1,3,70.9,78.3,66.1,61.7,74.9,70.5,77.5,74.6,71.7,64.7,False,False,True,False
57.95,2,54.9,64.5,62.6,52.3,59.4,64.6,55.0,65.0,62.6,63.0,False,False,False,True
67.1,3,63.8,77.2,64.9,62.6,61.4,60.4,77.2,64.2,65.0,74.4,False,False,False,False
85.13,0,90.9,92.9,81.1,71.8,64.4,75.6,97.5,88.3,90.5,81.9,False,False,False,True
59.5,2,55.7,55.4,51.8,64.3,63.1,63.0,64.5,59.6,61.3,63.6,False,False,True,False
87.92,0,64.4,85.0,71.7,86.4,82.6,92.5,95.2,100.0,80.2,88.9,True,False,False,False
59.1,2,68.1,53.7,68.0,60.4,56.7,54.1,61.9,51.7,64.0,52.5,True,False,False,False
60.07,2,64.4,59.3,66.0,64.4,55.2,59.5,60.9,53.0,59.0,68.8,False,True,False,False
80.07,0,88.6,86.9,73.4,85.6,77.9,70.6,64.5,87.9,76.0,82.0,False,True,False,False
59.22,2,64.9,67.0,64.5,51.0,50.8,53.1,52.2,67.5,63.0,63.3,False,False,True,False
86.31,0,93.8,73.1,76.0,71.3,87.8,94.2,96.3,92.0,84.5,94.0,False,False,False,True
56.36,1,58.3,54.7,55.6,56.2,58.2,57.0,53.1,57.0,55.3,58.3,False,False,True,False
58.14,2,61.5,65.9,64.5,65.8,58.6,64.6,52.4,61.6,55.3,50.7,False,False,False,False
54.52,1,58.0,50.1,64.5,55.7,64.4,56.8,51.1,58.2,54.3,50.8,True,False,False,False
58.1,2,56.9,52.5,65.9,52.3,58.5,58.8,55.5,56.5,64.0,64.5,False,False,True,False
58.69,2,64.4,57.6,50.7,54.3,52.5,67.6,55.2,59.3,68.3,56.3,True,False,False,False
84.76,0,76.3,82.7,97.3,86.4,88.5,77.1,77.2,89.8,77.0,95.4,False,False,False,True
55.03,1,52.6,57.9,54.7,54.6,64.4,53.0,51.1,55.3,57.1,56.8,False,True,False,False
64.39,2,57.3,63.7,62.0,60.6,54.1,63.2,58.8,67.0,57.0,61.3,False,False,False,True
57.81,2,53.0,56.6,51.2,64.3,63.6,60.4,59.0,66.1,59.0,51.2,True,False,False,False
54.54,1,55.1,56.0,57.9,54.4,57.5,51.1,50.8,56.7,54.0,52.0,False,True,False,False
59.6,2,62.9,54.2,65.9,64.3,50.4,68.8,62.7,60.9,52.4,54.0,True,False,False,False
68.57,3,72.3,63.2,62.3,75.5,66.6,65.4,74.7,63.4,78.0,64.2,True,False,False,False
54.18,1,51.5,53.2,52.0,58.2,55.0,52.8,53.5,53.3,64.7,58.5,True,False,False,False
69.79,3,77.0,69.4,67.2,64.3,70.3,63.2,74.2,75.2,71.2,69.0,False,False,False,True
66.27,3,64.5,72.7,64.5,68.4,60.6,65.2,61.3,74.2,68.7,62.6,True,False,False,False
71.22,3,66.5,63.2,75.2,77.0,67.2,75.9,68.1,77.9,66.0,75.2,False,False,True,False
88.66,0,95.2,90.9,64.5,93.7,78.6,64.6,96.2,93.3,95.0,78.7,False,False,False,False
54.01,1,55.4,56.5,56.4,57.5,50.8,54.8,57.2,64.8,50.3,50.7,False,False,False,False
69.05,3,63.0,72.4,77.4,63.1,64.4,71.3,64.5,78.3,67.1,67.6,True,False,False,False
85.65,0,75.3,90.4,84.7,98.4,86.0,64.6,90.5,72.9,91.6,74.9,True,False,False,False
59.43,2,67.0,61.2,54.9,61.5,54.9,55.3,66.0,55.1,59.7,58.7,True,False,False,False
70.79,3,68.0,75.6,68.3,75.2,77.0,73.6,64.6,77.3,61.5,66.7,False,True,False,False
60.22,2,63.7,55.6,53.2,68.4,67.9,65.4,64.5,56.9,56.2,54.5,False,False,False,True
70.26,3,74.4,64.4,73.4,69.2,63.5,76.5,65.5,69.5,73.5,72.7,True,False,False,False
82.25,0,74.7,91.2,94.9,76.6,74.4,78.4,72.4,86.4,96.0,77.4,False,False,False,True
92.54,0,91.2,94.1,86.8,99.1,90.3,85.1,96.1,98.5,86.5,97.8,False,False,False,True
67.41,3,63.2,67.8,69.5,75.8,64.4,65.7,61.1,66.1,63.6,74.9,True,False,False,False
70.84,3,71.7,64.5,76.2,61.1,75.3,63.4,73.5,75.4,64.7,78.4,False,False,False,False
64.39,3,68.7,62.0,64.1,61.0,60.2,61.5,70.3,73.8,67.9,73.4,False,False,True,False
53.94,1,58.6,58.0,53.9,51.5,55.0,53.9,50.4,51.6,51.2,64.5,False,True,False,False
54.55,1,51.7,54.4,50.6,55.5,55.0,55.4,51.3,56.5,57.2,57.8,False,False,True,False
54.5,1,56.2,53.6,55.8,50.9,64.4,55.5,52.2,58.0,54.8,53.4,False,False,True,False
60.66,2,58.0,65.7,60.3,55.5,62.8,55.0,63.2,55.3,66.2,64.6,True,False,False,False
58.8,2,64.4,65.7,60.3,62.8,53.8,57.4,54.7,64.8,51.0,64.5,False,False,True,False
53.58,1,53.9,55.3,58.0,54.7,52.3,56.1,50.1,51.1,53.2,51.1,False,False,True,False
60.33,2,63.0,67.8,67.4,52.6,59.6,65.0,64.5,53.7,59.1,53.7,False,True,False,False
53.23,1,57.6,51.3,56.3,51.6,52.3,51.0,53.1,50.4,54.2,54.4,True,False,False,False
54.36,1,52.5,55.3,52.4,51.5,54.9,64.6,53.4,64.8,58.1,57.3,False,False,False,False
60.43,2,56.1,64.7,64.5,58.2,66.7,68.3,50.7,50.3,64.6,67.2,True,False,False,False
69.11,3,70.0,71.2,64.5,64.3,64.4,72.3,62.3,78.2,73.8,65.3,False,False,True,False
52.88,1,52.4,53.7,50.8,53.3,53.1,57.4,52.5,51.8,50.6,53.1,False,False,False,False
71.63,3,68.4,74.8,69.1,67.4,71.5,71.3,73.8,68.7,76.5,74.9,True,False,False,False
64.39,2,58.1,62.4,51.8,54.1,58.0,58.4,68.8,66.7,56.6,66.4,False,False,False,False
59.29,2,61.8,52.6,61.1,56.5,63.1,59.2,64.5,64.7,56.6,65.8,False,False,True,False
86.06,0,88.4,74.6,92.8,86.3,82.0,79.1,91.0,95.0,84.2,87.0,True,False,False,False
53.84,2,54.1,64.5,51.7,56.8,53.7,58.7,51.1,53.6,51.3,52.4,False,True,False,False
83.63,0,85.4,74.4,76.3,96.9,80.2,99.7,70.8,79.3,85.3,88.2,False,True,False,False
68.24,3,73.6,66.5,63.0,65.2,62.0,71.2,67.8,75.9,67.5,69.6,False,False,False,False
64.39,1,53.7,55.0,56.6,55.6,56.0,58.7,64.5,52.8,57.8,64.5,False,False,True,False
64.39,1,55.7,54.8,57.7,57.2,54.5,50.8,56.2,52.2,51.4,52.3,False,False,False,True
60.76,2,59.3,61.9,60.0,51.9,62.6,67.2,52.6,66.8,56.5,68.7,False,False,True,False
64.39,0,85.8,85.9,99.0,92.0,70.0,88.6,99.8,81.1,93.4,86.1,True,False,False,False
70.54,3,70.0,69.2,61.6,62.5,78.5,68.5,71.5,68.2,76.4,79.0,True,False,False,False
59.67,2,57.3,52.4,67.3,61.9,51.7,64.6,66.8,62.0,55.5,53.3,False,True,False,False
90.15,0,97.9,97.3,86.4,90.4,86.7,78.7,94.3,80.7,93.2,95.9,False,False,False,False
59.15,2,54.8,65.3,58.2,56.8,56.5,64.6,69.0,63.8,62.1,50.9,False,False,False,True
60.85,2,60.2,56.5,64.5,64.3,51.1,67.4,64.5,64.8,64.7,68.0,False,False,True,False
55.09,1,53.2,51.5,54.8,58.5,58.8,54.7,64.5,54.5,57.7,56.5,True,False,False,False
74.86,3,78.3,78.9,64.5,74.1,78.5,75.9,74.7,72.4,64.7,69.9,False,False,False,False
53.48,1,51.3,53.3,52.7,54.1,50.5,53.4,56.0,57.3,53.8,52.2,False,False,False,True
60.1,2,59.4,62.8,57.0,56.9,62.0,63.7,64.5,68.1,54.1,58.9,True,False,False,False
64.39,1,55.9,57.0,50.1,51.6,58.8,54.2,52.8,52.7,58.5,51.8,False,False,False,True
89.51,0,75.1,96.0,74.5,95.7,99.8,99.1,99.4,86.9,98.1,70.5,False,False,False,False
86.49,0,70.1,83.9,94.7,72.7,98.0,71.5,82.7,95.8,96.3,99.1,False,True,False,False
60.06,2,68.6,61.7,58.1,68.7,54.0,58.7,51.4,51.2,63.1,64.5,True,False,False,False
53.59,1,55.6,54.6,53.6,55.9,57.3,52.0,50.0,51.0,55.9,50.0,False,False,True,False
55.74,1,52.6,53.8,55.5,64.3,58.7,51.4,58.0,56.6,56.0,55.9,True,False,False,False
58.17,2,53.1,62.8,59.1,52.6,60.9,52.0,66.3,63.3,51.4,60.2,False,False,True,False
58.4,2,58.6,50.3,52.6,68.0,64.4,54.7,62.4,67.6,52.8,62.0,False,False,True,False
61.38,2,55.1,58.6,61.0,58.2,60.9,64.6,68.1,65.0,55.4,64.5,True,False,False,False
55.3,1,52.2,55.0,57.6,55.8,54.3,56.8,54.7,56.7,56.5,53.4,True,False,False,False
69.76,3,63.4,72.3,71.4,70.9,75.3,64.6,64.5,64.8,65.1,69.3,True,False,False,False
53.42,1,52.0,55.9,53.5,50.3,50.9,56.1,58.3,64.8,64.7,50.4,False,False,False,False
54.7,1,55.1,55.1,64.5,54.0,55.8,57.4,52.9,56.7,53.2,52.9,False,False,True,False
61.11,2,54.3,53.3,65.0,59.3,64.4,68.9,64.5,66.0,65.5,64.5,False,False,False,True
53.23,1,50.2,51.4,55.5,50.8,56.1,54.2,64.5,64.8,51.5,51.3,False,True,False,False
62.1,2,62.0,55.5,68.7,62.7,63.5,65.0,59.1,57.6,64.7,62.1,True,False,False,False
53.52,1,51.5,56.3,51.4,56.0,51.6,52.0,50.8,51.6,56.1,64.5,True,False,False,False
55.36,1,53.5,56.5,57.4,56.6,52.3,55.9,56.9,64.8,54.9,55.8,False,True,False,False
54.39,1,55.1,64.5,53.9,58.8,64.4,50.6,64.5,52.3,53.4,56.4,True,False,False,False
55.19,1,57.9,52.2,56.4,55.9,64.4,58.8,52.6,64.8,52.9,50.7,False,False,False,False
60.56,2,68.4,60.5,50.7,64.2,66.2,54.3,52.3,66.3,61.1,61.6,True,False,False,False
70.58,3,73.3,71.3,72.6,69.3,78.5,62.3,63.9,76.5,64.7,64.7,False,True,False,False
69.65,3,78.0,73.3,68.3,64.3,62.4,69.9,70.0,67.4,68.7,64.5,True,False,False,False
54.94,1,64.4,55.4,64.5,51.9,57.7,53.7,58.0,57.1,58.7,54.1,False,False,False,True
53.67,1,64.4,50.8,52.8,55.5,53.0,52.9,57.3,51.0,54.6,52.0,True,False,False,False
58.68,2,55.2,64.0,51.2,51.2,61.3,59.6,64.2,66.4,56.8,64.5,False,True,False,False
70.06,3,64.4,75.9,66.1,60.6,74.4,72.0,67.3,64.8,73.9,72.6,False,False,True,False
67.51,3,75.8,64.5,66.5,62.7,64.4,64.4,78.1,64.8,60.4,62.5,False,False,True,False
64.39,3,77.4,68.0,78.9,64.3,77.2,70.3,70.3,74.1,71.5,72.1,False,False,True,False
84.04,0,83.8,74.5,84.9,71.5,99.9,93.3,85.5,78.9,74.4,93.6,False,True,False,False
58.65,2,52.7,68.4,61.3,56.4,64.1,61.4,56.1,52.2,64.7,64.5,False,True,False,False
86.69,0,85.3,96.7,93.4,74.4,88.5,88.5,95.5,85.6,64.7,82.8,False,False,False,True
69.11,3,76.6,64.6,78.7,64.8,69.6,71.5,70.5,63.6,64.7,70.5,False,False,False,True
67.96,3,74.8,64.1,70.6,69.5,74.7,72.3,62.0,65.4,61.0,65.2,False,False,False,False
80.69,0,75.9,82.4,85.8,73.2,71.9,87.3,73.3,88.6,81.2,87.5,False,False,True,False
59.01,2,51.3,64.5,66.1,55.3,67.5,51.5,64.5,66.8,67.6,64.5,True,False,False,False
54.36,1,54.3,53.1,52.9,58.0,56.3,52.5,56.3,55.9,51.4,52.8,True,False,False,False
54.07,1,53.0,54.5,57.0,51.5,55.7,57.0,51.3,54.7,64.7,54.0,False,False,True,False
86.43,0,82.3,84.2,95.1,83.8,98.8,93.6,74.6,86.7,85.6,79.5,False,False,False,True
58.99,2,52.2,64.5,53.9,59.0,62.5,61.4,53.3,63.6,54.1,66.5,True,False,False,False
58.2,2,59.1,68.1,63.8,56.2,61.9,50.2,64.5,50.6,50.6,64.5,False,False,True,False
68.63,3,67.1,63.2,60.5,67.3,77.4,71.4,76.5,65.9,71.9,65.1,False,False,True,False
54.76,1,52.2,56.2,56.7,51.4,55.9,53.0,55.9,51.5,57.1,57.8,True,False,False,False
55.31,1,54.9,56.5,58.8,51.6,58.8,58.7,64.5,64.8,50.9,55.1,False,False,False,True
81.88,0,88.8,75.0,71.9,80.8,89.2,77.2,96.2,64.8,73.3,86.5,False,False,True,False
64.39,0,77.9,73.4,98.2,85.0,71.7,73.0,86.2,64.8,77.4,71.9,False,False,True,False
85.72,0,91.3,99.5,90.6,79.1,88.6,72.0,91.7,85.0,75.7,83.7,False,True,False,False
64.39,3,75.6,60.8,70.1,62.9,68.9,64.6,77.6,67.3,63.3,63.8,True,False,False,False
54.0,1,52.1,55.3,54.9,53.7,55.2,53.2,54.1,56.0,53.6,51.9,False,True,False,False
54.62,1,50.2,50.3,58.2,58.3,51.0,54.1,58.2,57.9,64.7,56.1,True,False,False,False
83.51,0,82.5,85.9,73.5,84.6,92.8,79.1,72.2,90.9,64.7,80.8,True,False,False,False
53.39,1,64.4,51.4,53.4,64.3,64.4,51.9,55.5,51.8,64.7,52.5,False,False,False,True
64.39,0,96.1,64.5,74.7,90.2,96.4,64.6,82.4,64.8,99.6,95.4,True,False,False,False
54.39,1,64.4,64.5,53.1,50.2,55.3,54.7,58.5,56.6,58.4,51.5,False,False,False,False
70.9,3,60.4,64.5,76.5,63.6,62.6,70.2,64.5,75.9,64.7,78.9,False,False,False,False
62.62,2,63.6,57.2,67.9,64.3,53.9,56.1,65.4,63.1,67.3,66.0,True,False,False,False
85.79,0,99.1,71.1,88.8,96.2,77.8,76.9,83.1,91.2,85.9,87.8,True,False,False,False
54.84,1,58.2,51.6,59.0,52.1,58.4,55.6,55.4,52.8,53.2,52.1,False,False,True,False
58.56,2,64.4,61.5,54.8,64.3,62.2,64.6,61.5,55.3,57.3,61.9,False,False,True,False
59.43,2,63.4,51.6,53.3,52.9,67.2,62.3,59.1,66.5,61.2,64.5,True,False,False,False
54.92,1,54.5,54.5,58.6,54.1,57.8,52.0,55.8,53.0,55.3,53.7,False,False,True,False
83.89,0,77.8,81.6,87.2,87.9,91.0,71.8,73.0,94.2,92.0,82.5,True,False,False,False
64.39,0,70.8,91.9,96.3,81.4,64.4,89.4,90.7,74.5,64.7,89.5,True,False,False,False
82.59,0,84.9,75.9,64.5,64.3,90.8,73.6,88.0,76.2,93.7,92.8,False,False,False,True
53.56,1,53.2,64.5,57.9,57.7,50.6,64.6,50.8,50.3,52.2,53.0,False,False,False,True
54.35,1,56.8,52.8,55.3,52.7,52.6,51.2,57.0,55.3,53.0,56.6,False,False,False,True
59.64,2,66.9,62.1,61.1,54.9,64.4,50.4,63.8,59.8,50.5,62.3,False,True,False,False
67.99,3,67.6,70.0,67.9,75.9,70.2,73.2,63.5,64.4,65.8,61.5,False,False,False,False
54.19,1,64.4,55.8,50.2,64.3,52.6,51.3,53.2,55.7,55.1,58.5,True,False,False,False
64.39,3,76.4,77.8,66.2,64.3,67.3,73.7,74.1,61.9,63.3,60.2,False,False,False,True
68.97,3,61.8,69.9,71.9,78.3,68.6,63.9,62.3,75.1,71.4,66.5,False,True,False,False
72.39,3,73.0,64.6,74.1,72.9,66.2,70.9,77.2,78.7,69.3,77.1,False,False,False,False
86.63,0,71.5,86.2,83.0,64.3,98.1,88.4,87.1,89.5,95.1,72.7,False,True,False,False
54.41,1,50.9,56.1,52.2,64.3,53.8,57.0,64.5,55.2,51.4,57.4,False,False,True,False
69.43,3,64.8,67.6,72.0,60.4,76.1,75.0,76.0,62.3,64.7,72.0,True,False,False,False
69.42,3,65.4,61.8,71.1,64.3,65.5,78.5,75.4,65.3,68.2,73.8,True,False,False,False
89.39,0,84.1,93.2,97.0,89.7,99.6,74.3,83.0,93.9,91.9,87.2,False,False,False,False
58.72,2,50.8,63.9,66.2,52.7,53.3,54.9,58.3,67.7,56.8,62.6,False,False,True,False
71.55,3,78.9,64.5,66.0,64.3,64.9,64.6,76.0,64.8,68.7,64.5,False,True,False,False
87.77,0,93.9,79.4,94.5,64.3,97.3,98.2,90.5,82.6,91.2,73.4,True,False,False,False
64.97,3,60.1,65.3,67.9,63.9,65.0,63.1,65.7,64.1,61.5,73.1,False,False,False,True
60.26,2,53.1,64.5,65.9,60.3,67.3,61.3,64.5,64.8,62.6,58.0,False,False,False,True
59.74,2,57.0,55.7,66.5,58.4,63.9,50.3,51.5,66.6,61.1,66.4,False,False,True,False
66.75,3,67.1,67.7,64.5,70.4,62.5,69.1,69.5,76.6,63.5,60.8,False,False,False,False
53.57,1,52.5,50.4,56.6,53.3,54.7,52.4,54.6,52.0,51.5,64.5,False,False,False,True
85.4,0,95.0,92.5,94.4,71.2,97.6,70.5,77.6,92.3,72.9,90.2,False,False,False,False
83.52,0,64.4,97.2,92.7,71.3,71.7,87.6,80.1,88.6,70.4,85.2,True,False,False,False
54.21,1,57.5,55.7,51.3,53.5,53.3,58.2,64.5,51.6,64.7,64.5,False,False,False,False
53.11,1,64.4,51.6,51.3,57.3,51.8,50.6,52.2,53.5,52.0,53.5,True,False,False,False
82.69,0,76.9,94.9,99.5,75.7,72.0,64.6,80.3,75.2,75.9,98.5,False,False,True,False
58.0,2,57.8,65.3,56.7,63.0,54.4,63.7,50.2,58.2,58.2,52.6,False,False,False,True
53.44,1,50.1,52.1,53.6,51.4,55.1,53.6,64.5,54.5,58.5,53.5,False,False,False,True
54.89,1,55.1,53.4,58.3,51.1,64.4,52.8,57.0,56.0,57.3,52.9,False,False,False,True
55.6,1,55.9,55.5,64.5,56.7,56.1,52.4,58.6,58.5,53.5,58.8,False,False,False,True
72.74,3,70.2,70.1,79.0,78.6,73.0,72.1,69.3,72.6,66.8,75.7,False,True,False,False
64.0,2,62.7,68.0,54.2,65.4,59.5,66.5,64.8,68.6,63.4,67.0,False,True,False,False
61.87,2,69.0,60.1,58.7,54.8,53.7,68.1,68.6,65.3,63.2,57.3,False,True,False,False
64.39,3,62.9,77.5,64.5,76.1,62.2,63.2,72.3,63.8,72.1,62.8,True,False,False,False
57.11,2,64.4,52.5,60.6,56.0,50.8,50.9,56.8,60.5,55.1,59.5,False,False,False,False
64.39,0,74.5,80.0,95.3,94.2,96.5,85.6,88.3,64.8,89.6,64.5,True,False,False,False
54.62,1,52.9,64.5,64.5,56.5,64.4,57.4,55.3,64.8,57.5,52.8,False,True,False,False
54.37,1,52.7,64.5,56.4,54.3,55.9,54.5,55.8,51.5,53.2,52.2,False,True,False,False
71.89,3,76.7,66.1,68.6,75.8,70.2,71.2,74.5,71.6,74.2,70.0,False,True,False,False
59.81,2,50.2,57.5,61.8,51.0,63.9,64.6,57.5,59.9,64.4,68.1,True,False,False,False
54.96,1,55.6,54.2,51.5,57.3,53.8,53.4,55.3,58.0,54.7,55.7,True,False,False,False
55.09,1,64.4,54.6,52.8,64.3,57.5,50.7,58.7,56.5,55.2,53.5,False,False,False,False
57.96,2,55.6,63.9,56.4,55.6,54.2,68.9,57.7,51.1,50.4,64.5,False,False,False,False
54.34,1,50.3,55.5,55.8,57.1,55.5,64.6,52.9,50.8,58.1,53.7,False,False,True,False
70.7,3,68.2,67.3,66.6,68.9,65.8,72.4,74.5,74.0,75.2,74.1,False,False,False,True
69.46,3,71.0,63.4,76.5,73.1,62.6,63.8,60.9,74.8,78.3,70.2,False,False,True,False
84.45,0,77.3,93.9,88.1,76.1,87.4,90.8,64.5,90.2,70.4,97.8,True,False,False,False
84.86,0,64.4,64.5,87.9,81.5,72.8,93.0,81.4,64.8,91.6,80.1,True,False,False,False
61.66,2,52.4,62.3,60.8,56.8,59.8,67.3,61.3,68.5,59.5,67.8,False,True,False,False
85.33,0,74.0,76.1,64.5,84.4,98.7,86.0,97.3,93.0,85.1,77.3,False,False,False,True
71.55,3,62.4,78.0,78.4,76.8,66.7,62.1,74.4,68.3,79.0,69.4,False,True,False,False
53.34,1,53.6,57.1,53.9,53.3,51.5,52.5,54.2,52.7,50.1,54.6,False,False,True,False
54.24,1,52.2,64.5,50.8,54.4,50.6,56.5,58.8,64.8,55.5,55.4,False,False,False,False
53.5,1,51.5,54.1,52.3,53.3,50.4,55.0,56.1,53.6,50.7,57.8,False,False,True,False
71.43,3,72.3,64.5,64.5,68.1,66.1,78.0,66.2,65.8,78.4,75.8,True,False,False,False
68.06,3,65.2,63.7,71.5,61.9,64.4,68.2,63.3,74.1,76.4,70.7,False,False,False,True
70.99,3,64.7,69.4,72.0,77.4,76.1,62.4,73.6,74.7,78.0,61.7,False,False,True,False
55.44,1,57.6,51.6,55.6,56.1,58.0,51.0,55.7,58.4,55.7,54.7,False,False,False,True
55.35,1,57.7,56.1,54.6,56.7,52.3,57.1,55.3,64.8,50.3,58.4,False,False,False,False
59.96,2,64.4,62.2,51.9,66.8,64.4,65.6,65.1,58.6,53.4,60.6,False,True,False,False
54.66,1,53.6,57.6,52.1,53.0,50.1,57.5,56.2,57.7,58.2,50.7,False,False,False,False
54.86,1,52.8,64.5,53.2,56.2,53.9,56.4,50.3,58.6,55.6,58.3,False,False,True,False
84.85,0,72.0,87.1,79.9,96.5,75.8,90.2,90.0,79.1,93.6,84.3,True,False,False,False
59.56,2,68.4,63.0,64.8,52.1,64.4,65.1,56.1,64.8,52.5,50.3,True,False,False,False
69.75,3,78.8,70.4,64.1,61.3,61.8,74.4,67.1,73.8,71.3,74.4,False,True,False,False
54.14,1,57.3,51.3,52.6,56.3,51.0,57.0,58.8,51.7,64.7,55.1,True,False,False,False
88.73,0,98.9,93.3,94.6,79.1,97.9,80.2,86.5,64.8,88.0,90.3,True,False,False,False
53.99,1,51.7,54.5,52.4,51.5,58.1,64.6,53.1,58.7,55.1,64.5,False,True,False,False
68.78,3,72.7,65.7,64.5,70.3,66.5,64.6,77.8,64.8,65.7,73.0,True,False,False,False
55.22,1,58.6,56.5,54.5,54.4,64.4,53.4,55.3,55.1,57.8,52.3,False,False,False,False
84.85,0,95.5,93.4,79.2,94.0,72.2,78.6,90.7,73.1,83.0,88.9,False,False,True,False
83.69,0,72.4,98.9,78.9,82.2,99.3,78.8,72.4,87.9,88.9,77.1,False,False,False,True
54.63,1,50.2,58.2,59.0,57.7,50.7,56.7,51.2,53.9,57.7,64.5,False,False,False,False
61.82,2,63.7,52.0,61.8,66.4,64.4,69.0,54.4,64.9,53.4,68.3,True,False,False,False
58.66,2,60.0,60.0,53.0,53.8,59.2,59.8,64.5,65.4,65.2,51.7,False,False,True,False
83.47,0,72.8,71.4,94.7,91.6,77.0,87.1,73.7,87.2,86.2,93.0,False,False,False,True
54.83,1,64.4,58.0,55.0,51.5,54.7,51.7,56.6,54.1,64.7,56.8,False,False,False,True
60.35,2,55.2,65.4,50.8,63.9,66.9,60.6,63.4,56.6,68.4,52.2,False,False,False,False
58.81,2,52.5,58.7,64.5,63.6,66.7,52.5,64.0,64.8,60.5,50.1,False,False,False,True
82.1,0,88.2,64.5,76.7,88.6,72.8,77.5,92.6,71.4,74.7,98.5,False,False,False,False
82.49,0,73.8,77.7,78.7,82.4,92.9,83.9,80.7,84.7,70.5,99.6,False,True,False,False
54.8,1,64.4,56.6,58.7,54.5,54.4,54.1,54.8,57.7,56.2,50.3,False,False,False,True
82.57,0,99.7,84.0,78.7,88.5,86.1,73.2,77.3,71.4,64.7,87.0,True,False,False,False
62.68,2,55.6,63.6,67.3,67.6,67.3,52.3,63.8,57.5,66.5,65.2,False,False,False,False
59.81,2,63.4,57.3,68.4,55.9,60.3,52.2,54.2,64.8,69.0,52.1,False,False,False,False
67.79,3,68.2,67.8,66.0,69.8,63.1,63.3,73.5,69.2,73.6,63.5,False,True,False,False
85.78,0,79.7,73.4,98.2,83.1,87.3,84.1,92.2,72.1,98.0,89.8,False,False,False,False
64.39,1,52.9,64.5,50.3,58.3,52.0,50.4,53.2,53.6,58.3,53.4,True,False,False,False
53.79,1,52.8,54.1,64.5,52.1,57.9,53.7,50.6,54.3,53.8,56.2,True,False,False,False
55.76,1,58.1,64.5,56.8,55.8,55.8,56.4,53.4,58.1,53.5,56.2,False,False,False,True
61.36,2,58.3,54.8,64.5,51.7,63.6,62.3,66.4,68.5,58.6,60.8,False,False,True,False
84.71,0,91.0,64.5,76.4,71.2,79.8,93.9,87.8,91.1,96.7,84.5,False,False,False,True
58.35,2,63.1,58.5,53.2,58.1,53.1,56.0,53.7,50.4,68.8,68.4,False,False,True,False
53.24,1,51.3,50.0,64.5,51.5,50.1,57.5,54.7,64.8,64.7,54.1,False,False,True,False
86.29,0,80.4,94.2,92.2,88.8,88.2,72.9,78.5,88.0,95.6,84.1,True,False,False,False
68.8,3,77.1,66.9,70.6,75.6,60.1,74.6,64.5,60.8,71.9,60.9,True,False,False,False
83.72,0,80.7,64.5,94.4,64.3,72.6,78.9,64.5,80.1,86.5,64.5,True,False,False,False
83.8,0,97.9,71.9,98.3,88.0,81.2,88.4,74.0,73.1,94.2,71.1,False,False,False,True
69.35,3,73.5,71.7,64.5,64.3,64.6,64.6,75.2,69.5,61.2,67.6,True,False,False,False
82.99,0,64.4,86.2,81.4,84.3,91.7,89.3,83.0,73.2,84.5,74.5,False,False,True,False
69.55,3,77.7,71.1,75.8,65.8,66.4,69.1,74.1,64.1,70.6,60.9,False,False,False,False
59.79,2,50.3,61.4,58.5,62.4,56.6,62.1,65.1,58.2,56.2,67.2,True,False,False,False
54.13,1,52.9,50.1,57.7,64.3,51.4,57.5,52.7,54.6,52.8,55.3,True,False,False,False
58.73,2,61.1,61.2,56.2,64.3,67.7,66.1,56.9,54.8,53.0,50.8,False,True,False,False
65.83,3,74.4,64.5,67.1,61.5,62.3,66.6,70.4,61.5,66.4,63.5,False,False,False,True
60.83,2,62.1,58.0,68.2,52.5,63.6,58.0,64.5,64.8,67.0,64.5,False,False,False,True
70.01,3,78.9,69.0,61.1,64.3,67.4,73.5,78.1,60.4,70.0,68.1,True,False,False,False
62.76,2,59.2,64.5,67.1,64.3,63.3,68.7,51.2,54.6,66.7,65.3,False,True,False,False
58.32,2,68.9,52.8,55.3,51.1,67.0,56.9,52.6,55.3,55.2,68.1,False,False,True,False
54.03,1,55.7,56.8,53.5,58.6,54.4,50.9,51.1,52.9,56.3,64.5,False,False,True,False
84.27,0,85.1,75.0,81.8,84.0,83.1,87.1,79.9,93.5,90.1,83.2,False,True,False,False
71.0,3,73.4,69.4,75.4,68.0,63.2,61.6,77.3,72.3,77.4,72.0,False,False,False,True
87.34,0,64.4,83.0,78.7,64.3,95.5,83.2,98.9,87.0,81.8,95.8,False,True,False,False
69.64,3,75.2,61.8,75.0,71.0,72.7,64.6,76.8,61.0,64.6,69.9,False,False,True,False
54.35,1,50.5,54.1,56.5,52.3,56.1,58.4,64.5,64.8,57.4,50.9,False,False,True,False
56.65,2,50.6,56.6,64.5,53.9,55.9,57.2,64.5,64.1,52.3,53.6,False,False,False,False
55.88,1,64.4,64.5,54.4,52.4,56.8,55.9,57.8,53.5,58.4,54.4,False,True,False,False
70.43,3,78.3,66.2,65.8,72.4,68.7,78.2,61.3,75.1,63.2,75.1,False,False,False,True
68.99,3,75.0,74.5,64.6,62.1,67.2,69.7,72.9,61.2,75.2,67.6,False,False,True,False
64.39,2,63.5,59.8,55.4,58.0,64.4,55.4,60.3,64.8,53.3,59.8,True,False,False,False
87.06,0,73.4,96.7,70.7,64.3,82.9,97.6,96.6,95.3,91.2,92.7,False,False,False,False
64.39,2,60.7,68.7,55.3,51.7,57.0,51.9,63.8,50.0,55.5,61.6,False,False,False,True
59.76,2,66.8,67.0,51.7,67.6,54.0,67.5,52.2,64.8,64.9,53.1,False,False,False,True
60.11,2,51.0,60.0,50.6,62.1,64.7,66.7,66.4,67.1,61.7,64.5,False,False,False,True
59.96,2,64.0,50.2,50.7,56.8,64.0,62.9,66.4,59.1,61.3,64.2,True,False,False,False
81.48,0,81.3,64.5,97.5,81.3,78.6,83.7,83.2,78.2,85.5,72.9,False,False,True,False
61.37,2,63.4,59.0,64.5,63.3,60.0,66.7,50.4,60.8,58.6,66.0,False,True,False,False
54.66,1,55.5,55.1,64.5,52.5,64.4,58.6,55.3,57.0,50.8,54.6,True,False,False,False
56.57,2,64.9,54.8,51.0,53.3,53.2,50.7,51.0,67.8,66.5,52.5,False,False,False,True
62.02,2,60.3,59.2,67.7,64.3,62.6,62.7,63.2,64.8,61.5,63.7,False,False,False,False
55.18,1,57.4,51.8,53.4,56.6,54.0,57.7,57.0,50.1,58.2,55.7,False,False,False,True
83.22,0,74.8,94.7,64.5,98.0,91.4,71.1,85.8,87.2,70.8,84.2,False,False,True,False
55.7,1,57.1,55.5,57.7,50.7,54.4,57.3,51.9,58.6,57.3,56.5,True,False,False,False
68.47,3,64.4,64.5,65.2,74.8,65.9,75.0,72.3,63.8,69.7,69.7,False,False,False,True
59.26,2,58.9,55.2,62.2,66.6,53.8,67.0,59.3,51.4,64.7,55.2,True,False,False,False
82.95,0,86.4,91.7,73.2,78.3,75.7,78.0,99.0,85.5,81.7,80.0,False,False,False,True
54.0,1,50.7,56.0,54.5,53.3,57.5,57.8,64.5,52.5,51.4,52.3,True,False,False,False
70.46,3,61.9,68.4,69.5,64.3,76.7,68.9,73.7,71.1,72.4,69.1,False,False,False,True
85.61,0,92.3,64.5,87.8,70.7,90.0,73.2,92.5,92.2,76.3,83.3,False,False,False,True
61.91,2,66.2,67.1,64.5,60.3,64.7,62.6,61.3,57.4,50.0,65.2,False,False,True,False
54.05,1,54.2,54.5,52.7,50.2,51.9,51.3,56.3,57.8,56.3,55.5,False,False,True,False
55.3,1,58.3,57.0,64.5,50.1,58.3,57.4,57.1,57.9,54.6,52.0,False,True,False,False
55.51,1,54.6,55.1,58.3,52.4,50.5,57.1,57.0,54.3,58.4,57.4,False,False,False,True
56.61,2,51.1,51.2,54.0,60.4,53.8,55.4,59.9,65.3,56.8,58.2,False,True,False,False
55.25,1,52.7,55.8,64.5,52.1,64.4,57.7,56.6,58.9,57.8,56.5,False,False,False,True
60.39,2,56.4,58.3,64.5,67.4,64.4,67.0,56.9,58.5,59.6,60.0,True,False,False,False
83.37,0,88.1,72.3,86.9,94.5,73.5,83.8,64.5,92.5,88.7,81.7,True,False,False,False
64.39,2,63.7,64.6,53.4,52.8,60.1,56.2,61.7,57.5,54.1,66.8,False,False,False,False
70.11,3,60.7,77.2,73.8,78.0,67.1,69.5,74.2,71.7,68.7,60.2,True,False,False,False
84.75,0,93.0,73.4,84.4,74.3,91.3,74.6,90.4,73.8,96.7,95.5,False,False,False,True
54.9,1,53.1,58.8,50.0,54.9,55.9,57.9,53.8,54.7,54.7,55.2,True,False,False,False
60.38,2,64.6,64.5,60.9,57.6,67.7,64.6,53.3,64.0,66.2,51.8,False,False,False,True
55.22,2,64.4,52.2,60.4,54.4,59.4,52.7,64.5,64.8,51.3,53.5,False,False,False,False
55.14,2,50.7,64.5,62.6,59.2,55.1,53.9,54.9,50.6,56.0,54.5,False,True,False,False
67.74,3,67.9,62.3,62.7,72.8,71.2,64.6,74.7,75.2,66.4,63.7,True,False,False,False
87.39,0,98.4,91.2,97.7,81.2,95.8,79.2,83.3,64.8,99.5,76.9,True,False,False,False
53.4,1,51.5,50.0,64.5,50.5,56.9,50.2,55.0,55.5,58.1,50.9,False,False,False,False
64.39,1,58.7,50.3,52.9,58.2,53.6,51.6,56.6,56.6,64.7,54.0,False,False,False,False
54.56,1,53.9,51.6,51.1,58.3,56.1,53.2,53.4,58.5,52.8,56.7,False,True,False,False
54.11,1,56.7,53.9,51.1,54.8,64.4,54.8,55.0,56.7,50.0,58.0,True,False,False,False
72.12,3,74.1,74.2,69.3,75.5,61.3,78.4,64.5,72.7,64.7,73.2,False,False,False,True
60.14,2,67.4,57.4,66.6,51.0,64.4,64.4,55.4,60.6,55.1,59.6,True,False,False,False
87.73,0,85.5,95.5,94.9,83.7,89.5,84.3,78.7,95.5,73.0,96.9,False,False,False,False
64.39,3,61.0,77.9,64.3,66.5,64.4,67.2,70.7,64.8,75.4,69.7,False,False,False,True
85.69,0,75.1,98.6,83.1,96.2,89.2,64.6,79.1,85.2,77.8,64.5,False,False,False,False
68.02,3,68.1,64.5,67.0,64.3,78.9,69.1,66.4,62.4,64.7,66.5,False,False,False,False
57.35,2,64.4,55.0,61.6,58.3,51.3,61.2,61.1,54.9,58.8,59.4,True,False,False,False
56.67,2,50.2,62.7,56.6,57.9,55.3,55.7,64.5,64.8,58.0,64.5,False,True,False,False
70.65,3,60.4,73.4,64.2,78.4,61.4,74.1,68.3,64.8,79.0,64.5,False,False,False,True
61.45,2,68.8,52.9,57.9,65.9,61.8,61.6,63.0,60.6,55.7,66.3,True,False,False,False
57.75,2,56.4,53.3,64.5,67.7,66.0,61.0,60.0,57.9,50.8,53.6,True,False,False,False
54.48,1,55.1,53.5,50.7,56.1,50.9,56.6,58.0,55.5,51.8,56.6,False,True,False,False
81.7,0,86.7,87.6,76.3,92.2,79.7,80.8,71.6,93.2,71.1,77.9,False,False,True,False
54.44,1,57.9,55.9,51.0,56.1,54.8,53.6,54.5,53.7,51.9,55.0,True,False,False,False
71.78,3,75.3,66.6,64.5,64.3,78.2,67.8,75.8,65.2,64.7,74.1,False,False,False,False
64.39,1,58.1,54.7,54.5,52.2,58.4,56.2,55.0,64.8,56.8,57.4,False,False,False,False
54.15,1,52.8,64.5,53.7,56.7,58.6,51.4,54.6,55.5,51.6,53.9,False,False,False,False
60.07,2,54.6,59.6,66.9,62.9,58.3,65.2,58.2,66.7,57.0,51.3,False,False,True,False
69.04,3,69.5,69.5,71.7,70.5,62.9,67.1,64.5,72.7,67.1,68.0,False,False,False,True
64.39,3,67.0,60.7,63.5,70.5,64.9,64.6,64.5,66.0,71.8,76.7,False,False,False,True
83.16,0,85.5,88.8,88.5,71.7,79.5,64.6,74.7,85.0,87.0,98.9,False,False,True,False
53.96,1,54.6,58.8,58.9,57.1,50.8,64.6,51.3,51.7,52.0,54.1,False,False,True,False
82.36,0,90.6,72.2,94.5,71.2,81.0,72.7,98.0,79.0,80.0,84.5,False,False,False,False
67.55,3,70.9,71.1,75.6,66.4,68.8,74.0,61.1,66.5,60.1,61.0,False,False,True,False
64.39,1,55.8,53.5,53.1,64.3,51.7,55.9,55.6,50.7,64.7,50.0,False,False,False,True
80.89,0,75.5,91.8,93.9,79.9,90.1,72.3,70.8,64.8,82.9,77.4,True,False,False,False
82.44,0,80.6,83.4,75.7,73.3,94.9,81.7,99.2,72.2,64.7,64.5,True,False,False,False
55.35,1,59.0,53.8,56.8,50.6,51.3,58.8,58.3,53.4,53.6,57.9,False,False,False,True
71.72,3,62.1,70.9,65.9,63.4,78.9,78.7,76.2,69.5,76.4,75.2,False,False,False,True
66.72,3,61.5,61.3,76.7,63.5,78.0,63.8,63.1,71.1,63.1,65.1,False,False,False,False
84.4,0,64.4,75.3,72.3,90.0,82.7,91.8,73.3,93.4,90.5,96.9,True,False,False,False
69.63,3,66.9,77.7,64.5,64.2,63.3,72.2,72.0,74.6,70.3,67.3,True,False,False,False
54.58,1,52.1,64.5,64.5,58.2,55.3,54.2,56.6,54.2,56.0,54.7,False,True,False,False
83.32,0,91.4,64.5,64.5,95.1,64.4,99.0,64.5,73.7,86.2,76.0,False,False,False,False
70.0,3,63.9,64.5,65.2,68.1,64.4,69.6,76.2,76.0,63.8,78.8,False,False,False,True
64.39,3,71.8,65.6,61.5,73.8,64.4,69.5,64.4,75.3,67.4,75.7,False,False,False,True
56.03,1,51.1,64.5,58.9,56.8,58.7,52.4,58.8,57.7,64.7,50.3,False,True,False,False
64.39,2,61.0,59.6,53.7,62.9,50.5,64.6,66.7,68.0,55.1,62.0,True,False,False,False
54.75,1,56.8,52.4,52.9,50.8,64.4,53.3,58.8,55.3,58.9,54.9,True,False,False,False
59.37,2,66.0,64.5,58.0,53.5,51.6,60.9,66.2,53.7,67.6,51.9,True,False,False,False
54.72,1,51.6,58.1,55.1,57.7,55.4,51.9,54.9,54.9,52.2,55.5,False,True,False,False
54.12,1,56.9,54.3,53.0,54.4,50.3,53.9,64.5,58.4,53.8,55.8,False,False,True,False
80.91,0,96.0,79.6,70.8,73.8,91.2,75.6,75.4,76.8,84.2,64.5,False,False,False,True
58.32,2,61.7,64.5,56.8,59.6,53.8,50.7,64.5,52.8,64.7,68.3,False,False,True,False
54.16,1,50.5,53.9,64.5,51.3,51.8,56.5,57.7,56.3,50.1,55.1,False,False,True,False
70.07,3,70.6,60.4,78.8,73.2,60.3,69.4,76.4,64.8,73.3,74.4,False,True,False,False
53.85,1,56.9,56.5,64.5,55.3,51.2,64.6,54.6,52.1,50.1,56.0,True,False,False,False
55.06,1,52.3,58.9,54.9,54.9,54.7,55.9,51.1,57.6,64.7,57.5,True,False,False,False
55.95,1,57.2,57.6,64.5,58.3,58.5,58.9,53.9,53.8,50.3,64.5,True,False,False,False
68.89,3,76.4,79.0,61.4,61.9,62.5,64.6,73.4,64.8,75.8,64.1,False,False,False,True
70.47,3,62.7,63.6,64.5,73.9,70.8,66.7,64.5,74.5,75.8,64.4,False,False,False,True
81.8,0,88.6,79.1,92.7,79.2,75.5,76.3,81.1,94.7,70.8,80.0,False,True,False,False
52.91,1,50.2,53.9,57.8,51.2,51.3,50.0,53.5,57.6,64.7,52.1,False,False,False,False
64.39,1,53.8,64.5,58.9,51.5,52.7,51.9,55.3,57.2,52.7,56.7,False,True,False,False
54.1,1,56.4,57.9,54.3,56.0,52.1,51.7,53.5,50.9,56.4,51.9,False,True,False,False
60.23,2,58.5,53.0,62.4,66.2,53.8,66.1,54.2,53.5,67.4,67.2,True,False,False,False
59.82,2,66.1,51.6,65.4,66.0,55.6,51.4,66.7,58.8,64.7,63.7,True,False,False,False
60.88,2,66.3,59.6,63.1,60.5,64.4,66.5,61.5,52.5,51.5,59.7,True,False,False,False
85.72,0,64.4,78.9,94.3,79.9,70.5,73.6,99.6,91.2,90.5,92.2,True,False,False,False
56.65,1,59.0,57.2,58.1,50.8,52.4,58.4,57.7,56.6,58.8,57.3,False,False,False,False
54.92,1,56.8,51.6,54.5,59.0,51.8,53.0,57.7,51.5,56.1,57.2,True,False,False,False
60.59,2,64.4,53.6,64.5,52.8,64.4,65.5,55.2,66.0,63.0,55.7,True,False,False,False
53.77,1,50.5,55.9,64.5,55.8,55.0,50.3,55.6,56.3,51.2,55.4,False,False,True,False
64.39,2,68.1,63.9,66.2,53.7,51.2,52.0,51.4,65.4,57.8,67.1,False,False,True,False
70.54,3,68.7,66.8,65.3,65.1,72.6,72.2,75.7,72.5,67.8,78.8,False,False,False,False
85.2,0,80.3,85.2,94.2,85.6,70.1,94.6,88.1,74.9,80.2,98.7,False,True,False,False
83.11,0,96.3,83.1,72.9,95.3,90.8,64.6,81.2,88.6,70.4,74.6,False,True,False,False
59.69,2,60.6,55.3,64.5,64.5,53.8,60.8,58.5,67.5,56.3,60.4,False,True,False,False
64.39,2,63.8,55.4,68.6,61.8,64.4,61.0,56.5,57.1,59.6,51.4,False,False,True,False
64.39,2,68.9,68.2,54.7,59.6,56.8,57.5,67.1,52.4,54.4,64.3,True,False,False,False
54.81,1,54.6,55.9,54.5,50.7,56.1,55.1,52.3,57.9,57.0,54.0,False,False,True,False
69.08,3,68.5,64.6,74.9,75.7,67.0,65.6,64.5,65.5,64.9,64.5,False,True,False,False
64.39,2,51.4,55.8,59.9,60.7,62.7,55.9,58.4,57.0,57.0,58.6,False,False,False,False
57.67,2,64.4,57.0,53.2,58.3,61.4,60.3,61.1,59.8,51.6,57.2,False,True,False,False
64.39,2,66.2,66.4,50.5,64.3,52.9,66.3,57.7,65.4,51.4,53.6,False,False,True,False
55.54,1,64.4,55.7,56.1,55.3,58.2,51.7,58.3,55.7,58.2,54.2,False,False,False,True
60.38,2,55.0,64.5,61.1,57.2,52.9,62.3,67.3,66.5,67.7,64.5,False,False,False,False
55.01,1,55.2,58.5,58.3,54.4,51.6,55.3,53.5,64.8,54.1,64.5,False,False,True,False
54.61,1,56.8,58.2,57.4,50.4,54.5,64.6,55.7,55.6,51.8,53.7,False,True,False,False
85.89,0,94.5,83.6,87.0,64.3,72.3,73.2,99.4,95.6,86.6,92.9,False,False,False,False
82.17,0,70.4,91.0,81.4,78.9,92.6,81.3,85.3,90.2,79.7,71.0,True,False,False,False
67.4,3,64.4,60.2,66.9,63.1,60.4,67.0,76.9,75.0,62.4,75.6,False,False,False,True
71.05,3,68.3,67.0,68.1,77.5,66.8,75.0,64.5,61.7,75.0,73.3,False,True,False,False
83.85,0,84.2,83.8,85.8,64.3,99.1,76.0,64.5,72.1,76.4,97.0,True,False,False,False
57.83,2,65.6,54.0,64.7,58.9,64.4,64.6,53.6,53.7,64.7,51.5,False,True,False,False
59.8,2,56.4,67.9,57.0,63.6,57.1,66.4,58.3,58.8,52.0,60.5,False,False,False,True
71.09,3,64.4,63.0,77.6,61.5,64.4,62.1,75.7,77.4,72.5,78.1,False,True,False,False
84.24,0,64.4,93.9,74.2,76.6,77.2,86.5,81.6,84.7,78.2,92.9,False,False,False,False
59.21,2,53.2,57.6,50.9,63.7,60.1,63.0,64.5,60.5,64.7,66.9,False,True,False,False
78.47,0,86.4,73.8,82.2,77.5,74.5,79.2,64.5,92.4,70.9,74.2,False,False,False,True
87.8,0,92.9,88.8,99.8,95.1,64.4,73.1,64.5,89.9,81.7,91.0,True,False,False,False
71.6,3,65.8,64.5,64.5,67.9,67.9,78.2,76.1,72.4,64.7,75.9,True,False,False,False
82.39,0,75.8,72.0,99.8,77.1,94.2,73.7,94.2,70.7,79.3,87.2,False,True,False,False
55.18,1,54.5,57.8,53.8,53.2,64.4,51.4,58.3,58.7,64.7,57.3,True,False,False,False
86.37,0,94.5,73.7,73.8,86.9,85.7,64.6,93.0,98.0,89.8,83.7,False,True,False,False
84.43,0,72.3,64.5,95.2,81.1,96.4,74.1,93.4,93.9,64.7,77.5,False,True,False,False
54.69,1,58.7,54.5,57.5,51.5,55.4,53.3,64.5,56.5,64.7,56.4,False,False,False,False
81.45,0,80.9,90.7,76.9,64.3,83.2,87.8,78.2,79.1,70.5,95.5,False,False,True,False
87.51,0,90.4,64.5,72.3,98.0,90.7,85.5,98.3,97.2,83.6,74.7,False,True,False,False
85.28,0,64.4,99.9,86.4,80.7,71.9,93.0,70.1,89.0,84.8,91.1,True,False,False,False
70.76,3,69.5,62.9,67.5,68.7,76.5,70.6,76.7,74.0,78.8,62.6,True,False,False,False
60.65,2,60.3,62.3,61.4,63.1,51.9,56.4,67.7,54.8,68.7,59.9,False,False,False,False
53.99,1,50.1,58.5,53.2,51.0,57.4,51.9,54.6,55.4,56.6,51.2,False,False,False,True
59.03,2,57.4,64.5,59.7,58.2,64.1,59.2,61.3,60.0,61.5,53.7,False,False,False,False
68.94,3,64.5,66.5,77.2,69.0,73.5,64.6,63.6,61.3,67.7,71.3,False,False,False,True
70.06,3,74.0,70.7,72.4,73.7,64.4,68.2,60.5,77.3,64.7,70.5,True,False,False,False
56.53,2,54.1,64.5,51.5,62.2,51.7,61.8,53.0,53.2,55.2,64.5,False,False,True,False
59.27,2,64.4,54.7,54.7,63.4,65.9,61.5,59.5,55.0,64.7,57.2,False,True,False,False
85.62,0,88.3,64.5,91.1,89.4,81.4,79.7,97.2,87.1,71.4,75.0,False,True,False,False
57.0,2,54.0,58.3,50.1,58.8,55.2,59.1,64.7,55.1,63.5,51.3,True,False,False,False
56.52,2,53.4,53.3,65.9,64.3,56.4,51.7,54.5,55.9,61.9,56.3,False,True,False,False
55.9,1,57.5,64.5,58.5,55.3,54.2,57.8,58.1,54.8,64.7,54.6,True,False,False,False
58.33,2,64.4,64.5,54.6,60.5,65.2,65.3,64.5,58.8,50.3,50.6,True,False,False,False
54.08,1,54.1,50.4,53.4,59.0,53.4,57.7,50.8,56.5,50.2,55.2,False,False,False,False
59.82,2,54.4,64.5,60.6,64.3,64.4,59.9,53.4,63.8,51.8,60.6,False,False,False,True
61.75,2,64.4,54.1,67.1,64.3,64.2,66.8,55.1,60.8,61.6,64.5,True,False,False,False
64.39,0,96.0,97.6,75.3,82.5,64.4,88.4,70.6,96.7,76.2,83.2,False,False,True,False
84.12,0,64.4,70.2,94.6,86.6,95.4,84.8,73.8,79.2,64.7,64.5,False,False,False,True
67.24,3,63.1,67.3,64.5,76.3,64.0,66.9,74.1,61.3,66.3,65.3,False,True,False,False
64.39,3,77.1,62.0,67.5,75.9,76.8,60.8,78.0,61.9,65.9,78.0,False,True,False,False
58.59,2,55.1,52.4,64.5,50.4,63.7,56.0,61.7,68.8,61.1,58.5,False,False,True,False
55.51,1,55.4,55.1,55.3,56.9,56.9,55.5,52.2,57.5,56.4,53.9,False,False,False,True
59.26,2,55.9,50.4,50.8,64.3,64.4,60.7,67.1,59.2,57.7,56.7,True,False,False,False
55.32,1,64.4,64.5,55.1,58.0,58.3,51.3,55.5,57.9,58.1,64.5,False,False,True,False
57.86,2,50.3,63.9,53.4,69.0,63.8,55.5,64.4,54.7,50.0,53.6,True,False,False,False
66.81,3,64.1,61.2,76.6,68.2,64.4,60.3,75.1,64.5,69.0,65.1,True,False,False,False
64.39,0,86.3,77.6,64.5,82.3,64.4,70.1,90.6,99.3,72.2,93.5,False,False,False,True
53.32,1,57.4,50.5,58.6,64.3,50.1,52.5,53.6,52.5,51.1,55.1,True,False,False,False
69.3,3,61.0,66.3,64.5,76.2,64.9,64.6,66.7,74.6,75.2,71.4,False,False,False,True
69.91,3,61.8,62.8,72.5,78.0,64.4,76.9,73.2,72.6,63.0,61.7,False,False,False,False
55.14,1,57.5,58.4,53.6,54.4,50.7,58.5,54.9,55.1,57.3,50.9,True,False,False,False
53.63,1,55.6,56.1,55.1,53.9,52.8,51.2,52.4,50.3,51.1,57.8,False,False,False,True
85.85,0,78.2,87.9,87.5,64.3,92.4,76.5,81.2,86.6,88.4,83.8,False,True,False,False
71.35,3,70.4,75.4,68.9,73.9,65.2,73.1,78.4,70.9,60.6,64.5,False,True,False,False
87.22,0,71.9,80.8,95.4,94.9,89.6,91.2,93.5,90.1,71.8,92.9,False,False,False,True
53.96,1,57.0,51.6,50.0,52.1,54.1,53.0,53.9,55.2,58.4,54.2,True,False,False,False
86.85,0,64.4,75.6,86.7,99.9,99.4,93.3,88.7,74.5,81.0,77.1,False,False,False,True
88.21,0,89.0,64.5,87.3,88.8,95.5,78.8,90.2,85.6,94.5,93.2,True,False,False,False
69.86,3,73.7,60.8,70.8,73.6,71.4,64.6,73.0,72.5,78.2,60.2,False,False,False,False
82.88,0,80.8,90.1,84.5,84.3,84.2,97.3,74.7,75.9,71.1,85.7,False,False,True,False
54.28,1,54.2,51.5,53.0,64.3,52.7,59.0,57.9,50.9,51.3,56.7,False,True,False,False
64.39,2,63.9,59.6,67.9,62.3,67.8,64.5,52.5,64.8,68.4,54.4,True,False,False,False
87.42,0,64.4,92.7,78.2,85.1,98.1,99.0,89.3,87.3,81.2,64.5,False,False,False,True
63.56,2,69.0,57.4,64.5,67.2,68.1,61.5,61.7,61.7,67.1,67.6,False,False,True,False
68.84,3,64.4,64.5,69.1,64.3,74.0,63.6,61.7,74.5,62.7,67.5,False,False,False,False
53.74,1,53.6,52.1,55.2,52.5,51.9,54.0,54.7,55.5,51.0,57.0,True,False,False,False
72.47,3,63.0,74.6,69.8,74.3,72.4,79.0,66.5,72.1,76.4,76.8,False,False,False,True
86.15,0,89.0,93.4,88.6,64.3,79.0,85.3,73.8,96.2,75.8,87.6,False,False,True,False
70.24,3,64.4,77.0,72.1,71.6,73.2,68.5,66.5,73.9,64.7,64.5,False,False,False,True
69.28,3,77.5,74.0,75.7,66.9,69.7,64.6,64.5,64.8,64.1,60.0,False,False,False,False
87.78,0,95.8,84.7,86.7,80.7,64.4,77.7,75.8,93.2,91.6,97.6,False,True,False,False
60.48,2,53.9,54.9,64.5,54.0,60.3,55.7,60.3,66.2,63.2,68.7,True,False,False,False
60.06,2,59.2,64.8,64.1,54.0,62.9,64.3,50.8,63.3,64.7,57.8,True,False,False,False
71.9,3,77.0,71.1,66.5,64.3,64.4,76.0,69.4,76.2,73.9,62.1,False,True,False,False
85.86,0,83.7,77.5,91.5,95.5,90.2,77.8,72.7,94.4,95.1,80.1,False,False,False,False
54.32,1,51.5,53.3,58.0,52.9,53.1,50.2,50.3,58.2,57.4,58.3,True,False,False,False
82.38,0,97.1,76.3,71.8,92.2,90.9,86.7,71.0,73.2,88.8,75.7,False,False,False,False
59.96,2,61.1,55.7,52.6,56.3,55.9,68.6,63.1,58.0,68.6,59.7,False,False,True,False
67.01,3,64.4,73.2,74.4,66.7,67.8,64.8,65.5,61.0,64.2,64.2,True,False,False,False
79.62,0,81.4,74.5,84.4,76.4,64.4,77.7,78.9,70.2,94.9,77.1,True,False,False,False
54.97,1,52.7,57.4,54.9,54.2,55.5,54.5,64.5,57.8,56.5,51.4,False,True,False,False
86.16,0,100.0,80.4,85.0,86.7,77.0,64.6,64.5,73.6,94.0,74.3,True,False,False,False
59.99,2,64.1,52.8,64.5,64.3,60.3,56.0,63.2,61.0,52.1,57.2,False,False,True,False
83.82,0,80.5,90.3,77.2,64.3,86.0,70.3,96.1,79.3,95.6,89.8,False,False,False,False
61.94,2,68.4,68.1,64.5,65.3,50.4,59.5,64.5,68.6,64.7,52.5,False,False,False,True
59.86,2,64.4,64.5,63.1,55.4,66.7,56.8,60.7,58.0,56.1,61.4,True,False,False,False
64.39,3,76.2,73.0,61.6,76.0,70.0,64.6,77.0,68.6,72.1,62.9,True,False,False,False
72.28,3,61.2,75.7,72.1,64.5,76.1,77.1,75.7,73.1,68.9,78.5,False,False,True,False
76.92,0,64.4,71.8,76.0,75.0,64.4,86.0,72.1,97.3,72.8,75.3,False,False,True,False
63.87,2,59.9,62.9,68.3,68.1,61.7,68.8,55.8,66.0,59.3,67.8,False,False,False,True
66.75,3,63.1,62.0,70.6,62.6,64.4,67.0,67.5,64.8,71.5,63.7,True,False,False,False
52.87,1,54.0,50.9,51.8,51.8,50.3,51.5,55.1,53.9,54.2,55.1,True,False,False,False
86.25,0,70.6,84.0,91.1,98.3,96.9,64.6,87.6,84.1,86.4,87.4,True,False,False,False
71.92,3,76.7,78.1,70.8,74.0,69.5,64.6,73.9,61.8,72.4,76.6,False,True,False,False
87.19,0,76.2,75.7,91.4,96.5,89.1,99.5,91.9,82.0,78.9,90.7,True,False,False,False
64.39,0,92.3,90.5,83.9,64.3,70.4,78.4,84.0,89.0,81.8,77.0,False,True,False,False
54.8,1,52.6,55.8,57.8,51.1,64.4,56.6,51.3,55.4,54.9,55.0,False,True,False,False
69.01,3,64.1,71.1,65.5,72.2,72.6,72.0,63.6,73.7,70.1,65.1,False,False,False,True
64.39,3,68.3,70.7,68.5,68.9,67.9,73.1,61.3,64.8,64.7,64.5,True,False,False,False
85.15,0,64.4,64.5,64.5,83.8,75.5,87.6,99.4,75.9,76.6,75.8,True,False,False,False
84.63,0,89.6,90.9,88.8,89.5,71.0,95.8,64.5,89.2,78.2,75.2,False,False,False,True
59.77,2,61.1,51.4,62.4,59.1,56.4,50.5,62.5,68.9,56.6,64.5,False,False,False,False
72.0,3,76.9,71.4,68.3,73.5,73.3,70.9,60.7,72.0,74.2,64.5,False,True,False,False
53.95,1,50.9,53.4,64.5,51.7,64.4,64.6,64.5,55.8,58.9,52.6,True,False,False,False
71.24,3,77.2,66.1,62.3,77.1,61.8,64.6,76.7,71.1,78.3,69.8,False,False,False,True
62.6,2,63.8,60.7,66.6,65.4,64.4,64.5,65.1,57.4,64.7,56.3,False,False,False,False
84.26,0,83.9,74.2,75.5,79.8,73.3,90.8,94.4,99.7,91.1,80.0,False,False,False,False
84.09,0,88.1,87.0,78.8,64.3,72.3,72.8,70.2,82.3,97.9,97.0,False,False,False,False
85.97,0,79.9,93.6,81.3,91.5,81.8,94.8,70.1,64.8,97.9,96.1,True,False,False,False
83.54,0,83.3,74.4,98.8,96.0,78.0,98.5,75.3,64.8,85.2,64.5,False,True,False,False
86.23,0,64.4,99.8,81.7,91.8,87.9,90.9,88.8,83.6,82.4,76.5,False,True,False,False
83.8,0,77.0,99.6,73.2,79.4,93.7,78.4,64.5,92.6,64.7,71.0,False,False,False,False
82.02,0,89.3,76.7,72.4,92.3,71.8,64.6,86.7,80.9,76.7,91.0,False,False,False,True
54.29,1,57.5,52.5,56.6,50.0,56.4,54.0,64.5,51.1,51.8,58.6,False,False,True,False
66.86,3,61.1,65.6,65.5,67.5,69.8,61.2,64.0,74.9,72.6,66.3,False,False,False,True
71.03,3,73.2,64.5,72.3,76.5,61.4,78.3,78.2,74.0,61.8,61.9,False,False,False,True
63.7,2,67.1,50.2,65.7,63.4,66.9,67.1,60.5,68.3,68.1,64.5,False,False,False,False
84.1,0,64.4,76.4,94.9,64.3,74.8,79.6,99.1,72.4,99.4,75.1,False,False,False,True
70.01,3,69.0,68.0,64.6,76.9,76.9,71.2,61.7,67.0,70.1,74.8,True,False,False,False
58.14,2,62.4,55.2,50.3,61.1,57.4,65.1,63.5,57.6,55.7,53.1,False,False,False,True
87.14,0,72.1,96.4,98.5,89.2,76.8,81.2,89.9,64.8,82.1,64.5,False,False,False,False
82.06,0,73.0,98.1,70.1,64.3,75.2,72.2,87.8,99.1,71.8,94.8,False,False,False,False
84.72,0,86.5,74.7,83.7,88.1,64.4,75.6,95.2,88.2,97.0,64.5,True,False,False,False
60.54,2,57.2,64.5,68.7,55.5,64.8,65.1,66.9,53.6,59.5,50.1,False,False,False,True
55.86,1,54.2,55.6,56.5,56.5,56.3,58.0,58.3,53.7,64.7,54.9,True,False,False,False
53.63,1,54.2,55.1,58.6,54.1,52.9,52.9,52.8,55.3,50.2,50.2,False,False,False,False
87.32,0,86.2,91.8,84.3,83.7,89.4,91.4,91.5,64.8,90.1,77.8,True,False,False,False
67.9,3,66.3,69.7,62.0,75.7,70.6,71.8,73.1,68.0,60.7,61.0,True,False,False,False
83.39,0,76.1,72.2,96.5,74.4,64.4,89.2,77.1,82.8,75.6,92.7,False,True,False,False
81.09,0,64.4,70.6,76.4,81.4,75.9,94.8,92.5,71.5,89.4,82.4,True,False,False,False
59.92,2,55.6,59.2,68.9,63.8,57.6,59.4,68.6,64.8,50.0,62.8,False,False,False,True
68.92,3,64.4,70.1,60.7,66.5,77.7,63.0,68.2,64.8,76.4,67.0,False,False,False,False
84.63,0,84.7,72.8,92.1,80.5,87.1,85.4,86.9,80.7,64.7,85.9,False,False,False,True
54.87,1,64.4,51.6,58.7,51.2,55.8,50.2,55.8,57.8,52.8,58.3,False,False,False,False
59.28,2,64.3,65.2,56.7,60.1,64.4,53.1,64.6,53.0,55.2,57.1,False,False,True,False
82.6,0,97.0,81.3,70.9,76.8,90.8,90.3,98.1,76.0,72.0,72.8,False,False,False,True
59.34,2,51.1,59.7,63.2,64.3,58.4,62.0,64.5,62.4,57.8,58.8,False,True,False,False
83.28,0,76.3,98.3,93.9,73.4,87.3,77.8,76.7,87.7,80.6,80.7,False,False,True,False
53.7,1,52.5,55.2,51.9,53.3,50.5,50.4,55.3,57.6,64.7,59.0,False,True,False,False
57.32,2,58.1,64.5,58.8,53.6,52.6,59.4,64.5,59.3,54.4,62.4,False,False,False,True
68.72,3,73.0,65.7,66.0,62.0,75.1,70.5,69.7,77.4,61.2,66.7,False,False,False,False
54.73,1,56.5,64.5,64.5,55.4,64.4,57.6,57.1,64.8,51.6,50.1,False,False,True,False
67.23,3,66.8,68.0,64.5,60.5,78.3,66.6,67.0,66.9,61.0,67.0,False,False,False,True
52.55,1,50.4,51.3,54.5,56.7,51.0,64.6,51.5,52.9,51.8,52.5,True,False,False,False
67.77,3,70.0,65.0,62.9,62.0,76.0,75.6,60.7,63.8,63.1,78.5,True,False,False,False
64.39,0,83.5,88.6,90.9,71.3,81.3,80.9,78.3,95.1,74.1,87.3,False,False,False,False
85.77,0,87.9,78.9,93.9,64.3,70.3,94.8,73.8,64.8,84.7,64.5,True,False,False,False
68.03,3,66.8,62.2,75.4,75.8,62.4,64.6,64.5,64.8,60.4,74.8,False,False,False,False
54.97,1,58.6,58.6,56.8,64.3,64.4,50.5,56.3,57.9,52.6,50.2,False,True,False,False
85.23,0,97.1,92.8,73.0,72.2,88.6,79.6,64.5,76.7,99.3,64.5,False,False,True,False
63.15,2,65.6,55.9,59.4,67.1,59.7,60.5,67.6,64.0,65.8,65.8,False,False,False,False
62.44,2,58.4,59.0,64.5,64.3,67.1,64.6,63.2,64.4,63.5,60.6,False,True,False,False
54.69,1,57.2,50.1,55.1,54.6,58.4,50.5,56.9,55.5,50.0,58.5,False,True,False,False
56.23,1,54.4,58.1,52.8,58.1,57.5,58.6,56.7,58.3,55.7,52.1,False,False,True,False
54.15,1,54.2,58.7,64.5,52.6,51.8,52.1,50.6,55.1,53.7,64.5,False,False,False,True
71.7,3,60.8,64.5,72.1,71.9,71.0,68.8,64.5,76.6,64.7,77.1,True,False,False,False
66.47,3,60.9,74.9,64.0,60.1,60.3,71.4,75.5,64.8,64.7,74.0,False,False,False,True
83.48,0,82.3,73.8,99.8,74.4,70.3,75.9,87.3,95.9,91.5,83.5,False,False,False,True
54.49,1,56.1,53.5,51.8,64.3,54.6,58.7,53.3,64.8,56.9,57.6,False,True,False,False
64.39,1,51.2,56.4,55.3,51.3,54.5,64.6,50.9,56.5,51.6,56.0,False,False,False,False
88.02,0,93.4,83.0,82.5,92.1,79.3,92.4,96.3,85.8,79.9,95.5,False,False,False,True
63.36,2,63.8,66.0,64.5,67.2,63.8,64.6,64.6,59.0,64.3,64.5,False,False,False,True
56.14,1,56.2,57.6,57.3,58.9,51.2,64.6,58.4,56.7,56.9,53.7,False,False,True,False
54.49,1,56.2,54.0,53.7,56.5,51.4,50.5,64.5,57.1,53.9,53.3,False,False,True,False
54.24,1,54.0,50.4,64.5,64.3,50.5,55.4,57.0,55.8,53.3,53.8,False,False,False,True
80.0,0,71.0,78.0,82.0,81.3,70.4,78.8,72.3,99.2,87.9,64.5,False,False,False,False
87.89,0,97.2,76.0,96.0,72.6,87.6,98.7,92.5,64.8,88.6,93.7,False,False,True,False
68.68,3,61.8,64.7,73.7,68.1,76.0,73.1,77.1,64.8,60.7,66.7,True,False,False,False
83.99,0,71.5,94.9,81.4,93.5,82.5,72.3,72.6,76.8,97.7,96.5,False,False,True,False
54.55,1,53.3,54.7,52.2,56.0,56.2,53.4,57.0,50.1,58.7,53.7,False,False,True,False
69.15,3,70.1,76.7,72.1,64.3,62.4,71.9,61.4,73.8,64.7,64.2,False,False,True,False
67.24,3,71.1,63.5,69.7,60.2,60.3,64.6,64.6,75.2,69.7,60.7,False,True,False,False
60.54,2,67.2,50.9,64.5,65.4,64.4,64.6,51.6,65.3,64.7,56.8,False,False,True,False
64.39,2,64.4,61.3,52.2,62.5,51.1,66.7,55.3,57.6,57.5,68.0,True,False,False,False
84.02,0,64.4,71.4,76.8,78.2,80.8,98.9,80.1,64.8,96.0,79.9,False,False,True,False
59.33,2,64.8,61.5,64.5,62.4,62.6,52.9,51.9,51.2,58.8,62.7,False,True,False,False
71.16,3,64.4,71.0,66.7,64.3,69.2,76.5,72.3,72.8,70.4,64.5,False,True,False,False
80.98,0,74.9,74.5,64.5,82.1,71.5,85.8,64.5,77.4,92.3,84.3,False,True,False,False
64.39,3,75.3,66.4,78.0,66.7,75.4,64.6,64.4,63.3,75.3,67.2,True,False,False,False
70.28,3,77.9,73.9,64.5,67.1,65.4,73.1,74.5,65.9,67.4,76.0,False,False,False,False
61.9,2,58.3,61.3,64.8,62.2,63.6,64.0,58.7,65.9,63.2,56.9,False,False,False,False
54.58,1,58.1,53.3,56.7,55.6,53.9,54.5,58.8,50.3,52.3,64.5,False,False,True,False
59.68,2,66.4,57.4,65.3,60.2,58.3,62.4,64.0,50.9,56.9,55.0,False,False,True,False
57.97,2,66.6,50.6,61.6,63.9,59.0,58.3,51.1,62.1,52.0,54.5,False,False,False,True
91.25,0,99.3,93.1,80.1,64.3,95.6,85.8,79.3,97.7,97.3,85.4,False,False,True,False
70.01,3,78.5,60.7,69.2,76.5,70.2,60.3,70.3,73.7,74.0,66.8,False,True,False,False
64.39,1,58.0,51.8,51.5,55.0,53.1,55.9,52.7,54.2,58.8,53.4,False,True,False,False
59.17,2,57.6,61.1,58.2,57.3,64.4,52.1,55.8,66.1,58.5,65.6,False,False,True,False
53.63,1,52.2,50.7,55.9,57.6,56.9,51.9,52.0,55.3,50.8,53.1,True,False,False,False
79.58,0,76.4,71.5,80.9,72.0,81.7,98.7,72.1,81.0,85.9,75.7,True,False,False,False
71.44,3,73.2,76.0,61.0,76.8,73.9,67.5,68.5,76.0,64.7,66.0,True,False,False,False
85.26,0,74.4,94.4,77.3,97.4,64.4,78.8,64.5,89.7,96.3,64.5,False,False,False,True
69.81,3,78.5,64.5,70.9,61.3,73.7,66.5,60.9,61.3,78.0,74.4,False,True,False,False
84.46,0,76.4,71.3,94.0,82.1,82.1,97.5,79.1,83.4,87.6,91.0,False,True,False,False
60.77,2,55.2,56.6,64.3,56.5,67.2,50.8,66.9,64.8,66.4,55.5,True,False,False,False
58.03,2,50.1,57.6,64.0,51.5,64.4,53.3,62.2,61.0,59.1,58.1,False,False,False,True
83.81,0,86.4,84.4,88.0,88.4,90.0,74.5,97.2,78.0,76.2,75.0,False,False,False,False
68.28,3,66.8,64.5,62.4,70.5,71.4,67.3,73.3,71.3,64.7,67.2,False,False,False,False
57.89,2,51.1,65.1,58.9,53.1,63.1,63.2,52.4,64.8,59.6,55.4,False,False,False,False
69.59,3,71.9,76.8,64.5,63.8,78.3,68.2,71.8,64.8,72.8,62.5,False,False,True,False
85.97,0,64.4,85.5,80.1,97.5,74.7,88.9,77.2,79.8,94.3,93.4,True,False,False,False
72.16,3,73.9,67.7,75.4,61.1,77.5,73.6,77.0,75.1,70.6,69.6,False,False,False,False
67.98,3,72.9,64.3,76.8,60.3,68.6,61.5,71.6,72.8,67.4,63.6,True,False,False,False
64.39,2,51.9,62.4,64.5,63.8,58.9,65.5,53.7,62.1,68.7,59.9,True,False,False,False
67.85,3,72.9,77.8,61.2,67.4,63.5,69.0,63.1,64.8,66.5,74.7,False,False,False,False
68.35,3,73.7,64.5,70.7,78.5,62.5,77.0,65.2,64.7,60.7,67.5,False,False,True,False
80.73,0,84.8,85.1,73.5,64.3,72.9,83.3,89.4,96.1,81.4,70.3,True,False,False,False
54.62,1,54.6,57.0,52.3,55.1,56.8,53.6,56.0,56.7,51.8,52.2,True,False,False,False
64.39,0,74.3,95.9,71.1,76.0,64.4,99.1,90.6,71.3,78.4,78.6,False,False,False,False
68.85,3,60.9,72.6,60.9,67.4,67.9,74.4,73.8,75.5,68.7,66.4,False,False,False,False
64.39,3,71.2,72.0,72.3,68.1,78.5,64.6,64.2,61.0,64.9,67.2,False,False,False,True
83.7,0,64.4,76.2,87.3,83.2,93.6,74.3,92.8,87.0,93.7,73.5,True,False,False,False
60.9,2,61.5,64.5,65.7,51.8,50.4,63.4,58.9,66.7,68.4,56.6,False,True,False,False
53.41,1,64.4,64.5,52.9,53.4,52.8,55.1,50.4,51.1,53.7,54.1,False,True,False,False
69.83,3,60.6,64.4,77.8,75.1,71.2,64.6,64.5,63.2,64.7,78.6,False,True,False,False
52.99,1,57.3,52.0,64.5,51.7,54.1,53.6,51.6,51.3,50.9,51.1,True,False,False,False
55.03,1,56.9,51.7,56.9,54.6,58.8,55.9,54.3,64.8,54.5,56.4,False,True,False,False
55.24,1,53.3,50.3,58.5,56.6,52.8,51.9,58.2,55.0,58.3,57.5,False,False,True,False
64.39,0,99.0,76.6,92.5,71.8,95.5,80.3,64.5,85.5,74.0,64.5,False,False,True,False
60.24,2,64.4,65.7,59.6,64.3,60.1,52.9,62.6,64.8,50.4,63.4,True,False,False,False
58.01,2,63.2,54.9,52.4,56.5,62.2,65.0,58.1,64.8,60.9,53.2,False,False,True,False
72.66,3,64.4,78.8,67.8,65.2,72.3,69.6,64.5,68.8,64.7,76.3,True,False,False,False
56.86,1,58.2,57.0,58.5,53.2,64.4,56.8,52.6,58.4,58.7,57.3,True,False,False,False
64.39,0,94.6,92.5,94.2,84.2,83.8,64.6,64.5,73.7,83.8,72.9,False,True,False,False
70.65,3,63.7,63.5,77.6,66.5,70.6,66.0,77.9,77.8,64.7,70.0,True,False,False,False
60.36,2,52.9,51.6,56.3,63.2,61.3,64.3,58.2,68.2,67.3,60.3,False,True,False,False
81.78,0,82.3,86.2,84.4,74.0,81.3,93.1,73.1,72.1,81.3,90.1,False,False,True,False
61.21,2,58.5,66.5,68.9,64.3,58.8,68.9,50.5,66.1,52.0,58.0,False,False,True,False
69.94,3,78.1,71.5,78.9,65.1,64.4,63.6,64.5,68.4,76.5,64.5,False,True,False,False
54.1,1,64.4,50.1,50.0,64.3,51.3,57.4,56.6,50.1,58.7,51.8,False,False,True,False
69.15,3,61.8,73.1,63.0,60.1,75.6,68.6,64.5,73.1,65.6,72.3,False,False,False,True
53.39,1,64.4,50.4,56.3,52.5,50.3,56.3,56.9,51.1,53.9,55.9,True,False,False,False
82.28,0,73.3,70.9,86.9,81.4,87.6,87.7,70.9,90.6,87.8,85.8,False,False,True,False
62.39,2,66.8,61.8,59.0,63.6,64.6,58.8,68.6,59.0,64.7,64.5,False,False,False,True
84.95,0,74.7,94.7,64.5,81.9,71.2,99.4,96.8,70.2,64.7,93.7,False,False,False,False
53.41,1,52.6,50.6,54.8,53.0,56.7,57.8,50.9,64.8,64.7,64.5,False,False,False,False
64.39,2,64.4,52.3,68.3,63.2,66.3,50.4,64.5,53.9,53.1,58.3,False,False,True,False
81.72,0,73.1,85.6,81.2,82.5,89.8,70.3,89.9,71.9,98.4,74.6,False,False,False,False
58.23,2,52.7,60.5,59.9,54.5,64.4,52.1,63.2,64.8,51.7,55.7,True,False,False,False
64.39,0,85.1,91.2,95.0,76.3,86.9,79.2,79.6,77.9,70.7,77.4,False,False,False,True
87.03,0,97.7,64.5,82.6,77.7,95.1,97.6,96.4,96.2,77.0,73.9,True,False,False,False
87.64,0,76.5,91.4,95.5,81.8,91.0,83.2,87.9,83.2,95.7,90.2,False,True,False,False
58.67,2,64.4,55.4,58.2,64.3,56.4,60.3,67.3,59.5,64.7,66.4,False,True,False,False
60.41,2,64.4,61.5,55.8,58.6,65.7,52.5,56.5,67.8,64.3,64.5,True,False,False,False
85.6,0,86.8,75.8,64.5,81.5,71.1,88.1,97.4,90.8,88.9,91.2,False,False,False,True
70.16,3,64.4,75.5,67.8,70.0,69.4,78.6,78.4,62.1,63.0,71.9,False,True,False,False
55.3,1,55.3,51.9,64.5,53.3,52.1,64.6,55.0,55.0,57.4,58.3,True,False,False,False
82.49,0,74.2,71.8,85.5,78.3,90.4,93.8,95.7,87.4,70.7,77.0,False,True,False,False
84.26,0,92.4,64.5,73.8,73.5,77.0,90.7,91.6,93.5,96.3,70.7,False,True,False,False
56.17,2,50.7,51.9,63.6,54.1,52.6,54.0,54.5,66.8,54.0,59.3,True,False,False,False
86.12,0,82.1,99.4,78.2,72.3,89.4,92.2,96.5,93.9,81.0,76.3,True,False,False,False
87.22,0,64.4,98.5,97.3,88.0,91.1,75.2,74.9,72.2,96.8,95.0,False,False,True,False
72.0,3,61.2,67.7,73.9,75.9,66.8,77.3,65.3,78.7,75.1,78.3,True,False,False,False
70.85,3,70.1,73.9,73.3,70.6,68.9,69.0,68.5,71.4,66.2,76.6,False,False,False,True
52.55,1,50.7,50.7,64.5,51.8,51.8,58.5,51.0,51.2,52.8,54.3,True,False,False,False
70.37,3,64.4,72.1,71.0,71.9,64.6,67.5,76.5,78.2,67.2,65.8,True,False,False,False
55.2,1,53.1,51.7,55.2,58.6,58.0,55.7,53.6,54.6,55.5,56.0,False,False,False,True
64.39,2,50.3,52.3,57.2,53.9,55.0,67.9,64.5,64.8,65.3,50.7,False,True,False,False
63.78,3,70.6,62.4,60.2,75.6,62.2,63.3,60.5,60.3,64.7,64.5,False,True,False,False
86.15,0,97.2,85.1,94.2,64.3,90.8,64.6,81.4,81.2,94.2,90.1,False,False,True,False
64.39,1,56.7,51.6,57.2,58.2,53.0,55.3,50.1,64.8,54.4,54.7,True,False,False,False
64.39,3,64.4,64.5,64.5,64.3,71.8,71.0,76.8,75.4,64.7,65.0,False,False,False,False
86.93,0,64.4,87.8,97.6,94.5,81.1,98.2,75.7,64.8,85.4,86.8,True,False,False,False
68.63,3,67.9,71.4,67.3,60.8,78.7,66.8,67.4,64.4,66.5,75.3,True,False,False,False
69.71,3,67.0,67.3,64.7,67.6,70.1,64.6,68.9,73.2,76.0,68.7,False,False,False,False
66.74,3,62.2,67.4,68.1,62.6,65.6,66.4,75.7,66.9,69.5,63.0,True,False,False,False
84.5,0,84.2,79.9,80.4,64.3,82.5,88.7,71.8,89.2,87.3,93.2,True,False,False,False
58.88,2,54.2,56.4,59.0,67.8,65.1,60.1,54.3,54.7,52.7,64.6,False,False,True,False
84.88,0,87.9,81.0,64.5,81.2,77.9,93.5,98.3,81.2,85.7,85.2,False,False,True,False
87.85,0,90.0,93.9,99.9,89.9,64.4,86.2,88.7,83.1,79.0,85.7,False,False,False,False
72.21,3,74.7,78.6,61.2,64.3,73.5,77.8,73.3,61.1,75.3,72.6,False,True,False,False
89.25,0,88.0,64.5,97.3,88.9,99.0,89.6,74.6,88.5,84.1,64.5,False,False,True,False
64.39,2,57.2,54.8,54.6,61.9,53.6,52.1,57.6,63.9,60.9,68.5,True,False,False,False
71.53,3,70.5,76.6,75.7,75.2,60.3,73.8,65.0,74.9,76.9,66.4,False,False,False,True
86.93,0,89.4,86.5,91.2,78.7,84.6,80.2,82.8,89.8,94.3,91.7,False,False,True,False
69.94,3,64.0,64.5,64.5,72.6,64.4,68.6,64.7,75.6,63.4,70.6,False,False,False,True
64.39,2,61.7,53.1,56.7,52.4,57.9,64.3,64.5,60.7,51.3,60.4,False,False,True,False
64.39,0,79.0,90.7,70.0,91.1,84.4,85.6,78.9,79.1,78.7,72.3,True,False,False,False
54.22,1,55.9,51.0,56.8,50.7,57.2,57.8,52.7,50.3,57.7,52.2,False,False,False,False
88.86,0,76.5,83.3,93.0,96.1,85.4,99.3,98.6,88.9,87.3,80.1,True,False,False,False
88.34,0,98.2,92.5,88.4,78.0,86.2,97.1,83.0,88.8,95.3,75.9,False,False,False,True
86.8,0,72.5,92.4,93.8,88.8,76.8,89.3,97.5,64.8,89.4,64.5,False,True,False,False
64.39,2,65.8,62.1,67.3,68.4,67.7,64.1,64.8,64.8,64.7,67.7,False,False,True,False
59.67,2,64.4,50.5,60.8,57.9,51.2,64.6,65.0,56.4,67.9,60.4,True,False,False,False
69.21,3,62.5,64.0,75.4,64.2,72.0,74.9,72.9,65.0,72.8,68.5,False,False,False,False
69.71,3,78.1,65.2,71.0,68.6,77.4,68.9,63.2,65.7,65.3,73.7,True,False,False,False
54.43,1,64.4,57.9,53.7,57.7,53.9,54.9,55.0,50.8,50.9,64.5,True,False,False,False
60.77,2,56.5,63.7,56.1,64.3,64.4,66.1,58.7,58.0,67.8,63.8,False,False,False,True
67.61,3,64.5,60.5,64.7,62.5,73.9,62.6,71.2,76.5,78.6,61.1,True,False,False,False
57.73,2,61.7,64.5,53.2,59.6,56.6,58.7,65.2,53.9,54.8,55.4,True,False,False,False
66.31,3,64.0,64.5,75.8,69.5,62.8,77.3,61.2,64.8,60.1,70.9,False,True,False,False
84.85,0,89.0,71.8,98.6,71.9,92.5,95.1,74.8,78.6,76.5,99.8,False,False,False,False
55.34,2,51.1,65.0,64.5,56.2,54.4,52.8,56.9,52.8,54.8,56.1,False,False,False,False
86.29,0,79.5,85.7,74.9,83.9,94.6,85.3,89.3,64.8,96.3,81.3,False,False,True,False
53.77,1,52.4,51.5,50.5,54.4,55.5,53.5,56.9,50.1,56.7,56.3,True,False,False,False
58.22,2,66.3,53.0,57.7,68.8,56.4,57.5,56.3,57.7,64.7,55.9,False,True,False,False
64.39,1,64.4,55.2,56.0,56.0,57.8,55.2,57.5,57.1,54.6,51.8,False,False,False,False
64.39,2,53.4,65.9,54.5,51.8,62.4,52.4,64.9,63.8,60.5,56.7,False,True,False,False
82.82,0,93.7,78.8,75.6,89.9,82.9,73.6,71.3,64.8,70.9,99.3,False,False,True,False
83.03,0,89.3,74.5,84.8,76.2,97.3,88.2,83.0,79.3,64.7,79.1,False,False,True,False
64.39,0,90.6,87.5,73.0,78.6,71.6,64.6,79.9,75.7,74.4,91.8,False,False,False,True
85.36,0,91.4,86.3,75.9,84.2,82.4,85.3,64.5,99.8,80.0,70.9,False,True,False,False
68.2,3,62.7,69.0,65.2,75.2,75.8,64.6,74.7,76.6,62.4,60.0,True,False,False,False
90.47,0,95.4,99.5,93.7,96.2,78.9,77.1,97.7,90.2,86.5,89.4,False,False,True,False
59.52,2,51.8,50.5,67.3,63.2,61.1,53.1,66.8,64.2,62.0,55.2,False,True,False,False
67.79,3,63.2,62.9,72.7,66.4,73.0,61.0,72.9,66.9,69.7,69.4,False,False,False,True
54.14,1,50.7,57.9,58.1,57.1,55.2,52.2,50.7,54.7,52.5,52.2,False,True,False,False
54.25,1,51.0,64.5,50.7,51.2,56.9,58.0,56.7,52.9,52.0,58.0,False,False,True,False
64.39,1,64.4,54.3,64.5,58.2,50.7,56.2,52.3,50.5,52.9,53.4,True,False,False,False
64.39,0,78.6,77.6,94.3,77.8,64.4,75.8,95.7,99.0,95.0,90.7,True,False,False,False
54.22,1,55.8,53.7,53.4,51.8,57.0,57.6,50.1,54.8,52.8,55.3,False,False,True,False
83.58,0,78.4,78.3,77.0,64.3,95.6,95.3,73.0,99.3,86.0,78.6,False,False,False,True
69.76,3,62.1,74.3,75.8,77.6,73.9,62.8,67.8,60.9,64.7,67.3,False,True,False,False
83.45,0,79.0,75.7,86.8,70.5,88.0,94.6,91.3,90.5,64.7,73.8,False,False,False,False
59.43,2,64.4,58.2,67.2,55.4,64.9,51.3,51.9,60.4,67.4,64.5,True,False,False,False
64.39,1,51.9,56.1,58.5,52.2,54.8,55.8,54.3,54.5,56.2,57.0,False,False,True,False
84.67,0,64.4,92.6,84.4,77.7,94.6,64.6,85.3,73.4,92.5,80.6,False,False,False,True
68.89,3,68.7,63.0,72.9,77.3,73.2,64.2,60.7,67.0,74.4,67.7,True,False,False,False
58.19,2,65.5,58.1,57.0,57.2,50.5,58.7,58.7,53.8,59.7,62.7,True,False,False,False
64.39,0,64.4,82.5,88.2,70.5,99.9,87.3,86.2,92.3,77.7,86.7,False,False,True,False
83.1,0,97.7,90.1,74.6,92.1,74.6,78.3,86.8,70.3,93.3,73.2,False,False,False,True
83.64,0,85.4,83.7,89.1,98.1,97.1,64.6,75.6,77.4,71.8,84.4,False,False,True,False
56.27,2,63.1,60.6,56.9,57.2,52.4,52.5,55.4,56.9,51.9,55.9,False,False,False,False
84.36,0,70.3,74.5,89.7,81.7,81.8,90.0,64.5,93.3,99.0,86.9,False,False,False,False
68.26,3,72.8,63.2,78.2,60.0,67.8,73.2,60.6,68.6,63.5,74.6,False,True,False,False
56.82,2,55.8,52.4,64.5,53.9,65.9,50.3,54.5,64.8,64.7,53.1,True,False,False,False
55.17,1,58.7,56.2,50.9,58.7,52.8,52.1,58.8,51.6,55.3,56.7,False,True,False,False
61.14,2,65.5,54.6,59.9,67.5,58.2,66.2,65.3,66.3,52.9,64.5,False,False,False,True
54.98,1,56.1,58.7,50.8,57.6,57.6,53.4,52.1,52.3,54.8,56.4,True,False,False,False
87.77,0,99.4,71.1,88.4,64.3,97.7,83.6,89.7,89.1,64.7,87.5,False,False,False,False
53.01,1,50.1,53.6,53.2,53.2,53.1,51.4,50.3,55.3,56.8,53.2,True,False,False,False
57.89,2,59.0,55.6,60.4,56.0,59.0,57.8,62.3,54.0,64.7,56.2,False,False,True,False
80.32,0,70.2,81.1,82.6,77.6,70.2,73.7,96.4,81.8,74.4,95.2,False,False,False,False
70.0,3,77.2,60.0,66.3,74.5,74.1,67.1,71.2,68.9,72.4,68.2,False,False,True,False
54.43,1,52.2,53.2,64.5,64.3,64.4,56.9,56.0,53.9,51.1,54.6,True,False,False,False
56.6,1,57.3,58.7,52.6,58.7,54.3,55.8,58.2,59.0,55.8,55.6,False,False,False,True
55.53,1,52.4,64.5,50.3,58.7,58.7,53.4,58.7,53.7,58.5,58.8,False,False,True,False
68.78,3,74.2,73.1,65.2,77.0,64.4,66.0,73.2,66.1,64.9,67.9,True,False,False,False
70.51,3,61.7,75.5,67.7,77.6,69.6,71.9,76.7,61.6,78.4,64.5,False,True,False,False
53.91,1,56.7,56.7,55.2,53.9,64.4,53.8,52.6,55.7,53.0,50.4,True,False,False,False
53.72,1,54.1,64.5,54.2,55.9,50.1,56.3,64.5,51.4,52.8,58.0,False,False,True,False
55.55,1,53.1,53.5,58.8,51.3,52.7,58.4,57.3,54.1,58.4,57.8,False,False,False,True
67.89,3,61.2,72.5,75.5,63.4,64.4,64.6,76.5,71.3,64.7,65.6,False,False,True,False
84.35,0,90.3,71.1,91.4,88.7,70.0,71.0,99.1,96.0,64.7,76.8,False,False,True,False
61.3,2,51.1,68.2,56.5,51.1,64.4,57.9,60.2,66.4,65.5,67.2,False,False,False,False
86.11,0,91.4,79.8,94.2,72.7,97.6,95.2,78.0,75.9,99.8,76.5,True,False,False,False
64.39,1,51.2,54.2,54.6,55.6,54.4,51.8,58.6,58.7,50.6,64.5,False,False,False,True
88.73,0,85.8,91.7,91.2,72.9,98.6,98.0,82.6,89.4,83.5,64.5,True,False,False,False
92.38,0,71.7,95.4,86.5,94.0,96.8,98.2,96.6,96.0,90.2,98.5,False,True,False,False
64.39,3,74.7,71.1,64.1,76.9,67.4,68.9,61.6,77.2,73.3,60.1,True,False,False,False
70.22,3,60.1,63.6,73.5,68.6,70.3,67.5,77.7,78.9,70.2,64.5,True,False,False,False
70.8,3,75.5,62.5,64.5,63.5,73.2,75.5,60.8,67.7,75.7,78.7,False,True,False,False
54.06,1,50.6,54.2,55.9,64.3,54.5,51.3,57.3,55.6,64.7,54.7,True,False,False,False
54.39,1,56.3,55.6,59.0,64.3,54.0,57.3,52.5,50.8,53.9,51.9,False,False,True,False
58.53,2,64.6,50.3,55.3,64.4,54.2,51.7,64.5,62.8,58.5,60.8,False,False,False,False
68.78,3,67.7,70.1,64.9,62.2,73.9,64.6,60.2,64.8,76.9,73.1,False,False,False,True
86.56,0,92.7,84.0,92.8,70.3,85.0,84.6,64.5,92.2,98.7,80.8,False,True,False,False
69.39,3,75.8,60.3,68.9,60.1,63.5,68.3,70.8,78.8,68.5,78.9,False,False,False,True
85.27,0,76.1,78.0,93.2,83.6,94.3,90.7,74.0,83.9,83.2,95.7,False,False,True,False
53.29,1,53.2,55.8,54.1,57.4,55.1,50.0,50.6,55.5,50.2,51.0,False,False,True,False
82.74,0,78.3,98.7,75.2,73.5,81.1,90.2,73.2,92.0,80.4,64.5,False,False,False,True
54.47,1,58.8,58.6,57.2,51.3,50.3,51.6,54.9,55.0,56.3,50.6,False,False,False,False
69.67,3,77.2,66.8,61.2,73.4,75.3,67.0,64.5,75.6,64.7,74.3,True,False,False,False
72.26,3,62.3,76.8,64.5,69.3,70.4,76.8,64.2,74.4,78.0,73.7,False,False,False,True
64.39,0,92.4,89.7,89.6,93.7,72.5,78.6,94.9,72.8,95.5,94.9,True,False,False,False
64.39,3,78.4,70.0,73.3,64.3,69.2,60.2,70.3,64.0,78.7,65.8,False,False,False,False
54.85,1,51.5,56.2,58.9,54.6,58.6,50.1,57.0,52.4,54.2,55.1,False,True,False,False
55.23,1,64.4,56.0,53.9,64.3,52.1,64.6,50.4,55.4,56.3,55.0,True,False,False,False
55.23,1,58.4,57.8,57.6,58.3,64.4,50.9,53.1,54.8,54.4,53.7,False,False,False,True
87.2,0,64.4,98.5,84.3,99.6,73.5,80.7,96.7,73.6,94.3,77.5,True,False,False,False
64.39,1,52.6,52.6,55.6,58.8,54.6,54.6,58.1,58.2,51.7,56.1,True,False,False,False
58.96,2,59.3,62.3,64.7,53.7,65.0,61.8,59.8,52.2,51.7,59.1,True,False,False,False
55.09,1,54.1,54.7,52.7,56.0,50.8,58.7,58.9,54.2,55.0,55.7,False,False,False,True
55.52,1,53.2,58.7,56.6,53.9,53.9,54.7,52.0,55.8,57.9,58.5,False,True,False,False
60.15,2,64.5,67.1,65.1,52.4,63.3,55.8,67.5,54.4,59.3,52.1,True,False,False,False
72.23,3,62.3,74.7,70.9,77.3,67.1,77.2,64.5,66.1,74.5,64.5,False,False,False,False
71.47,3,70.4,74.1,71.3,70.0,66.1,76.4,71.9,64.8,74.7,75.0,False,True,False,False
85.73,0,87.4,64.5,79.8,77.0,79.5,78.7,91.9,91.0,64.7,95.3,False,False,True,False
64.39,1,52.6,56.3,50.7,57.3,64.4,55.4,50.5,51.3,64.7,50.4,False,False,False,False
72.23,3,64.4,64.5,62.9,73.7,67.2,66.8,67.6,77.9,75.8,78.5,False,False,True,False
57.49,2,64.4,51.1,52.2,62.7,63.2,56.4,65.5,59.6,51.8,51.6,False,False,False,False
67.69,3,64.4,60.3,60.1,68.5,71.7,73.7,63.4,61.6,73.8,67.9,False,False,False,False
55.04,1,56.9,52.6,55.1,54.3,55.7,58.9,56.3,64.8,52.8,50.5,True,False,False,False
58.06,2,60.3,59.5,52.4,64.3,50.5,50.2,62.1,53.5,61.7,68.5,False,False,True,False
64.39,0,82.4,72.7,98.0,95.0,88.8,97.3,87.9,82.1,99.2,85.0,False,False,True,False
54.9,1,57.3,54.6,52.2,50.4,53.0,64.6,55.9,58.5,54.0,55.9,False,False,False,False
87.14,0,72.2,92.6,89.3,87.3,75.6,74.5,91.5,64.8,91.5,97.6,False,True,False,False
67.57,3,61.4,65.3,78.9,77.6,60.5,71.6,72.0,61.0,61.0,66.4,True,False,False,False
68.59,3,70.6,64.5,61.2,77.5,77.4,73.2,64.3,62.0,68.5,68.9,True,False,False,False
87.2,0,88.7,82.5,83.7,89.0,89.8,93.4,96.1,93.7,64.7,84.6,True,False,False,False
62.05,2,53.5,67.5,60.0,62.4,64.4,62.7,59.3,65.9,61.2,65.6,False,False,True,False
69.11,3,77.2,60.3,73.4,72.6,64.4,64.6,68.0,64.8,69.8,62.5,True,False,False,False
59.09,2,52.6,68.0,67.9,53.9,57.7,51.9,68.0,58.4,56.3,56.2,False,False,True,False
83.54,0,79.6,70.9,98.3,79.8,78.7,77.4,64.5,80.7,99.0,98.7,True,False,False,False
86.54,0,77.8,98.9,94.3,95.7,93.6,86.9,83.2,80.3,82.8,71.9,False,False,False,False
53.53,1,64.4,57.9,64.5,53.3,51.8,64.6,55.2,51.2,64.7,52.9,True,False,False,False
67.63,3,60.0,76.9,65.1,63.9,60.6,74.7,77.9,69.8,66.8,60.8,True,False,False,False
53.58,1,52.0,51.0,50.8,53.4,57.1,55.5,56.8,52.8,50.1,56.2,False,True,False,False
71.56,3,73.9,60.4,76.0,78.9,71.2,67.7,68.2,78.1,73.2,67.8,False,False,False,True
84.76,0,99.6,82.4,89.4,83.3,76.7,93.3,84.3,85.4,73.9,79.4,False,True,False,False
54.11,1,55.2,51.1,50.3,56.2,53.4,53.2,54.8,55.5,58.4,53.1,True,False,False,False
59.16,2,59.6,67.9,66.4,51.1,52.5,57.5,64.1,50.2,54.0,68.3,False,True,False,False
58.48,2,62.7,56.1,55.9,65.0,51.1,56.6,65.6,55.9,61.4,54.6,False,True,False,False
55.53,1,58.4,50.3,58.4,56.5,53.1,57.5,64.5,57.4,64.7,56.6,True,False,False,False
69.21,3,70.1,65.2,68.7,67.1,69.3,66.6,64.4,64.8,73.4,78.5,True,False,False,False
53.81,1,56.7,50.7,55.7,57.9,56.0,50.4,53.5,56.3,64.7,50.4,False,True,False,False
54.61,1,56.1,53.6,54.2,64.3,53.3,57.2,51.4,55.9,57.2,54.4,False,False,False,False
54.27,1,52.6,55.9,51.3,64.3,50.8,64.6,55.5,57.9,58.1,57.8,False,False,True,False
53.83,1,52.8,55.9,52.5,64.3,55.9,64.6,52.7,56.4,57.4,50.6,False,False,True,False
72.68,3,64.4,72.0,74.0,73.1,74.0,78.5,63.3,72.8,66.7,76.9,False,False,True,False
54.66,1,55.0,64.5,58.8,57.0,51.7,51.7,52.3,54.1,58.9,55.6,False,False,False,False
56.84,2,53.7,56.4,56.0,53.9,63.5,51.5,65.5,51.8,54.9,61.3,False,False,False,True
57.86,2,55.9,58.3,68.1,50.9,64.4,53.0,52.1,64.3,63.0,55.3,False,False,True,False
62.16,2,68.0,62.4,63.9,63.9,64.2,64.6,67.4,52.1,57.6,68.1,False,False,True,False
81.77,0,88.7,81.1,91.3,74.4,89.3,81.2,80.8,76.2,80.2,74.6,False,False,False,True
61.29,2,66.1,64.5,56.5,53.6,65.2,52.1,64.5,66.1,66.7,55.2,False,False,True,False
64.39,0,76.4,92.7,75.1,85.1,98.2,64.6,64.5,84.8,73.7,77.0,False,False,True,False
53.92,1,55.4,58.6,54.5,50.8,58.6,51.5,54.7,50.3,64.7,64.5,False,True,False,False
54.41,1,54.2,56.0,53.8,50.2,50.9,57.0,50.7,58.6,57.2,55.4,False,False,False,True
86.26,0,95.9,85.8,99.1,88.4,79.8,89.9,72.4,99.4,72.0,79.9,False,False,True,False
54.59,1,55.3,52.1,54.4,53.9,55.6,50.8,57.8,53.6,58.6,53.6,True,False,False,False
89.1,0,85.9,98.6,94.0,73.8,94.5,83.9,78.5,64.8,94.5,99.3,False,True,False,False
54.84,1,54.0,55.9,58.1,52.1,55.9,58.1,52.5,58.8,64.7,50.0,False,False,False,True
56.36,1,55.7,55.9,55.9,54.4,56.2,57.0,58.7,57.4,56.7,55.7,True,False,False,False
72.47,3,64.4,66.3,64.5,74.7,78.0,74.4,69.5,71.5,66.5,76.3,False,False,False,False
64.39,0,92.0,80.6,76.3,96.8,75.7,86.6,90.1,98.7,88.8,73.0,False,False,False,True
64.39,1,55.9,52.1,54.1,54.5,51.6,55.6,64.5,58.7,58.6,58.8,False,False,True,False
66.25,3,61.3,64.5,60.4,78.3,60.1,71.5,68.0,66.8,71.4,60.2,False,True,False,False
61.43,2,65.9,68.3,56.1,51.6,66.4,50.9,65.9,67.8,67.0,54.3,True,False,False,False
64.39,3,62.9,71.8,65.0,74.1,75.3,64.6,76.5,66.8,78.9,67.2,False,False,False,False
86.16,0,64.4,64.5,90.6,77.9,93.4,86.1,64.5,88.4,88.7,74.3,False,False,False,False
59.91,2,50.6,68.5,68.5,51.8,68.5,57.2,63.5,51.2,50.7,68.6,False,False,False,False
56.62,2,63.8,67.1,51.7,60.0,59.9,52.1,57.2,52.4,51.4,50.6,False,False,False,False
71.62,3,74.9,72.9,69.9,64.3,74.9,76.6,64.5,64.8,76.3,76.8,False,True,False,False
72.31,3,74.9,74.3,62.0,72.5,74.8,64.6,66.0,73.4,76.8,78.8,False,False,False,True
53.87,1,56.3,51.1,50.2,52.3,51.7,56.3,55.9,54.7,53.5,56.8,False,False,False,False
70.46,3,62.9,72.0,60.1,73.9,77.1,67.4,66.0,70.4,76.7,78.1,True,False,False,False
55.49,1,54.4,55.0,56.5,54.1,55.3,58.3,54.7,55.6,53.0,57.9,True,False,False,False
54.41,1,53.8,64.5,50.8,57.3,50.8,57.9,54.4,55.4,50.9,58.4,True,False,False,False
58.02,2,50.8,60.0,56.8,60.2,51.5,61.2,65.2,64.8,55.9,55.5,False,False,False,False
64.39,0,81.2,76.8,80.8,95.2,91.9,78.3,76.6,75.6,80.5,88.5,False,True,False,False
85.29,0,90.5,64.5,70.8,87.9,84.0,86.1,99.0,87.2,72.4,88.3,False,True,False,False
83.29,0,79.0,79.4,92.4,75.7,73.2,83.7,64.5,80.3,99.0,64.5,False,False,False,False
60.62,2,57.1,65.8,64.1,64.6,51.0,60.9,61.8,58.8,64.9,57.3,False,False,False,False
59.92,2,59.9,55.5,61.6,57.0,52.4,53.3,64.4,66.3,64.0,64.9,False,False,False,True
87.34,0,94.4,64.5,91.7,92.5,86.5,74.3,88.2,70.3,93.4,97.5,False,False,True,False
83.75,0,90.1,71.5,64.5,84.5,81.3,96.4,72.3,64.8,96.6,87.8,False,False,False,True
86.58,0,86.0,92.1,70.7,96.1,92.5,87.9,91.4,80.3,72.4,96.3,False,False,False,False
55.65,1,58.2,55.1,50.2,58.6,56.1,56.8,52.3,58.2,58.5,52.5,False,True,False,False
85.21,0,93.0,72.9,99.6,74.8,64.4,94.9,89.1,96.3,79.7,74.5,True,False,False,False
84.43,0,95.7,64.5,87.7,78.5,80.5,86.4,96.3,77.7,64.7,95.7,False,False,False,False
61.22,2,59.0,55.2,67.6,64.1,60.0,54.7,67.3,58.5,66.8,59.1,True,False,False,False
55.03,1,58.8,56.7,50.7,56.3,50.8,58.2,55.9,57.9,53.3,51.6,False,True,False,False
56.8,2,56.3,61.3,56.6,51.1,50.2,60.1,68.9,53.3,52.5,57.6,False,False,False,False
85.82,0,71.2,84.4,95.0,100.0,89.2,94.3,75.3,84.6,74.5,89.7,False,False,False,True
55.61,1,58.7,55.5,57.2,52.7,64.4,55.8,57.0,64.8,64.7,56.0,True,False,False,False
55.1,1,57.8,56.0,55.0,57.4,55.1,52.6,55.8,57.8,52.2,51.2,False,False,False,True
56.85,2,53.2,54.1,62.4,56.5,51.4,64.6,61.5,60.9,54.3,58.7,True,False,False,False
64.39,2,51.2,59.8,53.2,55.3,64.4,62.3,68.7,51.3,63.9,64.3,False,False,True,False
71.67,3,69.3,65.6,69.5,78.4,77.7,69.2,73.2,65.1,73.2,75.5,True,False,False,False
69.46,3,78.7,74.5,72.0,64.3,67.5,60.6,73.7,61.8,60.0,64.5,False,False,False,False
59.06,2,56.4,56.3,58.3,57.1,67.0,56.1,62.2,53.5,67.7,56.0,False,False,False,True
68.64,3,64.6,64.5,72.5,62.2,72.6,66.4,66.5,77.3,64.7,62.2,False,False,False,True
91.07,0,82.1,94.5,87.3,97.9,94.4,84.2,89.0,99.2,98.8,83.4,False,True,False,False
53.94,1,54.1,64.5,52.8,53.0,57.3,52.0,51.9,53.3,64.7,52.9,True,False,False,False
52.48,1,50.1,53.8,53.9,64.3,52.4,50.4,50.3,58.9,51.5,51.9,False,False,False,False
54.58,1,55.3,54.1,51.3,51.3,64.4,64.6,64.5,57.5,58.8,52.8,False,False,False,False
55.43,1,57.3,55.0,56.9,58.2,55.3,50.4,64.5,58.7,52.4,53.0,False,True,False,False
67.42,3,61.5,73.0,65.7,67.3,60.7,67.8,64.5,75.4,64.7,68.2,False,False,True,False
64.39,1,58.7,52.5,58.0,64.3,64.4,54.8,58.6,52.8,53.5,54.7,False,False,False,True
70.49,3,65.8,64.5,69.6,66.6,78.2,63.5,75.2,61.5,71.0,75.7,True,False,False,False
54.68,1,53.1,58.7,50.4,54.6,51.8,58.6,57.2,52.4,56.8,53.2,True,False,False,False
69.35,3,74.3,62.0,68.0,65.1,69.3,74.6,74.1,69.7,68.3,68.1,False,False,False,True
70.74,3,72.6,64.5,64.5,73.6,72.7,63.4,64.9,69.0,76.4,76.5,False,True,False,False
80.55,0,85.8,71.8,75.7,73.3,90.7,75.2,70.3,88.0,82.5,92.4,False,False,False,False
64.39,2,59.7,68.0,64.1,52.3,53.5,67.5,65.7,65.4,50.1,64.0,False,False,False,True
72.81,3,74.9,74.6,72.4,74.2,66.4,71.5,76.0,63.3,76.4,78.4,False,True,False,False
54.19,1,50.0,52.0,55.7,58.0,52.1,53.3,53.9,55.9,56.1,64.5,False,False,False,True
70.22,3,65.1,63.1,73.8,62.5,75.8,63.4,72.4,77.4,64.7,76.1,False,True,False,False
64.39,1,55.2,58.3,51.0,57.0,56.5,52.1,57.5,51.1,53.1,53.3,False,False,False,False
54.08,1,57.8,50.5,51.2,54.8,56.3,54.8,55.1,50.3,53.0,57.0,False,False,False,False
69.07,3,60.2,61.7,73.2,71.3,67.6,76.0,73.9,75.2,64.2,67.6,False,False,False,False
70.56,3,76.8,67.5,70.1,77.4,77.9,69.8,67.4,61.2,67.1,70.4,True,False,False,False
54.95,1,50.2,52.0,55.7,55.7,56.2,56.2,55.8,51.8,58.1,57.8,True,False,False,False
62.38,2,68.0,67.1,67.0,64.3,55.6,60.2,67.6,60.7,57.3,64.5,True,False,False,False
53.38,1,52.6,50.3,52.4,51.7,56.7,64.6,55.7,51.4,54.2,54.7,False,True,False,False
68.27,3,62.0,71.1,64.2,64.3,64.4,66.4,69.2,73.5,66.8,71.5,False,False,False,True
64.39,0,75.4,94.9,87.2,95.7,74.7,81.3,89.1,70.2,92.5,71.5,False,False,False,True
55.4,1,53.8,55.5,54.8,57.3,53.8,55.5,56.7,56.1,54.9,64.5,False,False,False,True
87.79,0,96.8,92.9,99.1,88.5,78.5,89.6,98.1,70.1,73.8,90.5,False,False,False,False
86.66,0,80.7,83.5,91.2,70.8,64.4,93.3,87.7,98.5,82.4,84.7,True,False,False,False
54.32,1,51.1,54.7,54.3,54.6,55.8,53.8,64.5,50.1,58.3,56.6,False,True,False,False
83.22,0,86.1,98.2,91.2,79.7,83.5,83.0,73.1,90.3,71.3,75.8,False,False,True,False
58.08,2,52.6,61.0,66.2,51.8,62.6,55.3,58.5,51.1,54.5,67.3,True,False,False,False
57.12,2,65.4,54.2,66.2,57.1,66.8,53.2,50.4,50.9,53.8,53.3,False,False,False,False
60.41,2,57.9,60.1,51.2,64.9,59.0,62.7,63.5,58.5,67.0,59.2,True,False,False,False
54.61,1,52.4,50.9,59.0,52.1,55.5,53.9,58.3,55.8,58.3,50.0,False,False,True,False
59.84,2,66.8,50.6,67.3,56.4,64.4,67.2,63.0,54.9,53.2,56.7,False,False,False,True
54.95,1,56.7,55.1,56.7,58.0,64.4,53.4,55.5,52.0,58.0,53.6,True,False,False,False
86.85,0,93.6,77.3,97.1,85.3,99.7,85.4,83.9,74.0,77.2,94.9,False,True,False,False
54.41,1,58.0,56.8,53.2,54.4,55.0,52.8,54.4,52.1,55.2,52.1,False,True,False,False
53.72,1,55.6,58.8,51.6,56.3,50.5,53.3,55.8,53.0,64.7,50.8,False,False,False,False
88.6,0,79.7,89.1,92.9,94.6,64.4,64.6,74.8,99.8,96.3,81.3,False,False,False,True
69.24,3,68.6,75.8,77.2,77.8,64.4,64.6,64.5,69.5,63.9,67.1,False,True,False,False
86.15,0,96.8,96.8,81.0,85.0,98.6,76.4,91.8,75.5,64.7,75.1,True,False,False,False
64.39,2,64.4,67.4,64.3,66.3,57.8,64.6,59.3,67.7,60.0,66.4,True,False,False,False
62.95,2,60.0,61.9,66.6,68.7,59.3,51.7,67.5,64.8,62.4,66.5,False,False,True,False
89.05,0,98.4,82.4,90.0,84.6,86.6,86.9,77.9,99.3,85.3,99.1,False,True,False,False
54.84,1,53.7,56.4,64.5,64.3,50.3,55.4,54.4,54.6,51.0,57.3,True,False,False,False
54.79,1,50.5,54.1,56.5,64.3,54.7,53.6,56.5,53.7,64.7,64.5,False,True,False,False
69.45,3,66.8,73.4,74.1,64.6,60.5,66.4,70.0,63.7,78.7,76.2,False,False,False,False
65.8,3,61.1,61.0,74.0,63.5,62.8,64.6,64.4,65.6,77.9,62.0,False,False,False,False
70.08,3,67.7,62.9,64.5,60.6,76.7,74.7,73.3,70.0,60.4,78.8,False,True,False,False
70.4,3,65.6,64.5,66.5,75.5,68.9,72.4,69.2,69.5,78.2,63.8,False,False,True,False
71.24,3,71.9,78.2,64.5,76.5,69.3,75.3,74.1,64.8,71.8,62.4,False,True,False,False
69.51,3,67.6,75.3,64.5,69.8,70.7,64.6,70.1,74.1,62.1,73.2,False,True,False,False
55.22,1,54.8,57.4,57.0,52.8,55.9,55.3,50.9,58.5,53.6,56.0,False,False,True,False
83.83,0,81.6,64.5,83.5,87.6,71.6,85.1,98.9,93.8,76.6,74.7,False,False,False,False
70.29,3,62.9,63.1,78.2,65.2,64.4,60.7,70.0,77.6,72.6,75.1,False,True,False,False
84.41,0,96.9,81.6,77.9,71.8,84.9,85.4,96.9,83.3,79.6,85.9,True,False,False,False
54.45,1,58.6,55.2,64.5,57.9,50.3,53.5,56.3,58.0,50.2,53.2,False,False,False,True
53.18,1,64.4,51.6,58.2,51.4,51.2,57.5,52.1,51.4,52.1,51.4,True,False,False,False
59.77,2,61.8,58.8,59.0,68.9,64.4,58.4,62.4,53.9,54.7,64.3,False,True,False,False
83.09,0,86.4,97.3,76.9,87.4,82.1,81.0,92.1,75.2,75.8,76.7,False,False,True,False
90.29,0,82.5,98.7,99.1,73.3,85.7,90.1,94.6,93.1,64.7,93.2,False,False,True,False
86.42,0,90.3,86.7,64.5,81.6,64.4,79.6,91.1,99.5,94.9,87.8,False,True,False,False
53.96,1,56.0,54.4,51.2,51.8,52.0,56.1,52.5,51.5,58.1,56.1,False,True,False,False
64.39,3,68.0,69.8,72.7,73.6,63.9,78.8,63.9,67.7,70.4,76.8,False,False,False,False
54.32,1,57.5,51.2,58.8,52.7,53.6,54.9,64.5,58.7,52.7,51.0,False,False,True,False
70.63,3,78.8,64.0,72.8,61.0,71.7,64.3,61.0,78.1,77.1,77.4,True,False,False,False
71.18,3,78.2,62.3,73.1,70.8,78.7,71.8,67.2,76.9,61.3,71.5,False,False,True,False
58.8,2,65.2,61.3,68.0,58.0,53.3,50.9,50.9,59.5,56.0,64.9,True,False,False,False
59.01,2,57.8,61.8,61.0,64.3,68.9,66.8,64.5,50.9,51.8,63.8,False,False,False,False
54.41,1,50.4,53.1,56.5,58.4,55.8,53.2,54.2,58.8,50.5,53.2,False,False,False,False
68.23,3,67.3,73.8,62.0,66.0,64.4,64.6,66.2,78.0,62.7,67.4,False,True,False,False
84.14,0,94.8,92.8,90.9,73.1,90.1,88.8,76.6,73.5,87.8,73.0,True,False,False,False
68.72,3,64.2,73.6,69.9,70.7,60.2,64.6,66.5,72.3,78.7,60.2,False,False,False,True
70.68,3,75.4,64.5,75.4,75.3,66.7,77.7,63.9,65.3,66.4,78.2,False,False,False,True
68.47,3,67.3,66.8,64.0,73.8,66.7,64.6,73.9,64.9,63.7,67.4,True,False,False,False
84.48,0,72.9,85.1,92.4,99.2,79.2,87.8,88.7,84.3,70.4,84.9,False,True,False,False
71.23,3,75.3,69.7,66.5,70.0,64.4,71.9,70.3,75.7,64.2,78.7,True,False,False,False
60.31,2,68.4,59.4,60.0,61.2,64.4,51.4,64.5,61.8,59.4,54.8,False,False,True,False
64.39,0,94.5,95.3,64.5,86.5,96.1,82.7,71.1,64.8,82.1,91.4,False,False,False,True
83.19,0,80.0,83.5,74.3,92.6,85.0,72.6,64.5,95.7,79.0,98.1,False,True,False,False
57.82,2,56.3,60.5,57.9,60.6,58.4,53.1,60.1,55.4,58.8,64.5,False,True,False,False
64.39,2,50.2,58.4,54.3,57.6,63.1,64.6,53.8,62.7,64.7,50.8,False,False,False,False
53.86,1,51.9,57.8,53.3,64.3,55.7,50.4,56.1,53.5,52.8,64.5,True,False,False,False
59.33,2,64.4,62.7,51.9,62.1,68.2,61.5,56.8,52.1,61.7,50.9,True,False,False,False
69.31,3,64.4,73.3,77.3,73.0,62.5,67.6,64.5,61.8,63.0,76.8,True,False,False,False
67.89,3,74.5,61.3,65.5,68.9,62.9,78.9,67.3,63.9,63.3,72.4,False,False,False,True
55.26,2,64.4,53.3,55.6,64.3,53.7,60.5,51.2,64.8,51.7,64.5,False,True,False,False
54.47,1,51.7,58.2,58.7,50.0,53.8,54.9,54.9,51.1,55.6,64.5,True,False,False,False
54.95,1,64.4,64.5,57.8,55.0,51.0,56.4,51.0,55.3,54.9,55.4,True,False,False,False
68.35,3,60.2,75.3,64.5,76.0,69.2,63.6,64.9,63.3,70.3,76.2,True,False,False,False
69.28,3,63.9,64.5,63.6,65.2,77.7,67.3,76.0,76.6,72.2,65.9,False,False,False,True
54.79,1,54.4,64.5,54.4,50.9,55.2,64.6,58.5,55.9,50.5,57.9,False,False,False,True
57.57,2,52.6,50.4,57.9,59.0,58.0,51.3,62.8,58.6,67.6,57.4,True,False,False,False
58.7,2,62.3,68.6,55.5,51.6,53.3,53.8,66.1,64.3,54.0,57.6,False,True,False,False
72.61,3,75.5,74.4,75.2,74.6,72.6,78.0,70.6,71.8,60.1,73.2,True,False,False,False
67.66,3,63.0,78.4,73.1,73.3,63.0,65.7,63.5,70.3,65.8,60.6,False,False,True,False
59.32,2,56.2,54.8,68.5,55.2,51.5,63.4,68.9,58.7,56.8,59.3,True,False,False,False
53.47,1,53.5,51.1,53.0,56.2,50.6,57.9,52.0,64.8,51.0,52.2,True,False,False,False
59.13,2,66.3,55.9,50.3,64.3,64.4,68.3,51.9,59.1,51.5,68.0,False,False,True,False
80.48,0,78.9,75.5,74.6,81.2,92.0,76.7,76.4,81.1,93.0,75.5,False,True,False,False
72.47,3,78.7,78.2,62.6,71.0,75.2,73.3,60.1,77.9,64.7,76.3,True,False,False,False
55.91,1,57.7,57.5,58.2,55.7,52.2,57.8,53.2,56.0,54.9,55.9,False,False,False,True
64.39,0,87.7,75.9,64.5,81.4,70.8,79.1,75.7,83.1,78.7,74.1,False,True,False,False
70.37,3,64.7,62.9,64.5,64.3,76.5,70.8,73.5,67.0,77.1,75.8,False,True,False,False
58.13,2,68.2,64.0,55.7,64.3,60.0,55.7,54.2,52.7,55.1,61.5,True,False,False,False
88.01,0,97.6,97.7,64.5,95.6,88.4,64.6,87.9,94.6,74.2,80.1,False,False,True,False
69.48,3,70.5,77.7,65.5,62.5,75.0,68.9,74.9,72.1,62.0,65.8,False,True,False,False
55.04,1,51.0,55.1,56.7,53.1,54.3,52.9,58.7,55.8,57.0,55.8,False,True,False,False
69.94,3,78.0,73.9,65.8,73.7,67.1,61.5,75.8,62.5,72.5,68.5,False,False,False,True
59.14,2,59.7,60.2,62.9,55.3,62.7,64.6,68.9,56.8,57.2,64.5,False,False,True,False
69.1,3,63.4,68.3,61.7,76.3,71.1,64.6,61.2,64.8,61.0,78.6,False,False,False,True
58.96,2,53.2,52.9,64.5,64.3,57.6,50.9,64.0,68.9,58.3,65.0,False,False,False,False
55.59,1,56.0,58.0,55.0,53.7,64.4,57.4,56.9,57.9,64.7,55.9,True,False,False,False
61.26,2,64.4,51.1,67.0,51.7,64.3,68.8,64.5,61.8,64.7,57.9,False,False,False,True
58.51,2,54.7,51.1,54.7,51.5,59.6,62.7,61.4,67.1,57.2,65.1,True,False,False,False
64.39,2,57.3,67.4,55.0,66.4,59.0,62.6,63.3,52.7,55.8,67.4,False,False,False,False
86.13,0,98.1,94.2,91.7,80.8,89.9,81.1,77.6,78.3,64.7,80.2,True,False,False,False
85.98,0,76.8,88.5,90.4,87.2,64.4,80.9,99.4,87.9,94.5,77.1,False,False,True,False
55.81,1,58.2,54.1,58.5,57.0,53.7,52.1,52.0,58.7,56.5,64.5,False,False,True,False
64.39,2,68.0,59.1,53.3,64.3,64.4,68.2,51.1,60.3,59.6,54.9,False,False,True,False
64.39,1,57.6,53.6,52.5,54.6,54.1,51.0,58.6,52.8,55.3,54.4,False,False,True,False
68.39,3,77.2,66.3,65.8,71.7,61.5,72.4,60.8,65.1,64.7,65.3,False,False,False,True
68.1,3,69.9,61.9,72.3,74.5,67.0,73.6,62.7,65.8,62.7,70.5,True,False,False,False
86.53,0,93.6,64.5,86.9,79.0,84.5,98.0,86.9,85.8,78.1,80.3,False,True,False,False
53.88,1,64.4,52.3,52.6,53.6,50.4,57.1,54.4,51.8,56.9,53.0,False,False,False,True
81.66,0,72.3,89.2,84.2,72.5,76.8,82.2,74.4,95.9,93.7,75.4,True,False,False,False
55.21,1,57.6,54.0,51.6,58.3,64.4,53.0,64.5,55.1,57.7,53.7,False,True,False,False
87.34,0,79.9,99.8,81.0,81.1,98.6,89.0,88.0,98.2,83.9,73.9,False,False,False,False
88.11,0,75.4,96.0,94.4,96.9,97.8,99.3,71.0,84.4,83.7,82.2,False,True,False,False
70.05,3,67.2,73.4,68.0,63.6,72.8,73.1,67.4,74.0,74.8,66.4,False,True,False,False
60.18,2,64.4,66.7,55.2,60.4,64.4,50.0,60.0,59.3,64.7,60.9,False,False,True,False
58.15,2,57.7,68.7,58.6,62.7,51.0,56.6,50.3,59.3,51.0,65.6,False,False,False,True
54.36,1,50.2,54.6,58.7,55.0,53.3,54.9,64.5,56.4,54.2,55.0,False,True,False,False
64.39,3,62.0,74.3,70.8,67.5,77.2,64.6,64.5,76.5,69.1,74.6,False,True,False,False
72.55,3,71.1,75.7,64.5,64.3,68.8,64.6,69.9,60.6,74.3,72.3,False,False,True,False
86.68,0,98.9,99.4,90.7,73.6,72.8,73.4,64.5,84.4,91.0,88.6,False,False,True,False
71.54,3,64.4,75.1,66.2,68.3,77.6,70.4,70.7,75.4,62.7,71.9,True,False,False,False
64.39,3,67.4,61.6,76.4,74.7,64.6,67.1,69.7,66.1,69.4,64.8,True,False,False,False
80.91,0,86.9,83.4,70.6,64.3,89.8,64.6,94.8,64.8,64.7,78.8,False,False,False,True
54.74,1,57.7,52.7,54.1,53.5,64.4,56.0,53.1,57.0,53.5,51.3,False,False,False,True
68.54,3,75.0,62.0,78.3,63.4,71.6,64.2,65.2,61.3,70.3,64.5,False,False,False,True
69.2,3,64.4,64.5,64.5,60.0,75.7,60.9,74.1,62.6,65.8,64.5,False,True,False,False
54.07,1,51.5,50.8,58.0,53.0,53.9,56.0,53.9,55.6,53.1,54.8,True,False,False,False
58.7,2,61.8,62.5,64.5,53.7,55.8,50.8,61.5,53.0,69.0,53.6,False,True,False,False
64.39,2,64.4,65.5,65.6,68.1,60.2,50.4,54.1,64.8,50.2,61.2,False,False,False,False
64.39,3,69.7,65.3,64.5,77.4,63.2,72.8,62.0,61.3,64.4,75.3,False,False,False,True
60.96,2,50.9,50.5,67.3,64.3,67.2,65.4,59.4,64.5,52.1,67.7,False,False,False,True
88.11,0,87.5,99.6,92.4,99.1,76.2,64.6,93.6,64.8,98.3,75.1,False,False,True,False
83.28,0,70.4,98.1,76.6,82.0,78.0,89.3,64.5,92.7,64.7,97.5,True,False,False,False
71.99,3,76.5,75.1,77.7,73.0,75.1,64.5,71.9,64.8,62.1,78.4,False,True,False,False
61.24,2,54.1,60.8,65.1,66.0,59.3,66.4,67.7,60.6,51.4,60.9,False,False,True,False
73.09,3,72.1,73.8,72.2,71.2,77.1,72.3,75.6,78.0,62.5,76.1,False,False,False,False
60.06,2,54.7,57.2,63.2,54.2,59.1,66.6,64.4,51.7,67.2,62.4,False,False,False,False
54.78,1,53.8,56.6,53.7,55.9,50.4,54.5,64.5,56.4,56.9,56.0,False,False,False,False
55.26,1,58.1,54.9,55.4,64.3,51.4,56.2,53.6,50.2,58.5,64.5,False,False,False,False
52.96,1,55.8,56.7,52.0,51.5,51.4,50.7,50.9,55.9,54.4,50.4,False,False,False,True
54.92,1,57.7,54.4,64.5,57.2,53.7,52.2,53.5,54.4,54.2,57.9,True,False,False,False
55.8,1,55.0,55.6,58.4,58.6,56.7,51.3,54.8,51.4,58.4,57.8,False,False,True,False
84.08,0,95.8,74.6,75.5,78.1,96.9,78.9,64.5,99.0,70.5,90.4,True,False,False,False
81.44,0,74.5,71.2,70.1,96.4,94.9,92.8,75.3,64.8,82.6,79.0,False,False,False,False
54.99,1,55.1,64.5,64.5,51.5,52.0,57.3,57.2,55.7,52.7,57.0,False,False,False,False
55.26,1,57.2,52.9,52.3,53.6,58.7,56.3,58.2,55.0,64.7,56.3,True,False,False,False
71.11,3,70.2,64.5,77.4,64.3,68.3,68.0,72.2,70.3,74.7,73.1,False,False,False,True
59.92,2,56.6,58.4,50.9,65.7,55.8,67.2,53.2,56.4,68.7,66.2,True,False,False,False
67.25,3,74.2,61.3,63.0,73.6,61.2,61.2,75.5,67.0,65.8,69.6,False,False,False,False
56.13,1,54.6,58.8,52.7,56.3,56.3,58.9,56.4,57.6,57.9,51.7,False,False,False,True
58.95,2,60.0,62.7,63.5,55.9,64.4,63.5,57.3,64.8,64.8,57.6,True,False,False,False
70.04,3,71.2,78.4,64.5,67.6,78.9,72.3,74.5,64.8,64.6,65.7,False,False,False,True
58.68,2,60.6,50.5,58.3,65.5,65.3,64.6,51.5,62.1,53.7,52.9,False,False,False,False
58.67,2,59.2,54.3,63.6,60.3,57.3,52.2,63.9,58.1,52.4,65.4,True,False,False,False
66.04,3,73.0,66.5,64.5,64.3,70.1,64.6,63.5,63.2,66.7,63.1,True,False,False,False
67.5,3,69.9,77.3,66.4,62.5,65.8,64.6,63.0,61.6,68.7,63.6,True,False,False,False
81.24,0,83.8,87.4,82.0,95.2,64.4,70.4,73.6,82.9,75.6,75.2,True,False,False,False
56.14,1,58.4,55.4,57.3,55.7,58.2,57.2,51.3,53.6,56.0,58.2,True,False,False,False
69.99,3,74.1,64.8,62.3,60.1,76.2,67.9,75.2,76.4,70.3,72.5,False,True,False,False
69.92,3,65.0,65.0,73.2,68.9,69.5,69.0,64.5,73.1,64.7,64.5,False,False,True,False
90.66,0,91.0,97.7,84.3,91.6,98.4,93.1,64.5,96.7,83.7,83.3,True,False,False,False
64.39,3,60.1,63.3,68.5,68.3,78.9,78.3,64.5,73.1,67.8,77.6,True,False,False,False
68.33,3,76.6,68.3,61.0,78.9,66.8,62.5,78.2,64.8,64.7,63.5,False,True,False,False
54.55,1,55.7,54.4,57.2,53.2,54.5,55.4,58.3,50.3,55.7,50.8,False,True,False,False
64.39,0,93.0,97.9,64.5,77.3,79.8,64.6,79.8,83.2,99.8,80.1,False,False,False,False
69.56,3,63.3,78.0,63.2,63.9,72.6,69.4,73.4,70.2,64.6,76.9,True,False,False,False
70.89,3,75.4,66.3,78.4,71.7,70.3,73.1,62.6,78.6,64.7,70.7,False,False,False,False
61.34,2,52.6,64.2,64.7,65.8,61.9,64.6,59.4,64.8,60.5,64.5,False,False,False,True
53.7,1,64.4,54.0,64.5,51.4,54.5,52.6,55.6,51.7,54.1,54.8,False,False,False,True
62.37,2,64.4,54.7,53.3,66.2,68.8,63.9,54.3,67.1,68.3,69.0,False,False,False,True
61.53,2,58.0,62.5,62.5,66.8,59.6,60.5,67.0,59.6,57.4,61.4,False,False,False,True
53.66,1,53.0,56.9,56.4,52.4,53.8,51.7,50.4,50.3,58.3,53.4,False,True,False,False
55.18,1,55.6,64.5,58.7,57.4,57.2,57.0,51.9,52.4,52.4,51.1,False,False,True,False
80.4,0,84.3,73.6,86.7,87.6,76.6,72.9,94.8,84.0,72.5,70.9,False,False,True,False
60.82,2,66.5,54.5,63.0,60.6,55.4,65.0,50.6,64.0,68.2,60.4,True,False,False,False
67.92,3,60.4,73.7,64.5,61.3,61.6,75.0,64.5,72.0,64.4,67.3,False,False,False,False
69.69,3,60.1,61.3,66.9,77.1,76.3,77.0,71.4,78.1,61.2,67.6,True,False,False,False
59.21,2,58.1,55.5,64.6,68.9,64.4,61.5,58.0,55.7,53.5,59.1,False,False,True,False
68.45,3,62.0,64.5,65.4,74.3,71.2,64.6,74.3,61.3,67.2,76.3,False,False,False,False
83.84,0,97.4,83.8,74.5,72.9,95.6,72.6,93.4,91.2,78.1,79.0,False,False,False,True
64.39,1,57.9,58.0,57.9,51.9,53.4,58.4,55.5,52.7,54.3,58.8,False,True,False,False
84.89,0,77.6,80.3,90.7,96.5,96.3,83.3,73.8,73.3,97.9,79.2,False,False,False,False
64.39,1,55.3,55.3,56.5,50.0,50.6,52.1,57.0,58.7,53.0,58.2,False,True,False,False
64.39,0,90.6,83.1,87.1,75.9,83.2,82.5,81.0,78.2,72.2,71.0,False,False,True,False
64.39,1,53.0,53.0,53.1,51.6,58.0,57.9,55.8,51.5,56.8,54.0,True,False,False,False
86.45,0,64.4,87.4,99.3,86.1,97.7,82.1,71.6,80.7,88.1,83.9,False,False,True,False
88.56,0,92.0,96.6,89.1,91.9,77.0,87.3,81.0,85.5,64.7,64.5,False,False,False,True
58.05,2,64.4,65.9,56.9,60.8,51.4,50.5,53.2,62.5,60.3,59.0,False,True,False,False
59.19,2,61.5,53.9,55.8,66.6,60.0,62.9,52.0,65.7,58.7,54.8,True,False,False,False
81.63,0,75.5,73.5,80.5,87.3,87.9,73.6,91.7,70.7,84.0,91.6,False,False,True,False
83.51,0,95.2,98.6,64.5,76.1,97.0,75.0,73.4,64.8,64.7,64.5,True,False,False,False
59.97,2,66.1,52.3,61.6,62.8,50.5,68.0,51.7,68.2,65.5,53.0,False,True,False,False
68.19,3,61.0,72.3,64.4,73.8,72.0,61.3,62.1,66.3,78.0,70.7,False,True,False,False
88.25,0,64.4,94.7,79.2,72.0,83.1,96.1,96.2,94.6,77.7,92.5,False,False,True,False
68.25,3,78.4,62.8,68.1,61.0,64.8,73.2,64.2,65.3,75.5,69.0,False,False,False,True
68.93,3,63.3,71.2,62.5,64.8,64.4,61.9,73.1,72.6,64.7,72.0,False,False,True,False
64.39,3,71.7,74.8,64.5,75.0,67.9,64.7,66.7,61.6,65.6,64.0,False,True,False,False
91.22,0,99.7,98.0,84.1,82.6,97.4,93.9,95.8,87.2,94.1,64.5,False,False,False,False
54.15,1,55.8,51.4,57.3,55.9,51.4,54.7,64.5,50.5,64.7,53.0,False,True,False,False
71.47,3,78.3,68.2,62.7,69.2,77.8,73.6,73.0,76.2,64.7,70.9,True,False,False,False
54.01,1,56.7,53.1,58.1,55.2,55.7,53.0,54.5,64.8,50.9,51.1,True,False,False,False
56.45,2,62.5,54.0,64.0,64.3,57.6,53.1,61.5,52.0,51.1,51.0,True,False,False,False
64.39,1,51.9,51.3,58.3,64.3,50.2,51.6,50.0,56.7,53.6,54.2,False,False,True,False
59.73,2,63.3,60.4,68.5,59.7,52.9,54.1,63.3,51.3,58.0,65.8,False,True,False,False
60.95,2,60.0,62.6,64.5,66.8,59.4,65.3,65.1,64.8,64.7,63.8,False,False,True,False
84.15,0,91.5,64.5,92.3,90.1,84.6,72.5,89.3,78.0,70.1,80.6,False,False,True,False
70.37,3,73.7,61.0,64.8,64.3,64.4,64.6,74.1,75.8,71.3,69.6,True,False,False,False
69.71,3,79.0,77.0,67.1,73.2,77.5,63.2,68.8,63.1,60.1,68.1,False,False,False,True
86.04,0,64.4,82.2,88.7,96.2,78.7,91.8,82.7,77.7,89.0,86.6,False,False,True,False
64.39,2,58.2,60.7,58.9,55.1,50.2,50.5,58.0,56.4,50.9,64.5,False,False,True,False
85.56,0,83.6,93.5,96.4,64.3,74.5,94.1,79.5,86.5,81.6,85.9,False,False,True,False
88.03,0,92.0,88.7,91.8,89.1,86.2,64.6,86.7,76.6,85.2,87.4,False,False,False,False
64.39,0,72.2,80.5,64.5,89.3,78.2,85.4,64.5,71.8,70.5,76.1,False,True,False,False
64.39,0,83.5,71.0,89.7,90.9,64.4,98.9,79.4,71.7,99.9,89.9,False,False,False,False
87.88,0,97.4,91.2,72.0,92.5,97.3,92.8,81.5,84.3,81.3,88.3,False,False,True,False
89.64,0,83.0,99.8,90.1,91.4,85.9,88.4,93.6,64.8,78.7,64.5,False,False,True,False
55.26,1,53.6,64.5,56.9,58.2,58.8,50.0,55.8,55.5,64.7,53.2,True,False,False,False
61.57,2,68.5,54.4,51.3,59.6,68.9,60.9,51.6,68.9,63.1,68.5,True,False,False,False
57.41,2,60.5,54.6,57.1,64.1,50.7,58.8,64.5,50.5,64.7,64.9,False,False,False,True
56.03,2,53.1,64.5,51.7,53.9,64.4,67.7,55.6,64.8,50.5,64.5,False,False,True,False
55.49,1,51.6,57.6,55.6,53.2,54.2,57.4,52.8,58.5,64.7,57.0,False,False,True,False
58.95,2,52.7,67.9,59.6,58.6,63.5,60.9,58.5,65.8,51.2,50.7,False,False,True,False
54.9,1,57.6,58.1,51.6,58.3,53.3,54.9,50.1,64.8,58.8,55.6,True,False,False,False
83.15,0,70.7,95.0,90.2,90.1,88.3,71.1,84.9,81.4,86.0,64.5,False,False,False,True
62.17,2,58.8,61.7,62.5,64.5,57.1,65.2,64.5,59.1,60.6,67.7,True,False,False,False
54.37,1,55.2,50.8,51.4,56.3,52.4,64.6,50.8,56.1,57.6,59.0,False,True,False,False
85.4,0,75.0,64.5,71.3,64.3,64.4,88.7,64.5,93.8,82.2,96.6,True,False,False,False
68.7,3,63.6,71.5,67.6,66.5,76.6,70.2,63.7,78.4,67.0,61.8,False,False,True,False
66.91,3,65.1,61.3,62.4,64.3,64.4,73.3,61.7,62.7,77.2,74.7,False,False,False,True
82.07,0,93.5,71.0,86.0,83.1,83.8,64.6,80.1,88.0,64.7,86.9,True,False,False,False
64.39,3,77.8,74.0,77.8,63.6,64.4,67.1,65.3,76.3,71.3,75.5,False,False,False,False
81.68,0,80.0,99.7,86.1,70.1,77.1,76.4,77.1,79.3,92.1,78.9,False,False,False,False
83.8,0,95.7,83.2,80.9,95.1,82.8,72.8,83.4,95.7,64.7,75.6,False,True,False,False
71.4,3,63.1,76.3,73.3,76.6,63.9,77.9,72.4,77.9,60.3,72.3,True,False,False,False
77.92,0,72.6,85.2,88.7,64.3,85.4,70.6,64.5,77.9,84.8,73.7,True,False,False,False
70.54,3,72.2,76.0,67.3,68.8,64.4,68.8,73.0,64.8,66.6,66.6,True,False,False,False
55.46,2,54.3,56.5,60.9,52.7,52.3,64.6,50.3,64.8,50.6,68.4,False,False,False,True
60.41,2,68.8,53.1,65.9,59.3,55.2,55.1,64.8,63.8,53.3,64.9,False,False,False,False
57.37,2,60.8,67.7,55.7,54.0,60.1,64.0,50.3,52.3,64.7,51.1,False,False,True,False
55.52,1,55.5,50.3,58.2,52.0,58.3,53.6,58.0,58.3,52.1,58.9,True,False,False,False
61.3,2,55.3,54.5,63.9,62.4,58.6,64.6,63.2,63.6,64.0,62.9,False,False,False,False
84.96,0,70.1,75.9,89.3,64.3,96.1,87.7,74.8,92.4,95.4,97.3,False,True,False,False
64.39,0,70.1,64.5,81.5,91.6,64.4,86.3,97.1,99.4,79.3,80.1,False,False,True,False
87.86,0,83.1,99.9,94.1,74.6,97.3,76.3,78.1,90.2,96.3,64.5,True,False,False,False
70.51,3,67.5,75.2,67.3,61.0,64.4,76.3,76.4,67.0,69.5,71.4,False,False,False,False
54.63,1,55.7,64.5,51.2,52.8,58.1,57.3,50.3,55.6,57.4,56.9,False,True,False,False
64.39,0,95.0,97.7,96.9,96.5,81.3,98.4,93.3,64.8,88.8,91.3,False,False,False,True
54.09,1,57.7,55.5,53.5,54.6,51.3,51.6,52.0,50.8,55.9,58.1,False,False,False,True
67.06,3,65.1,66.9,66.5,73.3,69.0,61.9,68.4,74.4,64.7,62.4,False,False,False,True
67.47,3,64.1,62.6,74.6,63.9,73.9,64.6,75.5,65.3,61.4,64.5,True,False,False,False
54.93,1,55.5,52.2,51.2,57.0,54.6,56.4,64.5,58.8,51.1,64.5,True,False,False,False
58.86,2,53.2,54.5,54.6,58.5,64.4,52.5,62.2,58.6,58.8,68.6,False,False,False,True
53.31,1,53.4,53.3,53.9,54.9,57.7,64.6,54.2,53.2,50.1,51.5,False,False,True,False
55.45,1,56.1,51.8,64.5,54.0,64.4,56.5,53.8,56.2,57.0,56.1,False,False,True,False
58.57,2,66.2,64.5,54.4,64.3,64.0,57.8,55.9,54.2,64.7,60.9,True,False,False,False
58.5,2,59.8,64.6,60.2,58.3,58.6,52.6,63.2,56.0,53.7,64.5,True,False,False,False
64.39,3,61.2,73.2,63.4,78.8,62.8,73.4,75.9,69.9,77.3,64.2,False,True,False,False
61.28,2,56.4,64.5,50.7,64.3,64.4,64.6,63.1,66.5,66.1,66.1,False,False,False,False
67.48,3,62.9,67.4,67.9,60.2,78.5,61.6,64.5,67.7,64.7,68.1,True,False,False,False
54.79,1,55.7,50.0,64.5,52.3,59.0,53.4,54.3,57.2,55.9,64.5,False,False,False,True
66.77,3,64.4,74.7,66.6,66.5,78.7,65.5,62.0,65.3,64.7,61.6,True,False,False,False
59.36,2,62.2,64.5,63.3,58.4,68.7,54.1,54.6,51.6,59.0,52.7,True,False,False,False
67.43,3,66.4,61.9,75.4,67.4,76.8,65.6,64.5,64.8,60.0,61.4,False,False,False,True
54.43,1,50.5,57.9,58.6,54.0,51.0,53.3,55.4,54.0,56.2,53.2,True,False,False,False
87.48,0,64.4,79.2,77.3,90.5,90.0,88.1,97.1,72.3,99.2,64.5,False,False,False,True
86.94,0,86.4,86.0,99.7,94.8,77.3,72.8,96.5,77.7,90.4,64.5,False,False,True,False
80.53,0,73.1,91.3,82.0,70.9,78.3,83.1,93.0,74.1,75.3,84.3,False,True,False,False
54.55,1,56.8,51.8,50.1,56.1,54.2,56.8,58.3,56.1,64.7,50.3,False,True,False,False
69.07,3,61.6,76.5,68.2,72.5,70.5,77.2,64.5,74.5,63.1,64.5,False,False,False,False
85.96,0,85.9,82.7,91.6,75.6,76.4,88.9,96.2,95.8,74.8,91.8,False,False,True,False
67.9,3,75.0,67.4,63.8,75.5,64.4,62.1,64.5,67.0,61.4,65.9,False,False,False,True
55.68,1,64.4,57.6,54.6,57.1,64.4,57.8,55.5,64.8,56.7,55.4,False,True,False,False
83.41,0,71.2,70.5,84.5,86.0,98.4,64.6,79.5,77.8,81.0,87.8,False,False,False,True
53.03,1,64.4,52.6,51.9,57.7,54.8,56.1,50.4,51.9,51.3,51.1,False,False,False,True
85.22,0,82.7,78.1,99.3,64.3,64.4,97.9,72.4,86.2,70.1,87.4,False,False,False,True
64.39,2,62.8,54.5,64.5,64.1,58.7,66.3,64.6,65.3,60.8,54.3,True,False,False,False
87.37,0,92.0,79.9,90.6,99.0,76.4,88.2,98.4,72.4,93.9,82.9,False,False,True,False
55.8,1,57.7,52.6,55.2,55.9,58.1,58.0,58.3,54.9,54.0,64.5,True,False,False,False
87.79,0,85.1,85.6,91.0,89.7,89.2,78.9,88.1,93.1,83.1,94.1,True,False,False,False
56.48,2,61.0,63.9,52.6,56.0,53.0,59.4,50.6,50.7,51.0,66.6,False,False,False,False
85.3,0,95.6,64.5,76.6,88.4,88.9,72.8,79.0,64.8,88.2,64.5,True,False,False,False
55.29,1,55.5,51.6,57.6,52.5,57.9,58.6,51.6,57.0,55.0,64.5,True,False,False,False
55.04,1,64.4,50.7,56.9,64.3,57.2,51.9,56.7,58.6,52.1,58.7,False,False,True,False
72.19,3,77.3,72.8,72.9,72.7,64.4,61.6,76.7,76.3,78.0,66.7,False,False,False,True
79.45,0,81.9,79.5,75.1,75.9,76.9,75.8,91.7,87.1,73.4,77.2,False,False,True,False
61.31,2,50.6,61.2,66.8,64.0,56.5,62.5,60.1,61.7,68.5,61.1,False,True,False,False
69.51,3,69.3,64.7,70.6,65.0,72.7,72.9,61.0,64.9,76.6,77.5,True,False,False,False
86.31,0,90.0,73.8,64.5,75.0,71.6,98.9,70.2,97.8,89.8,96.3,True,False,False,False
88.98,0,83.9,94.7,97.8,78.3,94.0,79.1,85.7,92.0,92.6,91.6,False,False,False,False
57.53,2,64.3,64.5,58.4,60.6,64.4,55.4,61.7,54.6,53.0,51.8,False,False,False,True
54.27,1,58.9,51.4,54.8,52.4,54.6,54.7,50.7,55.8,58.5,50.7,False,True,False,False
59.35,2,59.9,59.8,58.7,64.3,56.1,60.0,56.4,63.0,52.5,67.8,False,True,False,False
64.39,3,72.0,62.4,76.7,74.3,64.7,72.7,74.1,60.5,63.1,78.2,False,False,True,False
88.37,0,72.9,85.6,91.2,83.2,94.8,64.6,85.5,84.4,64.7,89.7,True,False,False,False
55.26,1,53.0,57.5,57.7,55.6,50.2,54.7,58.8,56.3,64.7,64.5,True,False,False,False
58.22,2,56.6,56.2,54.7,51.8,65.8,65.8,62.0,56.9,56.6,55.9,False,True,False,False
64.39,1,58.3,50.3,53.9,57.4,64.4,56.0,54.0,52.8,56.5,57.5,False,False,True,False
64.39,0,77.0,89.0,77.4,98.9,74.4,79.8,82.0,90.2,91.4,91.6,False,False,True,False
69.56,3,76.3,64.5,60.5,73.8,62.3,78.6,78.4,71.0,66.5,63.6,False,False,True,False
56.58,2,50.8,68.7,55.8,56.9,52.1,61.6,54.4,51.0,56.4,64.5,False,False,False,True
69.11,3,69.8,63.7,71.4,76.5,66.7,74.5,78.2,62.7,63.5,64.1,False,True,False,False
85.2,0,98.2,82.7,84.2,64.3,88.3,76.2,83.2,88.4,76.5,86.3,False,False,False,True
54.14,1,52.0,54.6,50.6,55.4,64.4,64.6,64.5,55.9,55.2,51.3,False,True,False,False
60.01,2,63.9,51.8,62.8,64.3,50.4,62.0,64.5,57.5,61.4,57.2,True,False,False,False
54.43,1,50.5,58.0,54.0,53.5,56.5,64.6,51.2,58.4,50.9,57.8,False,False,False,True
53.87,1,64.4,58.2,57.5,50.5,50.4,52.0,54.2,51.6,53.0,52.3,True,False,False,False
58.24,2,58.8,53.9,62.1,67.6,56.4,51.3,61.6,67.4,51.3,52.1,False,True,False,False
85.06,0,77.5,64.5,64.5,89.5,93.3,64.6,78.1,85.4,98.5,92.2,False,False,True,False
59.12,2,60.0,57.6,62.2,67.6,57.5,65.2,62.5,53.7,54.4,50.5,False,False,True,False
55.35,1,50.3,50.6,55.0,58.5,58.0,53.3,58.5,56.4,54.0,58.9,True,False,False,False
68.68,3,61.7,65.5,74.0,64.3,77.2,64.6,63.4,72.7,65.0,65.0,True,False,False,False
84.45,0,81.8,90.4,93.1,85.7,79.5,88.6,73.0,88.0,78.1,86.3,True,False,False,False
66.83,3,62.9,72.8,64.3,79.0,64.5,68.1,68.3,65.2,62.9,64.5,False,False,False,True
54.94,1,54.6,58.3,55.4,58.4,55.1,50.7,54.7,57.7,51.0,53.4,False,True,False,False
72.15,3,61.8,64.5,76.4,76.3,78.9,69.3,76.7,64.2,64.4,78.2,False,False,False,False
64.39,3,61.4,71.7,78.1,79.0,72.3,76.6,78.7,64.6,70.6,77.0,True,False,False,False
64.39,2,68.9,60.0,62.3,56.0,59.4,67.5,67.3,57.5,58.4,52.9,False,False,False,False
56.46,2,64.1,54.6,62.0,63.3,56.5,50.5,60.1,51.0,52.0,50.5,True,False,False,False
57.14,2,59.2,50.7,59.8,66.4,56.8,50.2,58.4,65.0,54.1,50.6,False,False,False,True
85.85,0,72.3,84.0,75.8,98.4,80.9,64.6,89.8,93.6,98.9,64.5,True,False,False,False
64.39,0,89.4,88.6,93.9,76.4,76.3,75.1,93.9,92.0,94.7,86.8,True,False,False,False
55.54,1,57.8,53.4,50.2,56.0,55.0,58.6,55.9,64.8,58.9,58.1,False,False,False,False
70.26,3,74.6,66.7,63.7,76.8,66.1,78.8,64.0,74.0,64.7,64.5,False,False,False,False
64.39,1,55.9,64.5,53.4,58.1,57.0,57.4,54.0,56.5,51.0,55.6,False,False,False,False
64.39,0,82.9,72.8,86.3,86.3,84.6,90.9,95.5,97.5,79.4,71.9,False,False,False,False
61.74,2,65.2,61.8,67.3,67.1,50.3,56.8,68.6,54.6,64.5,61.1,False,False,True,False
70.59,3,68.8,68.2,74.7,74.5,79.0,73.0,64.5,73.6,66.0,65.4,True,False,False,False
82.06,0,94.8,74.8,80.2,75.6,64.4,94.0,73.5,94.9,71.0,64.5,False,True,False,False
60.19,2,63.5,55.7,60.2,64.7,57.5,57.0,64.5,62.9,68.5,55.5,False,True,False,False
58.12,2,61.3,51.3,50.5,64.2,64.4,59.8,60.5,57.7,62.5,53.6,True,False,False,False
54.17,1,54.3,64.5,52.3,51.2,58.0,56.9,56.4,55.8,52.0,52.3,False,False,True,False
72.3,3,77.2,64.5,78.1,74.2,62.4,64.6,76.3,70.7,74.6,72.5,False,False,False,True
60.87,2,61.6,61.6,64.9,59.4,64.8,63.4,62.1,60.3,52.7,57.9,False,False,True,False
83.74,0,89.6,77.1,88.3,70.4,99.1,91.2,64.5,84.9,75.1,82.9,False,False,True,False
64.39,1,51.9,50.9,51.3,52.1,51.8,56.8,54.7,50.3,55.6,58.3,False,False,True,False
64.39,1,52.7,56.4,54.8,51.3,50.6,52.3,54.7,50.2,64.7,57.5,False,True,False,False
63.28,2,64.1,64.7,63.0,59.3,68.4,56.1,65.5,61.5,64.8,65.4,False,False,True,False
70.57,3,71.6,75.5,72.0,73.8,66.0,64.6,71.2,74.9,61.5,60.4,True,False,False,False
63.32,2,63.6,65.1,53.8,68.2,56.4,66.9,67.4,65.1,64.7,61.5,False,True,False,False
69.77,3,60.0,77.0,65.4,66.0,75.9,75.9,64.5,64.8,68.9,72.1,False,False,False,False
82.3,0,86.8,92.1,72.2,75.8,76.4,90.6,87.9,97.0,73.3,70.8,True,False,False,False
54.46,1,58.0,56.8,51.1,54.6,53.0,64.6,51.5,54.8,58.0,50.1,False,False,True,False
60.5,2,68.2,61.3,64.9,60.6,56.2,65.0,57.0,53.9,54.9,63.0,False,True,False,False
81.34,0,80.5,94.5,71.0,78.7,64.4,84.8,83.5,82.4,91.9,75.7,True,False,False,False
85.88,0,97.7,91.2,78.1,73.4,75.1,95.9,96.7,83.3,94.9,72.5,False,False,False,True
64.39,1,51.1,56.7,52.3,57.9,54.1,57.6,56.3,51.8,52.4,53.7,False,False,True,False
64.39,1,50.2,57.4,50.3,51.6,55.3,53.7,57.0,64.8,55.7,64.5,True,False,False,False
57.8,2,55.3,65.1,64.5,61.2,56.3,53.9,55.0,62.3,61.2,51.4,False,False,False,True
54.5,1,57.3,54.7,56.6,51.5,50.3,55.1,55.3,52.0,57.4,54.8,False,False,True,False
67.59,3,70.8,61.3,67.8,66.3,64.4,77.1,65.3,61.9,63.7,76.9,False,False,False,False
54.3,1,64.4,56.9,55.4,55.8,64.4,50.3,55.1,57.5,51.0,64.5,True,False,False,False
57.73,2,67.1,51.6,55.9,56.8,52.6,59.4,64.5,59.3,56.0,65.7,False,False,False,False
54.47,1,55.6,55.0,64.5,51.8,56.5,50.7,54.1,52.4,55.2,56.0,False,False,True,False
53.47,1,51.4,55.4,52.9,55.4,50.6,58.1,51.4,51.5,51.0,57.0,False,False,True,False
64.39,3,66.7,67.6,64.7,69.1,74.1,69.4,61.2,65.3,65.0,64.0,False,False,False,False
64.39,1,56.6,52.6,54.8,64.3,50.6,55.0,64.5,57.5,55.1,54.7,False,False,False,False
53.98,1,50.5,54.8,53.0,58.0,50.3,54.1,50.2,58.9,56.6,53.5,True,False,False,False
60.97,2,64.4,64.5,64.5,66.1,64.4,66.1,64.9,58.7,61.1,51.9,False,True,False,False
57.91,2,64.4,58.7,60.0,51.1,60.3,57.6,55.3,64.8,68.8,52.8,True,False,False,False
68.9,3,73.9,71.5,60.7,77.4,62.7,64.2,65.7,65.4,74.0,73.6,True,False,False,False
85.93,0,77.6,85.2,94.4,83.1,90.4,87.0,85.1,78.9,98.0,79.6,False,False,True,False
86.24,0,97.8,64.5,78.6,72.3,87.1,64.6,82.9,98.6,75.9,94.4,True,False,False,False
60.88,2,64.8,52.7,60.5,67.3,59.5,68.6,60.7,64.8,58.2,51.7,False,True,False,False
62.58,2,66.3,67.7,63.3,64.3,54.8,51.4,61.3,64.8,64.1,67.3,False,False,False,False
69.14,3,65.8,66.4,72.0,64.6,64.4,65.7,66.4,76.8,73.7,72.3,False,True,False,False
57.44,2,59.4,54.7,62.7,50.9,62.8,64.6,54.5,64.8,63.2,56.2,False,False,True,False
90.1,0,89.1,89.1,87.3,95.0,86.7,82.3,90.4,95.9,96.0,89.3,True,False,False,False
83.03,0,79.8,85.4,80.8,90.0,93.5,70.4,91.1,80.8,80.3,78.3,False,False,True,False
53.44,1,53.2,55.1,53.5,52.8,50.1,52.3,57.3,53.2,55.1,51.9,False,False,False,False
54.75,1,64.4,58.4,55.4,52.3,53.8,51.9,58.1,56.3,50.5,54.1,False,False,False,True
86.46,0,93.0,78.7,91.1,76.1,91.4,94.6,72.2,90.8,96.9,64.5,False,False,True,False
83.85,0,79.0,76.3,92.0,93.3,75.5,90.7,93.5,80.9,82.9,74.4,False,False,True,False
88.32,0,97.4,98.4,64.5,94.3,90.7,70.2,88.9,82.6,78.7,64.5,True,False,False,False
58.4,2,64.0,60.2,63.5,53.4,67.2,59.2,55.3,55.8,54.1,51.2,True,False,False,False
83.26,0,72.8,89.9,79.0,85.9,70.8,78.0,95.9,94.4,84.5,64.5,True,False,False,False
64.39,3,72.3,73.6,64.5,67.3,76.1,62.4,70.4,76.1,60.1,60.3,True,False,False,False
67.59,3,60.4,69.6,64.5,65.6,61.1,71.7,66.2,77.8,77.7,64.5,False,False,False,True
68.82,3,66.2,62.8,74.9,64.8,70.2,78.2,68.2,66.2,64.5,72.3,True,False,False,False
69.1,3,63.9,61.1,61.7,69.8,64.4,69.7,77.2,61.9,76.8,75.6,True,False,False,False
58.4,2,58.8,58.9,54.5,57.1,52.8,68.6,61.2,59.8,64.7,60.3,False,False,True,False
59.43,2,50.4,64.5,65.2,63.8,51.0,58.9,62.2,64.8,57.1,51.0,False,False,True,False
53.51,1,54.6,53.1,50.8,50.3,52.4,53.7,54.5,53.5,64.7,53.4,True,False,False,False
57.72,2,64.4,55.8,56.1,61.0,57.5,50.2,65.8,57.3,64.7,55.5,False,False,True,False
64.39,2,63.6,64.4,59.4,61.3,64.7,68.5,68.3,64.8,52.8,60.1,False,True,False,False
71.68,3,62.3,60.9,71.8,71.6,77.0,71.5,77.7,77.6,76.9,69.6,True,False,False,False
85.2,0,92.2,72.9,64.5,88.9,98.1,64.6,87.6,96.0,74.7,64.5,False,True,False,False
83.3,0,86.5,70.0,93.2,80.5,89.9,93.4,72.1,76.0,83.0,88.4,False,False,False,True
60.66,2,59.8,56.3,66.9,63.6,66.4,56.7,52.8,65.0,61.3,57.9,True,False,False,False
62.33,2,53.3,64.5,65.0,67.3,55.1,58.7,62.3,65.5,66.9,64.5,False,True,False,False
61.04,2,59.5,60.5,61.7,55.3,63.9,61.2,68.4,54.3,65.1,60.6,False,False,False,True
69.71,3,61.2,77.4,64.2,77.6,72.3,64.5,72.6,64.8,64.7,63.4,False,False,False,False
64.39,1,54.3,57.0,64.5,56.4,64.4,51.4,57.2,55.2,51.9,52.2,False,False,False,True
61.03,2,66.1,64.0,53.0,65.1,64.4,52.2,60.9,67.2,64.7,67.1,True,False,False,False
54.29,1,64.4,53.7,56.0,51.0,57.3,54.0,58.3,50.8,55.3,53.9,False,True,False,False
54.22,1,51.7,56.4,54.2,51.7,53.2,52.8,56.6,55.9,57.0,52.8,True,False,False,False
53.77,1,64.4,54.7,57.5,54.9,51.3,50.9,56.3,54.5,55.5,64.5,False,False,True,False
64.39,2,62.2,61.7,51.8,68.4,66.9,51.7,54.7,51.1,64.6,55.4,False,False,False,True
82.81,0,80.6,97.3,85.0,72.2,76.2,82.5,91.8,74.3,93.8,74.3,True,False,False,False
68.53,3,73.0,72.2,66.0,73.0,75.2,61.8,74.7,64.0,63.8,64.5,True,False,False,False
83.5,0,96.3,99.4,78.6,79.0,73.4,87.5,71.8,87.3,75.4,86.3,False,True,False,False
70.52,3,65.1,76.9,74.7,77.4,64.4,77.4,62.1,71.6,64.3,74.6,True,False,False,False
84.16,0,73.9,92.4,80.8,81.5,86.4,98.9,91.4,71.5,73.3,91.5,False,False,False,False
54.78,1,56.0,50.1,58.0,53.9,59.0,52.2,56.1,64.8,54.1,50.6,False,False,False,True
64.39,1,59.0,50.8,64.5,54.3,57.3,56.0,52.8,52.1,64.7,52.2,False,False,True,False
55.51,1,54.8,58.8,53.3,51.4,54.6,55.7,64.5,57.6,57.0,54.2,False,False,True,False
60.01,2,54.4,64.5,57.9,64.3,53.7,64.2,64.7,63.3,54.0,63.7,False,False,False,True
58.53,2,56.5,64.7,53.3,54.9,51.0,54.0,66.3,63.0,63.3,58.3,False,True,False,False
62.64,2,59.5,61.7,66.8,62.3,62.1,66.3,55.6,63.5,64.9,63.8,False,False,True,False
57.84,2,55.5,66.9,64.5,65.3,53.3,54.3,66.8,54.7,55.6,50.7,False,False,False,False
64.39,1,64.4,52.9,50.5,53.1,56.3,54.3,55.3,57.1,58.5,51.1,False,False,False,False
82.77,0,64.4,81.2,82.4,70.0,80.8,84.8,74.7,84.6,97.1,74.0,False,True,False,False
60.5,2,67.6,64.5,51.3,61.3,57.4,58.3,66.5,65.2,55.0,61.6,False,False,True,False
83.0,0,91.8,64.5,73.2,88.8,89.0,70.7,88.7,70.9,88.8,64.5,True,False,False,False
64.39,3,78.5,64.5,64.5,73.0,66.9,66.2,69.4,64.8,72.7,72.5,False,False,False,False
62.07,2,59.7,66.6,65.3,64.0,53.9,64.4,64.5,69.0,53.8,64.6,False,False,False,False
70.23,3,68.1,76.0,76.4,65.7,64.4,64.7,73.8,61.7,78.0,63.8,False,False,False,True
61.29,2,67.3,51.4,65.3,61.8,67.5,52.8,56.5,62.5,66.9,64.5,False,False,False,False
54.36,1,55.3,57.9,51.7,54.2,55.8,64.6,57.0,56.1,50.6,53.9,False,False,True,False
69.93,3,73.2,67.0,65.3,64.6,70.7,73.5,65.9,64.4,64.7,78.7,True,False,False,False
64.39,2,62.4,67.2,56.0,68.2,54.5,64.6,64.5,60.1,52.0,52.7,False,False,False,False
67.08,3,68.7,66.6,60.5,72.0,63.9,64.6,63.4,64.8,64.7,62.0,False,True,False,False
70.07,3,66.7,67.3,75.3,68.5,68.2,64.6,66.7,68.5,68.1,73.0,False,True,False,False
58.76,2,58.5,60.6,58.2,56.1,63.8,64.6,62.1,53.8,66.7,50.4,True,False,False,False
71.14,3,66.7,77.7,74.2,66.9,70.3,74.7,70.5,64.8,68.3,77.3,True,False,False,False
59.6,2,66.0,64.5,63.3,58.3,56.9,63.5,59.9,61.7,64.7,60.5,False,True,False,False
87.34,0,93.1,98.9,91.8,90.2,78.3,93.0,76.4,71.1,89.2,91.2,False,False,False,False
58.91,2,58.5,50.2,62.7,68.0,63.1,52.1,63.2,60.1,60.8,50.4,True,False,False,False
67.87,3,65.7,70.5,63.8,70.3,73.4,76.4,61.4,63.7,60.6,73.0,False,False,True,False
64.39,0,86.2,74.6,96.6,83.5,93.3,77.5,78.4,76.8,64.7,72.0,False,False,True,False
53.92,1,56.3,54.4,53.5,54.6,54.7,54.4,54.3,54.2,52.7,50.1,True,False,False,False
67.81,3,64.4,66.0,74.0,61.7,65.7,72.5,63.6,68.6,67.2,72.8,False,False,False,True
69.84,3,61.4,77.8,74.5,70.4,64.4,61.8,73.0,61.6,63.3,77.4,False,False,False,True
66.13,3,64.4,63.5,60.0,78.6,71.8,64.6,62.2,66.5,62.4,66.8,False,False,False,True
56.49,2,52.4,61.0,50.2,51.8,56.4,60.1,60.3,58.8,62.3,51.7,False,False,False,True
64.39,1,57.9,53.4,53.7,56.4,51.2,58.8,56.0,58.0,51.2,57.1,False,False,False,True
69.5,3,68.8,73.9,63.9,66.8,69.4,71.2,63.3,76.9,77.3,63.4,True,False,False,False
64.39,0,98.2,82.1,73.7,64.3,95.9,76.0,83.6,84.6,88.6,98.0,False,False,False,False
61.63,2,60.9,64.3,64.5,60.6,56.0,57.1,55.1,67.4,67.1,62.6,False,True,False,False
60.33,2,50.8,59.9,61.1,63.2,63.4,63.9,59.7,61.4,68.7,51.1,False,False,False,False
64.39,1,64.4,64.5,64.5,56.5,50.5,55.7,52.7,52.8,52.5,54.2,True,False,False,False
61.57,2,68.5,65.1,57.6,54.4,66.0,53.3,57.3,66.7,64.7,65.9,True,False,False,False
54.82,1,64.4,52.7,57.6,52.6,57.6,64.6,64.5,53.1,64.7,58.3,False,True,False,False
61.65,2,55.7,68.7,54.1,63.1,66.7,63.8,63.6,60.5,51.3,68.9,False,False,False,False
68.52,3,76.7,67.4,62.5,62.4,72.7,70.5,66.0,69.5,63.2,74.3,False,False,True,False
67.47,3,65.6,77.2,62.7,73.9,60.2,65.5,70.7,64.2,62.2,72.6,False,True,False,False
64.39,2,56.9,66.1,57.2,64.3,64.3,64.6,60.8,64.8,61.7,59.2,True,False,False,False
81.62,0,72.7,64.5,95.8,76.0,71.0,75.9,75.8,85.8,64.7,83.8,False,True,False,False
68.08,3,62.7,78.4,61.2,64.5,65.1,75.8,62.0,66.2,76.5,64.5,False,False,True,False
71.27,3,66.1,69.0,73.6,77.2,72.6,64.0,76.3,64.8,69.2,68.2,False,False,True,False
70.91,3,78.5,66.4,78.8,63.4,77.7,60.5,77.2,71.7,69.1,65.7,True,False,False,False
64.39,2,67.9,50.8,55.0,51.6,54.7,56.8,52.8,64.0,60.9,64.5,True,False,False,False
71.17,3,64.8,64.5,76.6,76.3,64.4,62.9,78.3,68.8,67.8,65.7,False,True,False,False
64.39,1,64.4,52.3,50.5,53.8,55.9,52.4,54.6,58.6,64.7,64.5,False,False,True,False
54.27,1,55.6,54.5,53.1,53.7,57.9,57.2,52.8,51.4,53.4,53.2,False,False,False,True
53.21,1,54.1,53.2,51.5,56.9,57.0,51.5,53.9,53.2,50.4,50.5,True,False,False,False
81.27,0,84.3,98.8,73.6,91.8,90.3,71.6,76.4,71.2,84.4,70.3,False,False,True,False
68.64,3,75.0,65.8,64.5,78.2,76.6,71.2,69.4,61.4,67.3,61.4,False,False,False,True
87.32,0,88.3,99.7,98.1,96.2,94.3,84.6,83.4,77.4,77.7,73.5,False,False,False,False
55.15,1,58.3,51.6,50.9,51.9,55.6,56.0,53.5,57.2,58.3,58.1,False,False,False,True
87.93,0,80.3,76.9,85.9,91.0,99.8,84.4,85.1,99.8,89.8,86.3,True,False,False,False
58.21,2,68.6,56.4,66.8,55.6,54.1,57.9,64.5,51.9,55.0,51.8,True,False,False,False
71.08,3,66.7,68.1,76.5,76.5,74.2,78.8,74.9,70.5,61.3,63.3,False,True,False,False
72.64,3,76.1,67.6,77.6,68.7,67.3,78.8,64.5,64.7,76.0,77.6,False,False,True,False
68.94,3,64.8,75.7,77.8,62.9,77.7,60.9,68.5,64.2,64.7,69.1,False,True,False,False
60.98,2,65.0,58.2,67.3,57.8,68.3,60.1,67.9,62.4,50.3,52.5,False,False,False,False
64.39,1,51.0,54.5,53.4,50.2,56.0,56.6,56.8,64.8,56.6,55.5,False,True,False,False
88.46,0,89.1,83.5,85.5,78.9,98.3,92.7,91.7,94.9,85.5,84.3,True,False,False,False
55.35,1,58.8,56.8,58.1,56.9,51.5,58.9,56.7,50.8,52.9,52.0,False,False,True,False
80.16,0,76.0,78.5,75.9,64.3,64.4,80.1,94.1,76.9,78.7,95.5,True,False,False,False
60.07,2,65.7,55.0,64.5,53.1,67.9,54.3,66.6,52.8,56.4,68.9,True,False,False,False
58.77,2,55.6,64.5,62.2,67.8,56.6,51.4,67.0,63.4,50.6,62.7,False,False,False,False
58.68,2,62.9,66.0,61.0,55.1,68.0,64.6,59.1,54.6,54.7,51.2,False,True,False,False
71.42,3,78.4,65.6,72.0,67.9,75.1,67.1,75.0,77.0,75.2,61.0,True,False,False,False
69.93,3,75.7,71.5,75.7,63.2,64.4,63.2,77.1,61.3,62.7,70.7,False,False,False,True
53.82,1,58.8,64.5,51.1,50.5,52.0,52.7,51.7,52.6,56.7,54.7,False,False,False,True
59.75,2,64.0,66.8,50.4,54.4,52.4,68.9,64.3,54.6,59.7,64.5,False,True,False,False
64.39,2,65.7,66.8,59.4,51.7,68.8,60.8,68.9,51.1,64.7,52.6,False,False,False,False
83.45,0,71.8,99.7,64.5,77.2,74.8,79.9,78.7,84.3,76.5,92.8,False,False,True,False
64.39,2,53.2,58.4,64.5,56.1,54.5,59.6,65.3,65.7,57.6,56.7,True,False,False,False
81.75,0,88.2,81.8,78.3,77.0,64.4,83.9,80.0,70.9,82.5,98.4,True,False,False,False
53.61,1,51.9,58.5,53.5,55.3,50.2,50.6,64.5,56.6,58.4,50.0,False,False,True,False
88.39,0,80.9,95.0,97.2,87.5,90.7,97.5,75.7,76.5,83.7,99.3,False,False,False,False
87.98,0,90.4,64.5,64.5,88.2,84.8,83.9,99.3,98.5,98.9,77.0,True,False,False,False
56.45,1,64.4,57.9,56.9,64.3,58.9,54.2,57.2,53.0,57.2,64.5,False,False,True,False
54.53,1,53.0,55.7,58.2,55.4,51.3,56.7,52.0,50.6,56.9,64.5,True,False,False,False
86.84,0,79.9,98.6,79.2,70.4,98.3,88.4,83.7,81.7,90.2,64.5,True,False,False,False
54.04,1,57.0,64.5,58.9,55.8,52.1,52.7,50.6,54.9,53.2,52.9,False,False,True,False
68.46,3,69.7,77.0,74.1,67.8,74.5,70.8,61.7,60.6,64.7,65.8,False,False,False,True
53.95,1,52.0,55.1,52.1,52.5,50.5,53.8,51.7,64.8,58.6,54.9,True,False,False,False
60.21,2,56.3,56.4,63.4,56.8,64.4,58.5,62.1,56.4,66.1,67.9,False,True,False,False
72.14,3,72.4,60.6,77.0,78.6,61.3,65.9,75.7,78.9,72.3,78.6,False,False,False,True
69.97,3,65.9,76.2,72.7,68.7,64.4,78.9,70.7,60.0,70.5,71.7,False,False,False,True
60.66,2,64.4,65.8,61.2,64.3,63.7,64.7,58.4,51.2,65.3,50.5,False,True,False,False
55.19,1,56.1,55.8,55.0,51.7,52.9,56.5,64.5,53.3,58.0,64.5,False,False,False,True
64.39,0,75.1,64.5,92.9,93.5,94.9,72.8,95.0,71.2,86.9,77.6,False,True,False,False
85.39,0,83.6,82.2,91.3,74.6,91.2,70.6,88.2,96.1,64.7,80.6,False,False,True,False
60.04,2,53.4,61.5,58.2,59.8,63.3,59.7,60.4,59.2,64.8,60.0,False,True,False,False
58.49,2,64.2,51.1,64.5,58.8,61.2,66.3,51.8,62.0,64.7,64.5,False,False,True,False
59.35,2,51.7,62.0,66.3,65.8,62.1,54.4,55.1,64.0,56.1,55.9,True,False,False,False
52.51,1,50.7,52.0,51.3,52.9,52.7,52.0,50.1,54.8,58.6,50.0,False,False,False,False
68.89,3,65.0,63.4,66.2,73.6,64.4,64.6,74.1,66.0,64.8,76.9,False,False,False,False
81.0,0,71.9,75.0,93.7,73.8,93.1,78.1,64.5,64.8,64.7,78.7,False,True,False,False
82.18,0,70.6,99.0,89.3,95.6,90.5,72.4,73.2,64.8,73.4,80.5,False,False,False,False
71.61,3,75.7,73.4,64.4,77.3,77.2,77.9,61.0,73.7,68.7,66.8,False,False,False,False
87.38,0,79.5,92.7,79.2,98.2,80.9,75.7,95.3,93.3,84.6,94.5,False,False,False,False
64.39,2,56.2,61.5,52.8,64.3,66.4,53.6,50.1,59.7,66.8,68.8,False,False,False,False
59.7,2,61.8,68.8,50.6,68.4,54.6,52.9,55.9,68.6,61.0,54.4,False,True,False,False
70.38,3,64.4,77.5,72.7,64.4,75.8,65.0,65.9,72.5,63.7,69.6,True,False,False,False
64.39,1,52.7,64.5,58.5,57.8,55.9,50.2,57.5,51.1,56.5,52.4,True,False,False,False
90.67,0,93.5,95.2,88.7,90.1,74.8,96.8,93.8,99.7,75.4,98.7,True,False,False,False
87.28,0,74.2,91.7,73.9,97.2,94.5,74.4,90.2,64.8,84.9,64.5,True,False,False,False
70.28,3,75.3,61.6,74.3,63.6,64.4,64.6,70.7,74.9,67.4,76.8,False,False,True,False
53.57,1,52.9,52.7,54.2,53.7,51.3,50.7,56.6,54.7,56.8,52.2,False,False,False,False
56.43,2,62.5,55.6,52.8,62.4,52.1,50.2,51.3,55.4,63.4,58.5,False,False,False,True
57.52,2,58.8,64.8,62.6,57.7,50.5,60.1,54.9,50.0,56.3,59.4,False,False,False,True
57.34,2,51.0,52.0,59.5,63.7,53.6,64.6,60.7,51.8,61.4,67.9,False,True,False,False
60.4,2,64.4,56.5,67.8,64.7,57.5,65.5,56.4,59.2,59.8,64.3,True,False,False,False
57.68,2,52.6,52.7,57.5,64.3,55.1,53.6,64.5,65.9,61.5,54.8,False,True,False,False
64.39,3,66.6,70.1,78.9,63.3,63.7,67.0,69.2,70.8,65.1,77.0,True,False,False,False
67.9,3,62.1,65.7,63.2,74.5,67.5,64.6,72.8,73.6,65.7,68.8,False,False,False,False
69.27,3,68.1,74.1,73.4,64.3,60.3,68.5,64.5,64.8,73.1,64.5,False,True,False,False
79.82,0,70.4,74.8,90.6,75.5,72.7,91.5,80.2,92.4,77.1,73.1,False,False,True,False
58.66,2,62.7,62.0,56.1,52.4,57.3,63.1,56.3,64.8,51.6,61.9,False,True,False,False
71.5,3,76.6,60.8,67.0,76.3,69.3,76.4,75.8,71.8,64.3,76.7,False,False,False,True
71.11,3,62.6,69.4,64.5,76.6,78.1,60.3,76.8,77.8,66.8,70.8,True,False,False,False
61.95,2,63.9,60.3,64.5,64.3,63.2,64.4,64.5,59.9,54.1,62.3,True,False,False,False
54.72,1,56.6,53.3,64.5,64.3,53.7,53.1,53.9,50.8,55.7,53.0,False,True,False,False
70.82,3,74.6,68.7,64.5,62.0,67.8,68.0,73.0,75.2,64.7,78.0,False,False,True,False
80.98,0,71.5,72.4,85.4,81.6,84.9,92.1,99.8,64.8,77.6,64.5,False,True,False,False
54.82,1,58.3,57.7,51.8,64.3,52.2,57.9,57.3,53.9,53.4,55.1,False,False,False,False
52.82,1,64.4,64.5,64.5,50.7,64.4,54.0,58.8,50.4,64.7,52.1,False,False,False,False
57.83,2,54.0,51.6,62.5,60.5,64.4,67.8,59.2,51.0,53.2,57.7,False,False,False,False
84.48,0,75.8,64.5,74.8,99.8,90.0,81.1,80.6,70.2,88.7,94.8,True,False,False,False
57.59,2,52.0,56.8,54.2,65.2,55.2,52.3,64.5,54.5,65.3,68.3,False,False,False,False
64.39,1,51.6,53.7,51.8,53.8,57.3,50.5,53.8,54.5,58.4,57.3,True,False,False,False
54.18,1,55.0,56.3,50.3,64.3,52.4,51.0,56.4,57.8,56.9,55.5,False,False,True,False
73.49,3,75.4,70.4,75.1,64.3,70.3,74.7,75.9,72.0,74.1,69.5,False,False,False,True
70.3,3,67.0,70.2,60.5,68.8,71.1,70.7,64.5,76.0,76.2,74.7,True,False,False,False
54.54,1,52.7,57.4,51.3,54.5,55.3,55.8,57.4,52.7,51.2,57.0,True,False,False,False
69.28,3,71.6,63.4,60.6,69.6,78.9,64.6,78.0,74.9,67.8,67.1,False,False,False,False
52.89,1,52.6,52.0,51.4,50.6,64.4,54.3,50.8,55.9,64.7,51.7,True,False,False,False
58.88,2,64.4,64.5,60.6,52.9,63.0,55.6,59.3,62.2,64.0,55.0,True,False,False,False
71.18,3,64.4,68.8,70.7,76.9,64.4,75.5,66.3,70.0,73.8,62.1,False,False,False,True
82.02,0,64.4,83.8,76.1,81.0,82.5,78.4,75.5,87.3,91.7,72.5,False,True,False,False
59.23,2,55.2,68.0,57.0,62.4,68.2,64.6,52.0,51.1,57.5,64.8,False,False,False,False
57.76,2,66.1,59.9,58.4,52.6,58.3,50.8,64.5,65.1,52.8,63.3,True,False,False,False
64.39,3,67.5,78.2,73.1,75.9,64.6,71.7,61.3,71.7,64.9,64.0,False,True,False,False
68.86,3,62.5,64.5,78.7,64.3,64.2,62.3,62.3,69.5,66.8,78.6,False,True,False,False
90.32,0,95.2,84.1,86.9,98.4,96.6,96.7,94.3,85.1,70.5,95.4,False,False,True,False
59.63,2,68.4,54.9,57.8,54.9,66.9,52.6,55.0,64.1,61.9,59.7,True,False,False,False
64.39,1,57.7,55.3,53.3,57.2,50.5,50.3,58.9,53.8,50.0,64.5,False,False,False,True
83.1,0,82.3,96.8,90.1,76.0,64.4,72.8,76.4,92.9,74.5,64.5,True,False,False,False
85.62,0,71.1,93.3,71.8,92.7,90.0,78.2,82.2,93.0,86.0,97.9,False,False,False,False
59.8,2,56.5,57.2,68.8,57.1,64.4,56.6,50.6,67.2,68.4,61.5,False,False,True,False
88.18,0,100.0,86.1,80.0,87.6,98.8,75.7,98.4,89.8,84.1,81.4,False,False,False,True
85.27,0,95.5,64.5,78.0,76.1,82.9,85.7,64.5,75.9,91.0,74.7,False,False,True,False
55.35,1,56.3,58.3,64.5,64.3,55.1,58.6,64.5,50.4,56.1,55.0,True,False,False,False
87.6,0,75.6,64.5,87.6,74.8,93.2,85.6,94.9,93.6,88.7,99.1,False,False,False,True
64.39,0,64.4,89.5,94.3,93.6,95.1,95.0,81.3,75.4,99.9,64.5,False,False,False,True
89.85,0,70.4,98.5,89.7,93.5,64.4,64.6,89.2,80.4,94.9,87.5,False,True,False,False
60.46,2,64.4,60.3,58.1,50.1,64.2,63.0,64.5,52.5,64.7,66.7,True,False,False,False
64.39,3,72.7,65.5,78.3,78.2,62.8,62.0,77.0,71.1,62.7,63.2,False,False,False,True
53.61,1,50.8,53.8,50.3,53.8,53.8,53.0,52.6,53.8,55.7,58.5,False,True,False,False
53.79,1,53.6,58.2,58.5,57.0,53.3,64.6,50.0,50.8,54.3,50.3,False,False,False,False
61.75,2,63.5,68.8,59.1,63.9,55.0,58.8,57.5,64.4,64.4,62.0,False,False,False,False
53.31,1,55.3,51.1,56.0,54.0,54.2,54.5,51.1,55.2,51.5,50.2,False,False,False,False
69.7,3,65.3,75.1,67.0,64.3,77.5,77.1,64.5,65.1,62.6,72.2,True,False,False,False
68.68,3,61.9,63.7,77.4,63.2,62.0,72.2,68.5,78.7,66.4,72.8,False,False,True,False
71.85,3,73.5,73.8,70.8,71.2,68.0,77.5,73.8,61.4,74.3,64.5,False,False,False,False
68.76,3,75.9,61.9,70.5,74.2,72.2,64.4,62.9,61.6,78.7,65.2,True,False,False,False
54.49,1,54.6,50.1,51.5,55.8,56.1,64.6,52.7,57.9,54.0,56.7,True,False,False,False
53.34,1,55.7,53.1,50.3,56.1,53.8,50.3,64.5,53.9,53.5,51.3,False,False,True,False
70.55,3,71.6,77.5,64.5,67.1,64.4,64.6,72.6,76.9,66.8,64.6,True,False,False,False
61.32,2,56.7,65.5,58.9,62.9,62.7,62.7,60.5,64.4,58.6,60.3,False,False,False,False
71.27,3,78.6,75.6,65.8,60.9,64.4,70.7,75.3,77.8,71.3,63.2,False,True,False,False
64.39,2,55.5,60.3,62.1,50.6,68.4,63.4,50.1,61.2,63.5,65.5,False,False,False,False
84.54,0,90.3,98.9,74.1,70.2,74.5,98.8,92.0,74.7,64.7,83.2,True,False,False,False
66.67,3,69.3,74.7,70.3,61.1,67.1,66.4,61.5,69.6,65.9,60.9,False,False,True,False
64.39,2,63.3,64.5,64.5,64.3,66.9,66.2,54.6,64.7,59.6,63.9,False,False,False,True
68.75,3,76.8,60.8,72.7,63.4,66.2,70.0,64.1,70.9,76.7,64.5,False,False,True,False
54.15,1,51.9,53.4,51.2,57.4,58.7,50.2,56.9,64.8,56.5,54.0,False,False,True,False
85.53,0,85.8,96.8,71.5,99.3,64.4,94.6,97.1,74.4,70.3,64.5,False,True,False,False
71.67,3,68.6,64.2,75.6,77.4,64.4,69.9,74.4,72.7,75.0,75.3,False,False,False,False
61.28,2,68.0,61.2,53.2,66.4,66.2,67.1,67.8,57.7,55.3,64.5,False,False,False,True
53.92,1,58.3,50.9,64.5,50.4,58.8,51.8,50.1,51.1,58.7,50.2,False,False,True,False
53.99,1,54.4,64.5,50.7,58.5,53.1,55.5,57.3,50.5,52.1,50.4,False,False,False,True
55.84,1,56.1,54.5,58.8,53.5,53.0,54.4,64.5,58.8,64.7,64.5,True,False,False,False
59.83,2,52.5,68.3,55.9,64.3,56.8,55.5,55.7,64.2,68.5,62.4,False,False,True,False
61.98,2,61.7,67.4,54.2,56.7,56.7,65.5,57.3,67.0,65.6,67.8,False,False,True,False
85.25,0,88.4,78.2,93.8,88.3,64.4,97.3,64.5,81.0,78.8,78.7,False,True,False,False
54.4,1,53.5,53.4,54.1,53.4,57.9,58.6,51.4,50.2,56.5,55.1,False,False,True,False
71.38,3,75.3,61.1,61.6,75.1,78.6,76.4,67.6,64.8,73.7,68.6,False,True,False,False
56.15,1,52.2,54.8,56.1,57.9,55.1,57.6,58.9,56.7,55.3,56.8,False,True,False,False
62.35,2,65.3,56.3,53.5,56.2,67.7,64.6,59.1,64.2,64.5,68.8,False,False,True,False
83.63,0,78.0,73.6,76.4,91.1,64.4,92.5,97.0,74.6,64.7,79.0,False,False,False,True
64.39,2,53.5,51.4,56.3,55.5,63.9,62.7,67.9,61.8,58.4,66.3,False,False,False,True
84.58,0,88.8,64.5,79.5,98.2,94.6,71.6,98.5,73.3,64.7,64.5,False,False,False,False
58.82,2,53.2,56.8,54.4,64.3,54.6,61.8,63.2,64.2,54.9,60.8,False,False,False,False
65.56,3,67.1,62.0,64.5,63.8,62.9,64.2,64.5,60.6,64.7,74.5,True,False,False,False
87.54,0,94.1,76.4,98.3,91.3,64.4,86.3,80.0,92.3,76.8,86.2,False,False,True,False
59.79,2,58.6,52.3,53.8,68.4,65.9,59.9,60.8,68.0,64.7,54.6,True,False,False,False
59.15,2,56.1,50.7,66.2,58.8,67.1,61.4,60.2,51.1,58.4,61.4,False,False,False,False
67.55,3,64.4,64.1,64.5,64.3,62.1,67.4,60.3,66.7,72.7,64.5,False,False,False,False
57.67,2,56.7,53.0,61.9,64.3,65.4,65.1,51.7,59.8,50.7,57.5,False,False,False,True
54.15,1,51.9,54.5,53.0,64.3,56.4,57.0,53.2,57.1,53.0,54.3,True,False,False,False
64.39,3,76.9,64.5,65.5,66.7,70.6,78.6,63.1,61.7,75.6,78.5,False,False,False,True
64.39,1,52.8,57.4,53.7,58.4,64.4,53.0,57.0,64.8,58.2,56.3,False,False,True,False
58.1,2,60.5,64.3,58.0,56.8,53.8,58.0,59.5,53.0,60.0,57.0,True,False,False,False
59.0,2,53.6,60.6,58.2,52.3,62.6,63.2,55.8,67.9,51.8,64.0,True,False,False,False
55.1,1,64.4,57.0,64.5,55.6,64.4,53.3,64.5,55.8,55.9,52.3,True,False,False,False
64.39,3,72.9,65.7,63.1,70.9,64.8,68.2,60.8,75.6,64.7,68.7,False,False,True,False
58.18,2,51.0,52.9,64.3,64.3,64.4,62.3,64.5,52.8,60.6,53.6,False,False,True,False
58.75,2,55.6,67.2,52.0,52.7,64.4,59.1,58.3,54.8,57.5,64.5,False,False,True,False
57.32,2,68.8,50.3,55.1,51.2,64.4,58.0,64.5,64.8,64.7,55.2,False,False,False,True
55.22,1,52.8,55.6,58.9,54.6,50.3,55.6,52.5,55.9,58.1,57.9,False,False,False,True
83.06,0,84.9,83.4,64.5,99.7,86.0,74.2,80.3,75.5,79.6,92.4,True,False,False,False
64.39,0,78.2,74.3,85.9,95.2,64.4,76.8,72.5,90.9,96.8,74.6,False,False,False,False
85.79,0,64.4,99.5,71.6,71.3,92.3,75.2,84.3,84.7,95.2,90.8,True,False,False,False
72.04,3,77.1,64.5,76.2,61.6,60.2,64.6,78.5,68.1,77.1,70.1,False,False,False,False
56.19,1,56.4,58.0,56.8,57.5,57.0,53.2,64.5,56.8,55.7,58.1,True,False,False,False
56.27,2,50.9,60.4,50.2,51.0,55.9,53.3,63.9,57.4,54.5,65.2,False,False,True,False
64.39,2,63.7,68.7,63.8,59.6,63.2,61.8,58.2,51.0,61.4,55.1,True,False,False,False
68.51,3,64.4,61.5,65.6,78.3,64.5,66.7,62.4,67.8,64.7,77.7,False,False,True,False
64.39,2,58.2,52.9,64.5,60.3,64.4,58.3,52.8,53.6,58.1,54.6,False,True,False,False
67.88,3,75.2,72.3,68.9,62.1,64.4,62.4,64.5,66.5,64.7,71.9,False,False,True,False
64.39,1,57.2,52.7,50.0,56.4,58.5,52.3,54.7,56.2,57.5,64.5,False,False,False,False
64.39,1,59.0,51.6,53.9,64.3,52.0,51.6,52.9,53.6,55.9,57.4,False,False,False,True
68.72,3,69.9,70.0,75.3,69.5,62.0,62.9,73.8,69.2,62.6,71.9,False,False,False,True
72.03,3,61.5,64.5,71.1,73.8,78.6,70.4,72.5,76.8,64.7,63.8,False,True,False,False
86.88,0,94.7,74.5,90.8,86.6,89.1,91.5,64.5,95.1,79.3,80.1,True,False,False,False
68.25,3,66.5,64.5,68.4,70.8,71.5,75.8,64.5,74.2,71.2,62.1,False,False,True,False
67.97,3,68.8,65.7,74.9,65.1,69.8,60.9,72.5,73.7,67.8,60.5,False,True,False,False
70.7,3,74.2,63.5,78.8,75.2,75.2,71.8,72.8,67.4,64.9,63.0,False,False,False,True
53.41,1,50.2,50.3,52.9,52.7,54.5,64.6,51.6,58.2,52.7,55.0,False,False,True,False
55.47,1,55.8,58.2,52.8,54.3,53.7,58.3,64.5,52.7,57.9,55.2,True,False,False,False
85.46,0,95.1,80.9,71.1,64.3,88.4,81.9,85.9,87.6,86.2,78.9,False,False,True,False
58.55,2,62.8,51.0,58.9,62.8,50.5,50.2,53.5,67.9,65.2,62.7,True,False,False,False
53.2,1,64.4,54.9,53.0,58.7,51.9,55.8,50.7,50.5,50.1,52.6,True,False,False,False
68.89,3,68.7,73.8,63.6,64.6,77.5,62.0,64.5,68.9,73.4,71.5,False,False,False,True
81.0,0,64.4,71.6,84.6,90.2,64.4,64.6,83.9,74.8,75.0,92.0,False,False,False,True
54.31,1,54.4,55.5,50.6,64.3,54.0,57.5,64.5,55.4,54.6,52.9,False,True,False,False
54.32,1,50.2,64.5,57.6,52.6,51.5,53.9,64.5,52.3,57.9,58.7,True,False,False,False
61.35,2,60.4,62.9,68.1,58.4,54.8,63.4,59.6,66.2,51.2,68.6,False,False,False,False
64.39,3,68.4,71.6,64.5,72.2,67.5,78.5,64.5,62.0,64.4,70.1,False,False,False,True
68.89,3,74.2,74.9,69.8,60.4,68.0,64.6,68.0,63.1,75.9,70.1,False,True,False,False
59.55,2,64.6,59.8,67.3,67.1,58.9,52.9,51.7,62.5,52.6,58.1,True,False,False,False
66.63,3,74.0,63.7,61.0,68.4,60.8,63.7,64.5,63.2,61.9,70.7,False,True,False,False
69.08,3,69.8,62.7,64.8,70.7,73.3,66.0,78.1,76.7,64.7,65.4,True,False,False,False
59.61,2,62.2,64.1,51.6,53.5,64.4,51.3,67.5,67.1,53.5,65.9,True,False,False,False
58.52,2,55.9,60.6,55.6,51.3,66.8,58.5,59.2,60.3,64.3,52.6,True,False,False,False
85.09,0,95.6,83.6,99.0,80.6,73.1,81.2,90.3,74.6,64.7,80.9,False,False,False,True
64.39,2,64.3,53.3,64.5,61.1,58.3,63.3,57.9,64.8,68.3,55.9,False,False,True,False
61.83,2,64.4,61.3,67.9,56.5,59.0,64.4,64.5,66.5,63.8,64.3,False,False,False,False
82.79,0,82.5,82.0,64.5,86.5,64.4,64.6,97.5,76.2,92.3,80.5,False,False,True,False
64.39,3,73.9,60.6,67.5,74.7,78.0,73.0,66.4,72.8,77.5,73.5,False,True,False,False
84.27,0,64.4,85.3,70.3,76.1,81.9,64.6,64.5,86.8,90.5,99.0,False,False,False,True
68.41,3,72.4,69.1,68.5,72.3,62.7,62.9,69.0,74.8,69.2,63.3,True,False,False,False
68.4,3,61.0,67.7,61.8,75.1,72.1,75.2,74.8,62.3,63.0,70.8,False,False,True,False
72.31,3,75.9,75.8,61.2,76.8,71.3,64.6,70.2,73.2,78.5,64.5,True,False,False,False
58.84,2,67.2,57.4,64.5,68.0,64.4,53.1,60.0,64.9,54.0,61.5,False,False,False,True
54.95,1,53.4,57.7,56.0,52.1,56.7,53.6,54.8,52.3,58.0,55.1,False,False,True,False
59.06,2,61.2,64.5,62.8,66.9,64.4,68.3,51.4,57.7,64.7,53.0,False,False,False,False
84.0,0,81.7,83.6,64.5,85.2,83.8,64.6,70.4,74.7,85.3,91.5,False,True,False,False
55.66,1,56.0,58.8,51.2,57.8,58.3,58.7,58.5,52.2,52.7,52.4,False,False,False,True
55.48,1,51.2,56.9,54.4,55.7,57.3,64.6,52.2,57.9,58.4,58.7,True,False,False,False
64.39,0,81.7,70.2,74.0,81.2,83.7,77.2,99.2,76.3,95.4,93.5,False,False,False,False
56.66,2,51.5,55.4,59.2,52.4,67.8,52.8,53.3,67.2,53.6,53.3,True,False,False,False
53.66,1,53.1,64.5,52.2,53.0,51.7,57.6,50.0,56.6,57.5,50.4,True,False,False,False
81.15,0,73.2,70.0,78.7,81.6,94.7,84.7,75.3,71.5,97.2,84.6,False,False,False,False
67.09,3,70.6,60.3,68.2,71.3,67.8,64.2,62.7,70.3,60.7,64.5,False,True,False,False
68.38,3,74.8,64.3,78.1,65.4,72.0,62.3,70.8,68.3,64.3,63.4,True,False,False,False
55.49,1,58.4,52.3,57.4,57.0,56.6,58.9,64.5,55.9,51.0,53.5,False,False,True,False
53.38,1,52.2,64.5,55.3,51.6,51.0,64.6,57.1,54.6,57.9,50.2,False,True,False,False
84.53,0,73.7,99.6,76.2,72.6,80.5,87.6,85.0,95.6,95.6,78.9,False,True,False,False
61.7,2,64.7,60.3,58.1,63.2,64.3,64.6,65.2,64.8,65.6,51.7,False,False,False,False
55.31,1,55.4,58.7,50.7,57.4,51.2,52.4,58.4,53.5,57.2,58.2,False,True,False,False
82.38,0,94.9,87.0,93.1,77.5,77.9,76.0,77.8,80.1,87.9,71.5,False,False,False,True
52.19,1,52.0,50.8,51.5,50.8,51.0,51.4,51.9,53.2,57.6,51.8,False,False,False,True
68.4,3,71.0,62.6,60.1,77.2,76.6,70.3,62.1,72.7,65.4,66.0,False,False,False,True
56.32,2,64.5,50.9,51.8,57.0,55.7,50.0,58.9,64.8,61.0,64.5,True,False,False,False
66.35,3,66.3,69.0,60.1,72.0,61.6,72.0,69.4,64.7,67.4,60.9,False,True,False,False
72.7,3,64.4,78.6,79.0,67.3,77.0,61.4,72.1,64.8,71.6,77.0,False,False,True,False
55.28,1,64.4,50.4,51.9,55.1,64.4,53.2,55.7,54.4,57.9,58.3,False,True,False,False
64.39,0,92.1,77.5,95.0,72.8,75.2,80.9,85.0,71.9,72.7,98.4,False,False,False,False
69.78,3,68.2,73.5,62.0,69.6,65.8,77.1,73.5,64.8,64.7,73.6,False,False,False,True
61.84,2,68.2,66.8,60.7,55.3,66.5,59.4,64.4,55.0,64.7,68.3,False,False,False,True
55.29,1,56.3,54.2,64.5,54.1,64.4,56.6,56.6,53.9,58.0,53.6,False,False,True,False
59.65,2,51.2,60.0,59.2,64.3,64.1,52.8,68.9,67.0,58.2,61.5,False,False,False,False
64.39,2,54.4,51.2,62.9,68.9,56.1,67.9,61.2,56.2,57.5,68.6,False,False,False,True
67.61,3,69.0,67.2,62.3,63.8,65.0,64.6,70.3,69.5,76.4,63.0,True,False,False,False
60.37,2,66.5,55.5,57.5,58.0,64.2,65.0,67.7,61.2,64.7,56.7,False,False,True,False
68.58,3,75.0,61.7,64.5,76.8,69.2,68.6,60.2,61.0,75.5,77.2,False,False,True,False
87.85,0,88.9,79.0,79.5,87.6,96.9,96.3,85.9,91.8,86.7,64.5,False,False,False,False
58.32,2,64.8,59.2,59.6,51.9,66.3,56.9,59.6,52.4,50.9,61.5,False,True,False,False
90.49,0,97.4,94.9,91.6,87.7,98.8,84.4,93.3,94.7,75.3,86.8,False,False,False,True
85.75,0,75.7,92.9,91.5,83.2,80.0,80.3,87.8,77.5,96.9,91.6,False,False,False,True
61.86,2,60.6,57.4,63.3,63.4,63.2,64.6,57.9,63.7,67.6,61.5,False,True,False,False
54.48,1,64.4,50.4,54.8,58.8,64.4,58.6,54.5,52.5,51.6,56.0,False,True,False,False
59.47,2,57.7,64.2,65.8,62.8,50.7,61.6,58.1,62.9,64.7,53.6,True,False,False,False
55.84,1,57.2,64.5,56.2,57.6,58.3,64.6,54.9,56.6,54.5,50.2,False,False,False,False
68.46,3,62.6,76.9,66.6,68.9,70.9,68.9,69.1,64.0,62.9,73.8,False,True,False,False
70.11,3,73.0,75.4,68.9,64.3,60.5,77.2,68.6,64.8,65.8,77.8,True,False,False,False
64.39,1,55.3,52.0,52.9,50.5,50.0,50.8,53.5,52.9,54.7,54.3,False,False,False,False
54.52,1,51.1,55.6,52.7,53.4,56.3,53.0,53.0,57.4,53.8,58.9,False,False,False,False
83.23,0,83.5,73.1,76.2,77.1,92.3,95.6,64.5,84.6,88.7,64.5,False,False,False,True
61.88,2,62.3,57.4,68.3,62.2,67.2,64.2,54.9,60.0,54.0,68.4,False,False,True,False
59.74,2,59.7,50.6,54.2,64.3,56.0,68.3,68.4,54.6,64.8,67.4,True,False,False,False
70.73,3,66.9,78.5,75.5,74.0,68.2,76.9,62.3,75.5,64.7,63.4,True,False,False,False
58.76,2,54.8,64.9,64.5,58.2,54.1,64.6,59.5,64.1,64.7,50.9,True,False,False,False
61.09,2,54.4,58.7,60.6,68.6,54.0,68.8,61.2,64.8,66.7,53.1,False,False,False,False
69.06,3,60.8,68.7,64.5,61.6,64.4,77.0,71.7,68.7,72.8,69.4,True,False,False,False
60.04,2,64.1,59.3,62.8,64.3,64.4,64.0,55.5,50.6,51.7,61.6,False,False,False,True
62.43,2,68.8,64.5,62.1,58.3,55.1,59.9,67.8,62.1,66.9,64.4,False,False,True,False
83.73,0,93.1,71.2,91.7,89.7,72.7,64.6,78.9,71.3,96.6,75.3,False,False,False,True
57.37,2,64.4,64.8,54.8,52.3,51.6,60.0,65.4,54.2,66.7,51.7,False,False,False,True
83.69,0,79.5,97.7,73.4,83.4,75.4,70.0,92.0,85.7,96.4,83.5,False,False,True,False
58.22,2,65.0,61.6,56.6,56.0,58.5,51.0,54.0,65.2,64.2,64.5,False,False,False,False
52.57,1,52.2,64.5,50.0,57.6,51.7,50.6,51.6,53.2,57.3,50.9,False,False,True,False
69.23,3,66.0,72.3,68.7,63.8,67.1,64.6,75.5,67.7,64.5,76.3,False,False,True,False
59.15,2,57.4,61.7,62.6,66.3,64.4,53.9,64.5,58.1,64.7,60.1,True,False,False,False
72.91,3,78.2,70.5,64.5,74.3,69.2,75.2,78.6,78.7,77.4,64.5,False,True,False,False
84.27,0,77.7,77.5,77.9,84.6,71.8,79.5,92.0,95.6,91.0,95.2,False,False,False,False
71.45,3,78.7,64.5,72.6,64.3,64.4,77.1,70.9,73.3,70.9,68.9,False,True,False,False
69.6,3,67.8,63.7,62.5,76.9,66.5,74.1,61.3,74.8,77.0,71.3,False,False,False,True
64.39,1,56.7,55.3,55.2,51.2,52.0,64.6,56.7,57.0,52.6,56.1,False,True,False,False
64.39,2,52.5,56.7,53.5,67.6,53.7,57.7,55.4,64.8,53.0,55.4,False,False,False,False
87.46,0,90.2,90.3,93.7,72.9,96.9,98.4,87.9,64.8,64.7,79.8,True,False,False,False
67.53,3,74.3,62.7,75.5,60.9,62.8,74.2,70.6,69.9,62.9,61.5,False,False,False,True
70.49,3,66.1,64.5,64.5,74.0,77.4,65.2,77.2,73.6,66.5,65.9,False,True,False,False
57.89,2,62.5,54.2,64.5,53.8,53.3,63.7,53.8,57.5,64.7,51.0,False,False,True,False
67.18,3,64.4,63.4,62.8,69.6,67.8,65.8,61.9,74.4,64.0,68.2,False,False,False,False
86.68,0,75.3,70.3,95.4,90.4,64.4,94.9,74.5,90.5,94.9,64.5,False,False,False,False
59.43,2,64.8,53.7,59.9,51.2,67.2,52.7,58.4,67.1,53.6,64.5,False,False,True,False
54.03,1,50.0,50.7,54.7,56.0,54.4,54.4,55.2,53.0,57.9,54.0,False,False,False,True
64.39,0,83.5,94.7,71.3,82.4,72.0,74.1,90.7,85.8,94.1,64.5,True,False,False,False
64.39,0,78.9,77.8,83.8,77.0,92.0,77.1,97.3,84.7,80.9,81.6,False,False,True,False
82.43,0,87.2,93.5,71.3,75.2,77.5,71.9,91.0,78.7,85.0,93.0,True,False,False,False
55.37,1,58.5,58.5,52.6,57.2,51.9,57.8,56.9,53.2,56.0,51.2,True,False,False,False
64.39,0,95.2,98.6,82.1,80.3,85.6,87.3,77.9,85.8,74.1,75.5,False,False,True,False
55.81,1,64.4,54.7,58.2,64.3,64.4,55.8,51.0,56.6,57.2,55.0,False,False,False,True
81.61,0,73.9,77.9,80.2,77.9,92.1,73.0,75.3,97.8,92.0,76.0,True,False,False,False
67.64,3,60.5,72.4,66.7,64.3,63.7,74.8,68.9,65.9,72.0,65.1,False,False,False,True
62.11,2,62.4,58.9,60.5,59.1,59.9,66.5,62.4,64.8,62.6,67.0,False,True,False,False
55.56,1,58.8,55.4,52.3,58.9,52.4,64.6,56.3,64.8,52.4,58.5,False,False,False,True
53.86,1,58.1,53.3,51.5,50.5,52.7,54.7,54.3,57.3,55.9,50.3,True,False,False,False
53.15,1,50.1,64.5,50.7,55.7,50.4,55.8,58.3,54.2,52.9,64.5,False,False,False,False
55.99,2,52.6,52.4,54.2,52.1,57.0,64.6,64.5,63.1,55.8,52.9,True,False,False,False
87.19,0,97.7,97.2,89.4,73.3,64.4,87.2,79.9,86.0,95.8,73.6,False,True,False,False
54.74,1,56.8,51.5,56.8,56.5,51.1,55.9,54.4,54.7,51.5,58.2,True,False,False,False
68.84,3,63.0,78.6,68.0,72.2,70.2,69.6,60.1,77.2,60.3,69.4,False,False,False,False
54.58,1,64.4,52.9,58.6,51.9,56.7,57.5,64.5,51.5,50.7,53.8,False,False,False,False
83.07,0,77.8,74.2,85.6,82.5,73.0,81.8,98.1,84.3,99.8,73.7,False,True,False,False
69.75,3,71.8,73.4,73.3,62.5,70.0,66.1,62.3,73.0,64.7,72.3,True,False,False,False
58.51,2,60.1,57.1,50.0,64.5,57.1,64.7,52.6,64.8,51.6,62.1,True,False,False,False
53.08,1,53.8,52.8,51.8,64.3,51.0,64.6,55.7,56.0,51.8,64.5,False,False,False,False
64.39,2,67.2,58.8,52.4,59.9,67.8,53.5,61.9,65.6,65.4,59.0,False,False,False,False
58.49,2,63.4,67.1,54.5,53.1,51.6,66.7,53.5,59.7,59.0,64.5,False,False,False,False
71.6,3,65.6,78.3,72.1,74.4,72.5,64.1,65.5,78.6,72.0,72.9,False,False,False,False
62.5,2,67.9,62.1,68.9,68.8,63.6,59.1,50.1,68.1,52.2,64.5,False,False,True,False
55.07,1,64.4,58.9,51.2,56.2,52.6,50.3,56.0,58.0,56.8,57.1,False,False,False,True
84.52,0,93.8,71.3,83.3,71.9,92.5,71.2,91.9,81.8,91.8,95.7,False,False,True,False
70.56,3,67.0,66.0,74.9,77.6,64.3,62.2,75.8,77.7,69.9,70.3,False,False,True,False
60.63,2,54.0,65.5,59.1,59.3,63.4,63.4,64.5,60.2,64.7,62.1,True,False,False,False
59.0,2,53.5,65.6,57.9,56.9,63.1,64.5,61.3,64.8,56.9,57.0,False,True,False,False
64.39,0,71.0,87.8,85.6,90.3,72.0,94.8,82.4,73.0,78.2,83.7,False,True,False,False
70.15,3,73.6,75.1,68.7,68.5,65.2,72.9,60.1,76.8,69.3,71.3,False,False,True,False
64.39,2,55.7,58.4,54.1,69.0,51.4,59.1,65.4,53.7,67.1,64.5,False,False,False,True
66.31,3,64.3,61.1,61.1,66.4,75.4,64.7,64.5,77.4,65.9,64.4,False,True,False,False
87.63,0,73.9,84.5,83.0,94.1,98.5,96.6,85.5,90.0,64.7,84.7,True,False,False,False
64.39,3,62.1,69.6,64.5,60.9,60.0,73.6,70.7,63.9,67.9,64.5,False,False,False,True
69.39,3,78.7,65.3,61.0,65.9,78.2,78.9,60.2,66.5,66.4,72.7,True,False,False,False
54.95,1,51.9,57.9,57.0,51.7,57.4,51.0,53.6,56.0,55.2,57.8,True,False,False,False
64.39,2,63.0,54.8,53.5,64.3,60.4,64.7,56.8,57.6,62.3,62.8,False,False,True,False
59.12,2,64.2,64.4,61.1,63.3,64.4,57.9,56.9,50.6,55.6,56.0,False,False,False,False
84.16,0,80.5,70.1,80.0,76.2,99.8,64.6,95.8,83.9,89.3,79.2,True,False,False,False
84.24,0,64.4,64.5,79.4,89.5,89.8,86.1,79.7,75.1,81.0,98.2,False,False,False,True
69.16,3,77.8,69.1,68.6,75.1,64.4,62.6,68.0,69.9,64.7,63.1,False,True,False,False
69.76,3,77.7,77.6,64.5,72.5,64.4,64.6,68.0,67.5,64.7,71.1,False,False,False,False
88.05,0,90.0,78.0,79.4,76.3,99.0,85.8,94.0,82.0,64.7,99.6,True,False,False,False
59.87,2,68.0,63.0,54.0,55.8,54.6,58.8,55.2,64.8,68.1,64.5,False,False,False,False
56.24,1,59.0,53.9,56.9,56.6,57.6,58.3,50.6,57.9,57.0,54.8,False,False,False,True
60.17,2,65.7,59.7,60.4,62.5,55.8,53.1,62.4,64.3,64.7,61.5,True,False,False,False
60.22,2,64.4,56.9,61.6,66.5,62.3,60.5,51.9,57.6,64.1,59.6,True,False,False,False
54.87,1,53.5,53.5,55.2,55.2,57.6,53.6,50.6,53.1,64.7,58.4,False,False,True,False
66.76,3,77.5,60.5,65.6,72.4,67.0,61.4,64.5,63.3,69.7,69.6,True,False,False,False
54.65,1,53.6,54.0,54.3,55.4,53.8,58.7,54.4,53.1,56.7,52.4,False,False,False,True
59.23,2,62.9,59.4,58.3,54.8,51.2,66.6,55.8,60.9,62.7,59.7,False,False,False,True
84.74,0,72.9,64.5,97.5,79.5,82.4,97.1,86.5,76.6,98.4,70.7,True,False,False,False
67.56,3,75.7,64.8,61.2,71.1,78.7,62.2,60.1,67.8,69.4,64.7,True,False,False,False
54.14,1,57.9,54.4,53.5,54.7,54.5,50.0,58.8,50.7,51.7,55.1,False,True,False,False
70.81,3,63.2,65.4,71.0,75.7,74.8,78.5,64.5,74.6,75.6,67.2,False,False,False,False
61.89,2,58.0,60.5,67.9,55.8,59.7,63.6,55.3,68.9,64.7,66.5,False,False,True,False
60.16,2,64.4,64.7,57.0,61.1,57.9,62.9,57.5,53.2,53.4,67.2,True,False,False,False
54.84,1,57.5,58.8,54.3,56.6,55.3,58.2,50.7,55.1,50.5,64.5,False,False,False,True
84.54,0,99.6,81.0,64.5,87.0,95.8,79.6,73.3,94.7,81.3,80.1,False,False,False,True
59.66,2,66.9,63.1,57.9,64.6,67.1,66.3,51.7,53.7,51.0,54.1,True,False,False,False
84.59,0,86.2,89.5,99.0,73.6,78.9,75.8,94.0,83.4,78.0,87.7,False,False,False,True
68.98,3,64.4,61.5,77.2,65.1,76.4,73.2,67.7,61.5,63.4,75.6,False,False,True,False
58.52,2,60.1,54.1,64.5,59.3,64.0,66.5,50.5,56.8,56.3,52.2,False,False,False,False
57.99,2,59.3,59.8,51.2,53.6,60.5,64.6,51.0,56.2,60.2,60.3,False,False,True,False
64.39,2,53.2,67.6,65.4,63.8,64.0,68.8,54.6,54.3,64.0,59.5,False,False,False,True
63.79,2,58.2,64.5,63.5,58.8,66.8,63.7,67.2,58.5,67.4,68.5,False,False,True,False
54.92,1,56.4,54.4,50.7,52.9,53.8,56.9,54.9,53.7,58.6,56.9,False,True,False,False
55.91,1,51.9,58.0,56.1,51.2,57.3,58.1,56.5,56.2,57.3,56.4,False,False,False,True
86.01,0,85.7,74.4,98.9,81.2,98.6,92.3,74.0,81.7,86.9,86.4,False,False,False,True
89.52,0,81.0,99.3,84.6,64.3,86.4,64.6,89.3,91.6,95.7,83.2,True,False,False,False
83.42,0,83.6,76.1,85.1,82.6,97.0,70.4,84.2,83.6,76.9,94.7,False,False,False,False
54.98,1,55.4,54.2,53.1,57.8,53.7,57.1,55.4,53.3,56.5,53.4,False,False,True,False
70.21,3,78.3,66.5,63.6,76.6,64.4,66.1,72.5,64.8,74.8,71.3,False,True,False,False
85.87,0,88.2,85.6,75.1,88.1,78.3,64.6,64.5,85.3,81.5,96.6,False,False,False,True
72.5,3,68.1,71.1,75.5,76.0,67.6,77.3,68.8,78.9,75.1,66.6,False,False,False,True
61.28,2,58.9,64.3,64.6,62.0,67.9,57.6,63.1,68.0,52.0,54.3,False,False,False,False
70.27,3,73.0,62.2,62.1,78.4,66.2,60.3,77.5,77.8,73.6,71.5,True,False,False,False
67.29,3,61.0,65.8,70.1,77.3,63.9,69.3,77.0,60.8,62.9,64.8,True,False,False,False
83.02,0,64.4,79.8,90.6,75.5,90.2,79.2,85.1,70.0,64.7,82.3,True,False,False,False
57.2,2,51.9,51.8,64.8,50.6,59.2,50.9,53.6,66.7,57.3,65.1,False,False,True,False
88.47,0,96.2,99.5,70.8,76.4,71.3,97.7,94.8,64.8,86.9,97.8,False,False,False,False
64.39,2,63.0,61.8,58.5,56.7,64.8,55.7,58.3,54.2,59.5,64.5,False,False,False,True
58.86,2,67.1,61.4,52.8,67.2,58.7,66.1,59.4,50.4,51.2,54.1,False,False,True,False
84.77,0,76.7,82.0,78.9,94.7,85.8,97.2,84.8,74.7,81.3,91.7,True,False,False,False
53.27,1,51.0,50.1,56.3,50.6,55.0,51.1,51.6,53.2,58.3,55.5,False,False,False,True
72.05,3,62.2,61.0,74.7,78.8,76.9,64.6,72.8,60.1,78.9,77.3,False,False,False,False
68.95,3,65.0,66.8,70.7,76.8,75.3,64.6,64.5,70.0,64.7,63.1,False,False,False,False
53.01,1,57.8,56.0,53.0,50.2,54.5,53.6,51.0,53.8,50.0,50.2,False,False,True,False
59.28,2,53.0,54.4,55.5,66.9,56.4,64.6,60.6,65.4,67.3,62.4,False,False,False,True
70.76,3,64.4,74.7,72.0,73.9,69.1,69.4,67.4,76.8,61.9,64.3,True,False,False,False
83.65,0,92.0,81.6,64.5,91.6,87.9,90.7,87.5,64.8,64.7,70.9,False,False,True,False
87.22,0,97.2,94.6,78.0,77.3,80.8,96.0,86.0,92.3,74.5,64.5,False,False,True,False
54.46,1,55.3,51.6,54.3,64.3,58.3,51.5,56.3,50.3,64.7,53.8,False,False,False,False
58.83,2,60.0,64.0,66.0,56.8,64.4,59.5,54.5,51.7,55.6,65.7,False,False,True,False
85.15,0,75.4,94.0,64.5,88.2,95.9,78.3,81.3,97.2,78.0,82.2,True,False,False,False
54.77,1,56.2,57.1,53.0,54.0,54.6,58.9,64.5,51.8,57.7,50.8,False,False,False,True
82.82,0,74.0,85.0,89.2,85.1,88.5,64.6,80.1,81.8,83.1,70.4,True,False,False,False
83.15,0,81.9,70.1,79.8,95.1,90.6,95.5,72.5,80.3,76.9,88.9,True,False,False,False
68.07,3,67.7,64.5,73.9,66.0,72.5,60.9,64.5,71.8,62.9,77.1,False,False,False,False
64.39,1,53.7,56.3,52.3,52.9,64.4,64.6,51.6,56.6,53.7,52.4,False,True,False,False
87.54,0,81.9,64.5,88.3,75.2,64.4,71.7,92.2,93.8,94.5,79.8,False,True,False,False
72.69,3,64.4,77.7,62.1,63.5,64.4,72.3,76.2,72.5,77.7,78.2,False,False,False,True
82.33,0,95.7,84.3,70.0,64.3,77.7,70.1,64.5,64.8,91.1,64.5,False,False,False,False
83.19,0,64.4,81.3,74.4,99.5,76.7,64.6,91.3,82.1,78.4,82.8,False,True,False,False
53.19,1,55.8,51.9,53.2,51.8,56.1,64.6,54.4,50.7,51.8,53.9,True,False,False,False
59.43,2,58.0,66.3,65.2,64.3,65.9,52.2,62.1,55.8,64.7,50.1,False,False,False,True
53.9,1,58.0,53.3,54.0,53.4,52.1,64.6,56.2,52.5,51.5,53.5,False,False,True,False
55.43,1,56.4,57.5,51.4,54.9,64.4,55.7,58.7,53.9,52.2,56.7,False,True,False,False
70.31,3,78.0,64.0,61.9,67.2,67.5,74.9,64.5,73.9,78.0,71.2,True,False,False,False
55.15,1,54.1,53.2,56.7,56.2,52.6,59.0,52.3,56.9,56.4,54.1,True,False,False,False
55.02,1,57.0,51.8,52.8,55.8,50.9,56.7,55.9,58.3,64.7,54.8,False,False,True,False
54.19,1,56.4,50.3,54.9,58.5,57.7,52.4,50.8,51.5,64.7,54.1,False,False,False,False
59.62,2,62.5,68.3,66.9,60.4,53.6,51.3,57.9,55.0,62.1,58.0,False,False,False,False
64.39,1,50.6,57.8,52.0,55.5,56.2,51.8,55.2,64.8,64.7,54.6,True,False,False,False
61.5,2,66.6,63.3,68.7,64.3,63.8,64.6,60.9,64.8,55.9,57.9,False,False,True,False
68.63,3,64.4,64.9,73.1,64.5,63.0,64.6,77.9,76.8,68.5,72.1,False,True,False,False
86.44,0,64.4,80.1,84.9,72.2,89.2,98.3,88.1,88.8,92.1,77.0,False,False,False,False
64.39,3,73.0,67.4,61.4,78.3,68.7,72.8,78.2,74.4,77.2,61.2,False,True,False,False
56.82,2,50.3,54.6,61.0,56.6,68.9,52.5,59.3,52.4,59.4,53.2,False,True,False,False
54.44,1,53.1,64.5,55.4,55.2,53.8,55.7,57.8,56.1,55.2,51.3,False,True,False,False
70.56,3,71.3,76.3,66.6,78.8,64.4,76.3,60.2,63.6,64.7,73.7,False,False,False,True
81.5,0,78.0,84.2,70.6,64.3,74.6,64.6,75.0,97.3,82.5,82.6,False,False,False,False
58.25,2,50.2,65.7,52.6,67.0,51.7,65.2,64.5,50.2,65.2,55.7,False,False,False,True
86.93,0,76.8,83.9,70.3,74.1,98.5,89.2,64.5,87.8,97.5,99.4,False,False,False,False
69.16,3,79.0,63.3,65.2,60.9,77.1,65.2,61.1,76.3,76.9,66.5,False,False,False,False
64.39,1,57.3,53.9,54.4,58.8,55.2,51.9,53.1,58.7,50.5,50.7,False,False,False,False
54.54,1,56.4,64.5,52.0,64.3,50.3,55.5,55.8,50.6,57.1,53.5,False,True,False,False
54.41,1,64.4,54.1,53.5,50.7,53.1,58.2,56.7,53.4,51.5,56.4,False,False,False,True
71.78,3,75.6,64.5,77.9,71.4,74.8,64.3,64.5,64.6,70.3,64.5,False,False,False,True
68.55,3,60.1,64.5,69.0,73.9,70.5,61.1,68.6,72.2,74.9,67.3,False,True,False,False
82.25,0,64.4,81.5,76.0,75.8,79.1,81.1,98.8,85.9,90.1,64.5,True,False,False,False
60.29,2,63.7,64.5,64.5,58.6,53.7,66.8,63.4,57.1,61.4,53.2,True,False,False,False
53.35,1,53.1,64.5,64.5,50.2,51.3,51.8,52.1,64.8,58.9,55.8,False,False,False,False
71.12,3,60.9,77.0,70.8,76.9,64.4,64.6,75.2,67.1,75.8,72.4,False,False,False,False
68.71,3,69.7,70.9,64.5,67.4,78.7,72.9,65.5,65.6,60.2,71.8,False,False,False,False
52.96,1,53.0,50.5,64.5,52.4,51.3,54.1,54.8,53.8,51.9,56.6,False,False,False,False
71.17,3,74.9,68.8,78.3,62.0,63.4,73.3,68.3,75.3,71.7,75.7,True,False,False,False
60.78,2,64.4,59.2,59.1,65.3,58.0,50.1,65.2,67.2,57.6,66.4,False,False,True,False
61.35,2,62.0,64.7,68.9,58.6,69.0,59.5,55.0,64.8,54.3,68.8,False,False,False,False
64.39,1,52.5,56.9,51.5,53.7,64.4,51.3,58.7,51.4,56.9,51.9,False,False,False,False
88.3,0,95.0,88.8,92.1,64.3,90.6,72.7,64.5,64.8,92.3,98.8,False,False,False,False
68.56,3,68.2,73.8,64.5,64.3,66.5,64.6,62.9,74.0,67.5,76.0,False,False,False,True
67.4,3,69.9,61.0,70.1,71.5,69.9,61.4,67.6,62.8,72.0,67.8,False,False,False,False
65.58,3,61.4,72.1,65.7,64.3,60.8,64.7,60.6,65.0,72.8,62.7,False,False,True,False
68.04,3,68.8,65.1,60.5,76.4,70.2,70.8,73.6,63.5,67.5,63.9,False,False,False,True
85.11,0,88.7,64.5,89.0,78.3,75.3,64.6,76.3,89.3,85.4,83.7,False,True,False,False
85.04,0,64.4,81.0,94.6,81.6,93.6,95.4,89.6,74.2,64.7,75.6,False,False,True,False
55.7,1,59.0,54.3,50.3,58.8,53.6,52.4,58.6,57.9,55.6,56.6,False,False,False,True
69.96,3,64.8,68.2,77.1,78.7,71.5,65.9,75.9,61.1,73.0,63.2,True,False,False,False
55.89,1,52.8,57.8,64.5,54.3,56.5,64.6,58.8,57.4,54.4,64.5,False,True,False,False
68.38,3,64.4,62.4,63.6,76.7,70.6,74.3,77.4,64.8,62.8,60.8,False,False,False,True
53.31,1,55.4,54.2,50.0,56.6,52.5,51.2,51.3,52.5,50.8,58.6,False,False,False,False
59.68,2,61.5,60.0,62.4,55.1,64.4,51.3,66.5,59.5,64.2,50.9,False,False,False,False
83.32,0,95.2,78.0,83.6,70.8,70.4,79.3,90.1,80.7,64.7,99.0,False,False,False,False
60.57,2,63.1,62.2,55.2,64.5,59.2,65.8,53.7,67.8,54.3,60.0,False,False,False,False
58.22,2,55.1,61.0,63.7,52.1,63.3,51.8,64.5,66.3,53.4,65.2,False,False,False,False
69.34,3,77.4,74.2,68.3,67.4,64.4,67.9,60.6,74.6,62.8,64.5,False,True,False,False
90.5,0,99.2,97.3,86.2,99.5,64.4,64.6,92.3,73.0,95.6,70.8,False,False,True,False
80.77,0,72.9,88.4,71.5,91.7,64.4,64.6,78.1,78.4,76.4,83.5,False,False,True,False
71.08,3,65.2,78.4,64.5,61.4,65.2,76.9,75.4,67.2,77.2,78.8,False,False,False,True
58.78,2,61.6,50.9,61.8,66.7,58.9,55.6,64.4,56.8,64.7,56.6,False,False,False,True
57.33,2,54.2,53.7,59.2,63.1,64.4,50.9,64.9,61.1,53.6,51.8,False,False,False,True
70.4,3,64.4,65.8,66.0,71.1,78.1,64.6,64.5,61.1,70.8,71.1,False,False,False,False
64.39,3,64.4,69.7,75.3,73.1,64.1,73.8,72.7,75.7,72.4,75.6,False,False,True,False
57.91,2,61.2,64.9,53.1,58.7,64.6,64.6,64.5,51.6,50.1,51.6,False,False,False,True
64.39,0,93.4,94.5,88.5,74.9,91.2,98.5,64.5,70.2,70.9,91.7,False,False,True,False
55.86,1,54.1,64.5,51.3,55.1,55.6,57.8,57.1,56.2,57.2,56.5,True,False,False,False
54.57,1,50.1,56.8,57.3,56.0,64.4,55.1,50.1,52.9,57.9,57.9,False,False,True,False
54.89,1,56.8,51.6,57.1,58.4,64.4,52.0,53.3,54.8,52.5,56.8,False,False,False,True
82.71,0,80.5,95.8,71.0,64.3,97.0,82.2,80.7,75.5,78.8,74.3,True,False,False,False
69.83,3,73.9,66.1,72.3,74.0,75.7,64.6,67.1,64.8,60.2,78.2,False,False,False,False
58.41,2,52.3,57.8,60.0,64.9,61.6,62.4,53.9,50.8,58.0,62.6,True,False,False,False
58.64,2,59.8,56.9,53.5,59.5,59.6,67.4,60.4,65.3,52.9,51.1,False,False,True,False
53.2,1,55.6,64.5,57.7,50.2,54.4,53.5,52.3,53.0,53.9,51.0,True,False,False,False
53.88,1,50.8,54.9,64.5,55.1,55.4,64.6,51.7,52.7,64.7,50.9,False,False,True,False
85.93,0,90.6,81.8,75.2,89.3,86.4,92.0,83.7,84.6,83.5,92.2,True,False,False,False
70.74,3,63.0,75.2,75.5,73.0,78.3,64.6,64.5,62.2,63.5,76.9,False,False,False,False
90.96,0,98.6,90.5,98.7,84.0,98.5,90.8,95.9,85.4,87.0,80.1,True,False,False,False
59.72,2,65.9,61.2,52.1,65.4,64.4,63.5,54.6,64.8,68.5,52.3,False,False,False,False
60.77,2,50.8,64.5,67.6,67.9,65.1,52.8,64.5,64.8,55.3,68.9,False,False,True,False
87.87,0,64.4,86.6,95.7,85.3,96.7,64.6,81.2,95.0,64.7,99.8,False,False,False,True
68.36,3,75.5,70.1,76.6,65.5,67.2,66.0,65.4,66.1,62.5,68.7,True,False,False,False
55.19,1,56.9,57.0,57.3,57.9,52.6,53.2,64.5,64.8,57.9,56.8,False,False,False,False
90.04,0,73.4,98.8,64.5,96.6,76.6,82.0,93.3,96.8,64.7,92.2,True,False,False,False
81.62,0,78.2,86.4,91.5,83.3,75.9,79.5,86.7,71.7,80.7,82.4,True,False,False,False
70.96,3,72.8,69.7,67.6,70.1,65.0,65.0,78.7,72.1,73.6,75.0,True,False,False,False
53.85,1,57.7,52.2,55.1,64.3,64.4,64.6,52.5,57.4,50.3,56.0,False,False,True,False
87.4,0,84.1,84.1,95.4,87.3,83.1,79.9,91.3,85.0,92.3,91.3,False,False,False,True
54.81,1,54.7,58.3,50.2,52.2,54.1,55.1,58.7,56.9,52.2,55.5,False,True,False,False
56.38,2,53.9,50.3,56.5,55.9,60.3,56.6,52.2,56.9,52.8,68.4,True,False,False,False
58.65,2,52.9,50.3,67.0,59.9,64.4,61.2,55.3,57.2,52.7,66.7,False,False,False,False
64.39,3,72.1,78.0,78.9,66.4,68.5,78.1,78.4,60.9,74.1,64.5,False,False,False,False
88.67,0,77.0,87.4,98.1,71.4,100.0,64.6,99.2,96.1,98.3,77.7,False,False,False,True
70.23,3,71.2,62.0,75.4,75.4,72.5,66.7,72.7,65.6,63.4,77.3,True,False,False,False
69.32,3,66.0,64.5,64.5,73.8,76.8,64.6,68.7,70.8,62.3,75.0,False,False,False,False
53.24,1,50.1,54.2,64.5,53.5,51.4,50.6,53.2,54.6,56.4,50.1,False,False,True,False
53.79,1,55.9,55.7,51.6,52.8,57.4,64.6,50.0,51.0,56.3,53.6,True,False,False,False
59.74,2,53.0,60.9,61.5,66.2,55.4,61.8,53.6,65.1,66.0,54.0,False,False,False,False
89.02,0,89.4,95.0,89.2,98.1,75.2,64.6,71.5,97.1,64.7,95.7,True,False,False,False
60.14,2,56.4,54.5,55.5,62.2,64.4,67.5,64.5,55.6,59.5,61.6,False,False,False,True
87.52,0,64.4,81.5,82.9,89.1,92.5,89.2,99.5,74.4,91.9,80.0,False,False,False,False
54.18,1,55.4,51.4,64.5,51.5,54.8,57.4,50.8,57.2,56.9,55.8,False,True,False,False
69.83,3,63.4,71.6,61.7,75.8,73.8,74.0,76.4,64.8,62.2,66.4,False,False,True,False
55.67,1,64.4,56.0,50.3,50.7,53.8,64.6,58.0,57.4,58.8,55.8,True,False,False,False
64.39,0,85.3,82.9,64.5,93.5,71.3,96.2,86.3,75.0,89.6,64.5,True,False,False,False
69.39,3,76.6,73.4,60.6,63.4,67.1,67.8,66.3,78.7,64.9,75.2,True,False,False,False
53.21,1,50.6,55.3,50.3,56.3,51.5,50.8,54.9,54.4,64.7,51.5,False,False,False,True
64.39,3,78.9,65.0,64.5,64.3,77.7,73.2,71.1,60.0,62.4,73.2,False,False,True,False
85.95,0,73.0,85.1,64.5,91.1,64.4,90.2,83.6,72.7,90.7,95.4,False,True,False,False
70.31,3,64.4,64.5,63.7,66.3,71.1,74.2,70.0,72.4,77.8,70.6,True,False,False,False
69.71,3,64.4,61.2,72.8,62.0,69.8,71.4,70.9,78.9,69.8,76.3,False,False,False,False
58.41,2,62.1,59.7,64.5,51.6,60.2,55.2,66.9,62.4,61.5,51.4,False,False,False,True
59.94,2,65.0,64.7,61.3,63.7,54.0,53.0,55.2,63.1,50.8,68.6,False,False,True,False
84.58,0,87.7,99.2,82.6,99.2,71.8,79.1,64.5,78.5,72.2,88.8,True,False,False,False
58.82,2,65.1,56.2,61.9,51.4,56.6,57.1,55.6,65.8,55.7,62.8,True,False,False,False
64.39,2,65.1,57.0,57.9,62.9,60.1,62.8,59.1,64.8,59.8,68.2,True,False,False,False
58.14,2,62.9,56.2,54.9,68.2,64.4,51.4,55.2,61.9,60.2,50.8,False,False,True,False
53.45,1,55.1,64.5,50.2,51.0,64.4,53.1,50.5,58.8,55.7,53.4,False,False,False,True
60.75,2,66.0,65.3,64.0,52.6,61.2,64.6,66.3,61.5,66.7,53.2,False,False,False,True
55.74,1,58.0,64.5,50.7,57.1,58.0,55.9,54.3,56.4,52.7,56.0,False,True,False,False
81.93,0,70.7,88.4,78.6,97.6,64.4,95.3,64.5,82.2,76.9,74.7,False,False,True,False
67.6,3,77.7,68.8,64.5,74.2,74.3,65.2,60.2,62.4,64.2,66.5,False,False,False,True
81.24,0,98.1,70.9,70.6,89.8,82.7,73.6,80.9,70.3,78.3,97.2,False,False,False,False
68.65,3,76.1,73.3,66.5,71.6,66.6,70.5,60.3,62.7,76.6,62.3,False,False,False,False
86.15,0,81.4,79.5,72.1,88.9,99.9,91.8,89.0,70.4,99.9,88.7,True,False,False,False
60.36,2,65.7,58.7,50.4,68.5,62.8,68.6,65.7,52.4,59.4,64.5,True,False,False,False
55.15,1,56.6,64.5,52.5,56.2,52.6,57.2,52.9,55.4,57.4,54.3,False,False,True,False
67.83,3,64.9,66.5,61.0,66.4,71.7,61.5,77.5,71.4,67.9,69.5,False,False,False,False
85.45,0,83.9,64.5,64.5,78.5,64.4,72.8,73.6,90.6,99.4,64.5,True,False,False,False
59.36,2,59.1,64.5,58.6,57.4,67.9,53.9,59.3,65.4,59.9,55.0,False,False,True,False
87.11,0,70.7,97.9,85.5,85.6,86.3,98.2,81.1,89.1,79.8,64.5,False,False,False,True
60.27,2,52.7,66.6,65.6,54.8,64.2,62.6,58.7,67.7,50.9,58.8,False,False,False,True
69.05,3,63.4,72.2,78.1,74.8,60.3,62.1,63.5,68.8,72.6,74.7,False,True,False,False
72.27,3,67.9,78.3,68.8,70.5,66.0,75.7,77.3,65.2,75.4,77.6,False,False,False,False
84.89,0,96.6,80.1,81.8,96.4,83.3,77.8,86.9,78.7,64.7,73.2,True,False,False,False
53.1,1,52.8,52.6,50.3,53.8,55.0,64.6,53.7,53.4,57.5,50.3,False,True,False,False
83.62,0,72.8,79.4,94.0,99.1,86.0,85.0,81.4,73.2,71.4,93.9,False,False,False,False
87.17,0,87.8,91.7,96.8,94.2,81.3,74.1,85.3,64.8,96.0,82.1,False,False,True,False
69.53,3,64.4,72.8,73.6,68.8,68.2,70.0,62.2,68.5,61.2,75.0,False,False,True,False
69.78,3,65.3,71.4,73.3,72.6,62.6,76.7,62.5,65.0,76.0,72.4,False,False,False,True
61.87,2,57.1,54.8,68.9,64.3,64.4,67.8,56.8,62.6,62.9,68.3,True,False,False,False
64.39,2,64.4,58.5,62.4,63.4,51.2,50.8,56.2,53.1,52.8,51.5,False,False,False,False
53.44,1,52.1,57.3,58.3,51.3,64.4,53.2,56.4,50.4,50.8,53.9,False,True,False,False
54.15,1,57.2,54.4,50.2,64.3,64.4,52.3,52.0,54.8,55.4,56.0,True,False,False,False
54.67,1,53.0,52.7,57.5,50.6,64.4,57.3,58.8,52.4,64.7,57.5,False,True,False,False
58.34,2,56.9,65.7,52.0,58.3,53.3,58.3,52.3,64.5,55.5,66.8,False,True,False,False
58.05,2,53.5,61.3,64.5,65.3,50.7,57.1,58.7,55.4,62.3,55.1,False,False,False,False
83.09,0,82.4,92.0,78.7,73.8,80.4,89.6,85.5,82.3,77.4,88.8,False,False,True,False
59.94,2,64.6,67.5,52.0,62.1,64.4,62.7,60.9,58.9,53.9,52.8,False,False,True,False
60.88,2,67.8,64.5,60.1,53.8,60.7,66.5,63.5,64.8,61.9,60.2,True,False,False,False
52.88,1,50.2,53.2,50.1,64.3,50.6,56.7,52.9,56.7,52.3,53.9,False,True,False,False
83.39,0,85.4,93.1,82.0,99.9,88.0,71.8,86.0,82.7,71.5,73.4,False,True,False,False
58.89,2,50.3,65.5,56.6,65.4,53.5,66.4,51.8,57.0,62.9,59.4,False,True,False,False
55.04,1,54.9,56.9,53.7,53.9,56.4,55.5,57.6,64.8,50.8,57.2,True,False,False,False
67.81,3,68.0,64.4,78.2,72.1,76.9,67.7,61.4,60.9,63.2,65.4,False,True,False,False
67.93,3,74.7,64.5,69.4,60.5,62.1,72.3,71.3,67.3,68.9,60.2,False,False,False,False
54.14,1,53.3,58.2,55.6,56.7,55.0,55.4,51.7,53.0,50.1,64.5,False,True,False,False
55.88,2,50.2,50.8,53.9,51.5,60.0,51.0,53.1,63.5,62.0,62.9,False,True,False,False
64.39,3,77.9,66.9,64.5,60.9,69.2,68.6,60.9,64.0,64.7,77.2,True,False,False,False
62.33,2,66.4,59.8,63.4,59.9,61.0,60.0,67.4,62.5,55.2,67.6,False,False,True,False
83.73,0,77.1,64.5,73.5,70.5,83.3,97.1,99.6,64.8,73.7,90.0,False,False,False,True
68.5,3,66.0,64.5,67.9,72.7,74.6,67.0,68.6,73.6,69.7,60.3,False,False,False,True
67.88,3,76.1,62.2,62.5,71.0,78.6,65.1,68.8,67.9,63.1,64.5,False,False,False,False
78.87,0,94.3,72.1,71.2,72.4,75.6,72.7,78.2,85.2,92.6,74.3,False,False,False,False
59.77,2,51.3,64.5,58.5,61.7,68.7,52.2,52.9,64.8,56.9,68.3,False,False,False,True
58.44,2,56.8,63.4,64.8,64.3,62.8,50.8,51.1,53.3,50.2,67.1,False,False,True,False
53.06,1,55.0,53.4,53.7,53.3,50.1,50.6,55.6,53.0,53.7,64.5,True,False,False,False
85.85,0,79.3,97.5,75.3,96.3,84.7,81.7,81.6,90.3,81.3,90.7,False,False,False,False
64.39,2,64.4,56.2,64.5,57.5,64.4,54.7,55.2,56.3,51.6,57.6,False,False,False,False
61.11,2,53.2,62.2,66.4,50.1,67.4,64.6,50.8,68.2,62.7,66.0,False,False,False,True
53.64,1,52.4,58.1,53.4,54.1,50.3,56.1,64.5,50.9,54.3,64.5,False,False,False,True
58.61,2,52.5,64.4,50.6,61.0,54.8,64.0,57.7,63.0,66.7,51.4,False,True,False,False
69.76,3,65.6,66.8,78.5,75.7,62.6,62.6,73.4,78.4,64.4,69.4,False,False,False,False
92.61,0,89.6,72.5,91.0,88.3,96.8,99.2,97.3,64.8,97.7,95.2,False,True,False,False
53.59,1,50.8,50.1,51.6,56.2,64.4,64.6,53.6,56.4,51.0,56.8,False,True,False,False
82.83,0,77.2,83.1,83.1,71.0,98.2,76.7,77.9,85.3,89.8,86.0,False,False,True,False
57.32,2,51.5,61.7,62.4,52.2,56.9,64.6,59.8,64.8,51.4,58.8,False,True,False,False
52.92,1,54.1,50.6,51.1,64.3,64.4,56.7,53.3,50.5,54.5,54.9,True,False,False,False
64.39,2,57.9,61.2,54.8,64.3,56.5,69.0,51.3,61.8,52.3,65.2,True,False,False,False
58.22,2,60.4,62.7,53.4,53.2,64.4,60.0,55.7,62.3,55.7,56.6,False,True,False,False
88.67,0,64.4,90.2,92.5,73.9,64.4,64.6,90.2,93.6,96.0,97.2,True,False,False,False
69.93,3,61.9,72.3,69.6,64.3,68.7,70.6,64.5,64.8,74.8,69.9,True,False,False,False
58.95,2,63.0,60.2,65.6,52.0,64.7,52.0,63.9,58.1,54.3,55.7,False,False,False,False
55.92,1,54.3,64.5,58.0,55.5,58.3,55.7,54.6,53.2,54.5,56.7,False,False,True,False
59.22,2,64.4,50.2,52.5,65.7,60.2,51.2,53.7,59.4,67.3,67.5,True,False,False,False
84.69,0,91.9,93.1,81.0,71.7,89.1,79.8,93.4,75.3,99.8,71.9,False,False,False,False
59.32,2,54.0,66.9,50.0,64.9,64.6,57.3,63.8,54.8,62.9,54.1,True,False,False,False
83.48,0,95.5,96.3,74.0,72.0,89.3,95.2,78.2,64.8,76.2,71.4,True,False,False,False
71.12,3,71.4,64.5,64.5,70.1,67.3,78.7,64.5,70.9,70.0,72.6,True,False,False,False
54.9,1,52.7,58.8,64.5,64.3,64.4,57.6,53.6,52.4,64.7,51.0,True,False,False,False
61.49,2,66.1,64.5,52.6,63.9,57.5,58.9,59.0,66.1,66.0,60.4,False,False,False,True
55.51,1,56.0,64.5,53.0,55.5,52.3,59.0,57.5,56.3,55.0,59.0,False,False,True,False
54.26,1,56.4,55.1,53.2,55.4,57.7,51.8,52.7,54.8,50.8,54.6,False,False,True,False
70.67,3,78.7,76.3,70.0,65.1,66.3,64.6,77.4,68.5,70.6,60.4,False,False,False,True
53.82,1,50.5,52.7,57.4,51.3,55.7,53.5,56.3,57.3,50.1,53.3,True,False,False,False
85.53,0,80.7,73.7,82.0,79.7,93.6,93.7,79.3,86.1,94.3,92.3,False,True,False,False
56.72,2,50.9,54.4,53.6,63.6,64.4,62.7,64.5,56.5,66.7,53.5,False,False,True,False
68.34,3,71.3,72.6,61.4,62.2,62.8,71.7,78.7,60.9,69.2,72.6,False,False,True,False
54.1,1,54.5,64.5,64.5,52.2,51.0,50.1,51.0,59.0,57.9,50.8,True,False,False,False
60.5,2,56.4,54.4,67.7,60.9,65.6,50.1,62.0,68.0,62.2,57.8,False,True,False,False
70.79,3,78.1,74.1,72.6,74.6,65.1,70.4,67.3,60.8,71.9,73.0,False,False,False,False
59.37,2,64.9,59.2,64.5,64.7,51.6,55.1,62.7,66.4,53.5,64.5,False,False,False,False
69.96,3,64.4,65.0,75.6,64.3,73.9,66.3,77.9,65.0,71.8,67.7,False,True,False,False
60.47,2,53.9,68.6,53.2,61.8,60.8,57.7,68.4,52.4,61.6,66.4,True,False,False,False
87.96,0,98.1,81.7,86.2,64.3,72.1,98.0,91.9,81.4,94.3,77.7,False,False,True,False
60.48,2,66.5,58.3,59.8,64.3,64.4,64.1,64.5,57.5,62.5,57.3,False,True,False,False
59.34,2,64.9,68.1,61.9,65.6,64.4,58.0,52.7,60.7,50.4,57.0,True,False,False,False
59.05,2,64.4,58.0,65.3,51.6,61.4,62.5,53.3,68.6,52.6,53.2,False,False,False,True
54.22,1,51.2,57.6,54.3,54.3,51.4,58.2,56.4,57.5,50.3,51.0,False,False,False,True
64.39,3,66.3,70.9,67.5,70.4,72.7,64.6,60.6,69.7,67.0,63.2,False,False,False,True
83.34,0,75.3,84.6,71.1,64.3,96.2,93.5,74.4,77.1,64.7,93.6,False,True,False,False
58.4,2,64.3,59.9,52.2,51.3,60.1,64.6,55.2,62.2,62.2,65.6,False,False,True,False
67.56,3,69.0,66.6,70.7,67.6,61.7,71.6,63.9,61.0,71.2,72.3,False,False,False,True
53.25,1,54.9,50.2,57.0,52.4,56.4,64.6,57.2,50.8,50.5,51.3,False,False,False,True
78.78,0,64.4,71.1,64.5,88.8,80.5,73.5,90.2,81.1,81.3,70.8,False,False,True,False
86.65,0,84.7,72.9,99.7,64.3,64.4,98.6,83.9,80.9,93.8,92.8,False,False,False,True
61.85,2,57.5,62.7,59.2,65.0,55.6,64.6,67.3,68.1,56.3,59.3,False,False,False,True
59.65,2,54.1,67.4,52.4,63.7,63.6,57.6,54.8,52.8,65.6,64.5,False,False,True,False
64.39,1,53.2,51.9,56.3,64.3,50.0,53.5,56.3,53.7,54.4,54.9,True,False,False,False
52.68,1,51.2,55.7,53.6,53.5,51.2,51.9,51.4,55.1,50.5,64.5,False,False,True,False
56.89,2,57.7,55.0,53.8,52.9,56.7,54.2,53.3,57.8,68.7,58.7,False,False,False,False
69.48,3,73.7,74.1,70.9,67.1,76.9,63.4,68.9,62.9,73.6,63.4,False,False,True,False
68.83,3,64.3,75.3,64.5,73.6,64.4,71.3,67.3,62.8,78.3,71.6,False,True,False,False
54.66,1,55.6,52.1,51.2,55.8,50.9,64.6,58.6,54.3,54.8,57.9,True,False,False,False
90.55,0,95.1,64.5,82.0,81.2,89.3,99.2,99.7,79.9,85.9,99.0,True,False,False,False
53.29,1,51.1,52.6,54.7,53.1,51.5,53.9,53.5,52.5,55.6,54.2,True,False,False,False
53.7,1,51.1,50.4,64.5,55.0,54.4,56.6,51.7,53.2,57.6,54.1,False,False,False,False
59.53,2,51.1,64.5,51.5,68.0,55.3,68.7,59.8,61.9,66.4,55.9,False,False,False,True
55.2,1,57.9,56.5,50.1,54.9,58.2,55.6,50.3,54.1,58.1,56.2,True,False,False,False
59.36,2,55.1,64.5,67.5,52.9,67.1,67.6,55.2,55.4,58.5,57.6,False,False,False,True
64.39,1,50.6,57.5,56.3,64.3,53.5,51.6,64.5,57.0,57.1,64.5,True,False,False,False
83.76,0,73.5,90.0,76.6,75.0,64.4,81.1,97.4,82.9,98.0,78.5,False,False,False,False
54.4,1,54.2,64.5,52.6,53.9,58.1,64.6,56.9,50.3,51.7,58.8,False,False,False,True
64.39,1,52.0,51.0,52.9,57.4,56.7,58.1,55.3,64.8,56.3,56.4,True,False,False,False
83.0,0,73.9,75.1,77.4,70.5,81.7,64.6,80.7,90.1,98.0,83.1,False,False,True,False
70.5,3,65.7,64.5,75.2,64.3,75.5,67.9,70.9,68.8,78.7,75.2,False,False,True,False
64.39,0,78.8,75.1,82.2,76.6,77.5,89.2,95.2,64.8,84.6,95.9,False,False,True,False
60.41,2,54.6,64.6,56.4,61.1,53.8,66.5,56.5,68.1,67.2,55.3,False,False,True,False
57.99,2,52.6,57.0,64.5,61.7,52.0,58.4,56.2,66.5,52.8,67.2,False,False,True,False
54.38,1,55.4,55.0,56.6,50.7,64.4,55.8,52.7,58.2,58.6,50.5,False,False,True,False
54.24,1,58.6,52.0,58.7,64.3,52.5,64.6,55.9,51.2,54.1,55.1,False,False,False,False
66.27,3,63.6,70.1,60.4,62.1,70.3,66.1,76.6,62.5,66.4,64.5,False,False,False,False
87.5,0,76.0,76.0,94.9,88.2,91.2,94.7,84.7,83.6,85.9,99.8,False,True,False,False
64.39,3,77.9,71.3,64.4,68.2,62.8,78.5,63.3,61.8,72.5,75.7,False,False,False,False
53.07,1,53.2,53.7,50.8,53.1,53.2,57.9,53.3,51.1,53.7,50.7,True,False,False,False
68.59,3,70.2,63.3,76.8,60.1,78.9,69.4,64.5,61.5,60.9,78.6,False,False,True,False
83.79,0,64.4,92.1,96.5,77.9,74.6,70.9,80.0,94.9,95.3,76.4,False,False,True,False
67.97,3,75.6,64.7,72.3,61.2,64.4,64.6,62.7,71.1,75.7,60.6,False,False,True,False
54.38,1,55.3,54.7,52.5,59.0,52.1,64.6,50.8,50.9,55.6,56.7,True,False,False,False
88.74,0,75.7,95.3,74.0,93.6,94.1,97.0,97.6,96.5,92.2,71.3,False,False,False,True
54.83,1,58.6,64.5,64.5,52.9,64.4,52.8,58.0,64.8,56.4,59.0,False,False,True,False
62.59,2,59.5,66.7,57.1,62.6,62.5,53.9,58.6,67.4,68.7,68.8,True,False,False,False
59.75,2,65.6,55.5,63.2,50.9,64.4,60.7,64.5,56.5,64.7,68.2,False,False,True,False
58.05,2,64.4,53.9,52.1,53.2,53.3,64.6,64.4,54.5,68.7,63.9,False,False,False,False
54.68,1,54.4,52.8,55.6,55.2,54.2,64.6,58.1,59.0,51.9,54.3,False,False,False,True
59.89,2,55.2,57.1,64.5,67.9,64.4,59.5,54.8,53.7,64.5,65.4,False,False,True,False
70.88,3,74.9,64.5,70.2,74.3,73.2,72.7,64.7,70.4,65.3,74.3,True,False,False,False
64.39,1,52.8,58.6,51.0,57.0,53.2,64.6,51.1,58.5,64.7,51.1,False,False,True,False
53.93,1,51.3,50.9,52.5,54.4,52.3,56.5,50.7,55.4,58.0,57.3,False,False,True,False
64.39,1,57.5,50.8,51.9,57.3,52.6,52.3,53.9,53.7,58.4,56.7,False,False,False,False
59.11,2,64.4,57.7,54.9,64.3,55.3,58.2,66.1,61.1,62.1,55.1,True,False,False,False
53.59,1,57.0,58.1,56.9,56.4,51.7,50.5,53.6,50.7,50.6,50.5,True,False,False,False
70.93,3,64.4,71.7,62.1,71.1,78.1,69.9,76.6,70.4,63.4,77.1,False,True,False,False
70.93,3,73.8,75.3,64.5,73.3,74.1,66.6,69.5,64.8,70.9,78.5,False,False,False,False
87.82,0,73.7,91.8,80.0,97.7,95.3,83.5,82.2,89.2,94.9,89.8,False,False,True,False
90.29,0,98.4,98.7,98.0,89.0,91.0,88.5,73.8,64.8,88.7,96.6,False,True,False,False
54.84,1,58.0,58.0,57.6,51.8,54.5,53.3,58.2,52.1,52.7,52.5,False,False,True,False
84.9,0,64.4,74.4,88.6,88.9,88.8,89.9,84.3,72.6,80.6,93.9,False,False,True,False
66.78,3,75.1,62.2,63.4,63.9,67.3,66.3,68.3,65.5,69.1,66.6,False,False,False,True
64.74,3,64.9,63.8,62.1,73.0,64.7,64.6,62.0,65.5,64.4,64.5,False,False,False,False
71.73,3,66.2,68.5,69.3,76.7,73.2,79.0,67.4,66.2,73.9,77.0,True,False,False,False
64.39,0,64.4,92.2,75.9,87.6,78.5,83.2,70.1,96.7,73.5,83.1,True,False,False,False
54.16,1,50.5,57.2,53.8,57.6,51.4,57.4,64.5,58.1,51.7,51.1,False,False,True,False
72.03,3,73.7,78.6,63.7,78.0,64.4,60.9,76.6,74.7,68.6,78.9,True,False,False,False
87.1,0,83.3,78.7,98.1,71.1,91.8,64.6,96.6,96.0,92.8,85.5,False,False,False,True
54.31,1,58.3,51.1,56.6,57.1,51.3,57.1,51.7,64.8,52.3,55.3,False,False,True,False
73.21,3,64.4,76.1,61.9,64.3,65.5,77.4,77.6,77.2,65.0,78.3,False,True,False,False
53.57,1,53.3,58.3,51.3,58.0,64.4,50.4,51.1,51.7,52.7,53.0,True,False,False,False
55.39,1,55.3,64.5,55.6,53.3,58.6,55.1,57.4,56.7,52.3,51.6,False,False,True,False
56.77,2,65.9,67.0,55.3,51.4,56.2,50.1,55.1,60.7,55.3,50.6,False,False,True,False
66.14,3,61.7,69.9,60.9,74.7,73.5,63.6,63.3,64.8,66.5,60.6,False,False,False,False
71.78,3,71.2,68.9,77.1,74.6,75.5,73.9,64.5,69.7,68.7,64.5,False,True,False,False
64.39,0,80.7,95.1,74.5,95.3,84.7,92.2,83.6,85.0,80.8,99.5,False,False,False,False
56.96,2,57.3,58.0,54.8,51.3,56.2,61.5,50.8,58.1,58.8,62.7,False,True,False,False
64.39,2,56.7,67.5,56.0,63.8,64.4,53.9,64.5,68.2,64.7,63.3,False,False,True,False
64.39,2,58.0,64.5,60.1,62.4,52.2,51.5,52.1,64.0,67.7,60.6,False,False,False,False
85.23,0,64.4,72.9,73.5,82.4,97.4,78.2,93.0,96.2,74.0,84.9,False,False,False,True
57.96,2,52.1,65.3,51.7,50.1,64.4,68.3,55.7,54.9,56.9,64.5,False,False,True,False
83.17,0,98.9,73.0,87.4,92.1,71.3,95.7,84.6,80.4,73.7,74.7,True,False,False,False
89.67,0,90.7,87.0,77.8,84.6,64.4,97.7,85.8,82.5,93.2,64.5,False,False,True,False
53.65,1,50.1,56.3,50.2,56.6,52.3,51.9,64.5,55.5,55.1,54.9,False,True,False,False
59.49,2,64.4,65.6,56.6,50.4,62.1,64.6,53.3,62.8,63.9,51.4,False,False,True,False
67.31,3,63.8,60.7,64.1,67.5,72.3,68.7,68.3,76.9,60.0,70.6,False,False,False,False
86.83,0,84.6,64.5,64.5,93.9,78.1,80.6,94.2,95.7,80.6,79.8,False,True,False,False
57.57,2,53.7,58.9,55.6,56.8,53.9,59.4,57.2,62.6,64.7,61.8,False,False,False,True
62.63,2,60.4,59.5,56.0,64.3,66.8,53.0,64.4,64.6,68.1,66.9,False,False,True,False
57.7,2,64.3,53.1,63.1,50.5,50.7,53.5,58.1,64.8,66.3,65.4,True,False,False,False
57.14,2,58.7,63.2,54.8,51.3,68.0,60.3,52.6,55.9,50.3,56.2,False,True,False,False
78.94,0,90.4,72.3,76.9,85.2,79.6,82.7,77.5,78.4,73.2,73.2,False,True,False,False
60.72,2,62.8,68.1,64.7,58.6,62.2,64.6,64.0,62.7,64.7,50.8,True,False,False,False
